2026-05-08 21:08:57-0400 | ETH WS connected
2026-05-08 21:08:57-0400 | ETH 🟡 Boot mid-session (KXETH15M-26MAY082115-15) — skipping until next clean session
2026-05-08 21:08:58-0400 | ETH WS re-subscribed to KXETH15M-26MAY082115-15
2026-05-08 21:08:58-0400 | ETH WS subscribed: channel=ticker sid=1
2026-05-08 21:08:58-0400 | ETH WS subscribed: channel=orderbook_delta sid=2
2026-05-08 21:15:27-0400 | ETH New session (KXETH15M-26MAY082130-30)
2026-05-08 21:15:27-0400 | ETH WS re-subscribed to KXETH15M-26MAY082130-30
2026-05-08 21:15:27-0400 | ETH WS subscribed: channel=orderbook_delta sid=3
2026-05-08 21:30:30-0400 | ETH New session (KXETH15M-26MAY082145-45)
2026-05-08 21:30:31-0400 | ETH WS re-subscribed to KXETH15M-26MAY082145-45
2026-05-08 21:30:31-0400 | ETH WS subscribed: channel=orderbook_delta sid=4
2026-05-08 21:36:54-0400 | ETH 📊 PAPER entry UP @ 0.97 size=40
2026-05-08 21:45:04-0400 | ETH New session (KXETH15M-26MAY082200-00)
2026-05-08 21:45:04-0400 | ETH WS re-subscribed to KXETH15M-26MAY082200-00
2026-05-08 21:45:04-0400 | ETH WS subscribed: channel=orderbook_delta sid=5
2026-05-08 21:45:16-0400 | ETH 📊 PAPER UP → ✓ win ($1.2)
2026-05-08 22:00:08-0400 | ETH New session (KXETH15M-26MAY082215-15)
2026-05-08 22:00:09-0400 | ETH WS re-subscribed to KXETH15M-26MAY082215-15
2026-05-08 22:00:09-0400 | ETH WS subscribed: channel=orderbook_delta sid=6
2026-05-08 22:15:12-0400 | ETH New session (KXETH15M-26MAY082230-30)
2026-05-08 22:15:13-0400 | ETH WS re-subscribed to KXETH15M-26MAY082230-30
2026-05-08 22:15:13-0400 | ETH WS subscribed: channel=orderbook_delta sid=7
2026-05-08 22:30:16-0400 | ETH New session (KXETH15M-26MAY082245-45)
2026-05-08 22:30:17-0400 | ETH WS re-subscribed to KXETH15M-26MAY082245-45
2026-05-08 22:30:17-0400 | ETH WS subscribed: channel=orderbook_delta sid=8
2026-05-08 22:45:20-0400 | ETH New session (KXETH15M-26MAY082300-00)
2026-05-08 22:45:21-0400 | ETH WS re-subscribed to KXETH15M-26MAY082300-00
2026-05-08 22:45:21-0400 | ETH WS subscribed: channel=orderbook_delta sid=9
2026-05-08 23:00:24-0400 | ETH New session (KXETH15M-26MAY082315-15)
2026-05-08 23:00:24-0400 | ETH WS re-subscribed to KXETH15M-26MAY082315-15
2026-05-08 23:00:24-0400 | ETH WS subscribed: channel=orderbook_delta sid=10
2026-05-08 23:15:28-0400 | ETH New session (KXETH15M-26MAY082330-30)
2026-05-08 23:15:28-0400 | ETH WS re-subscribed to KXETH15M-26MAY082330-30
2026-05-08 23:15:28-0400 | ETH WS subscribed: channel=orderbook_delta sid=11
2026-05-08 23:30:02-0400 | ETH New session (KXETH15M-26MAY082345-45)
2026-05-08 23:30:02-0400 | ETH WS re-subscribed to KXETH15M-26MAY082345-45
2026-05-08 23:30:02-0400 | ETH WS subscribed: channel=orderbook_delta sid=12
2026-05-08 23:45:05-0400 | ETH New session (KXETH15M-26MAY090000-00)
2026-05-08 23:45:06-0400 | ETH WS re-subscribed to KXETH15M-26MAY090000-00
2026-05-08 23:45:06-0400 | ETH WS subscribed: channel=orderbook_delta sid=13
2026-05-08 23:57:50-0400 | ETH 📊 PAPER entry UP @ 0.98 size=40
2026-05-09 00:00:09-0400 | ETH New session (KXETH15M-26MAY090015-15)
2026-05-09 00:00:10-0400 | ETH WS re-subscribed to KXETH15M-26MAY090015-15
2026-05-09 00:00:10-0400 | ETH WS subscribed: channel=orderbook_delta sid=14
2026-05-09 00:00:15-0400 | ETH 📊 PAPER UP → ✓ win ($0.8)
2026-05-09 00:07:18-0400 | ETH 📊 PAPER entry UP @ 0.98 size=40
2026-05-09 00:15:14-0400 | ETH New session (KXETH15M-26MAY090030-30)
2026-05-09 00:15:14-0400 | ETH WS re-subscribed to KXETH15M-26MAY090030-30
2026-05-09 00:15:14-0400 | ETH WS subscribed: channel=orderbook_delta sid=15
2026-05-09 00:15:14-0400 | ETH 📊 PAPER UP → ✓ win ($0.8)
2026-05-09 00:30:19-0400 | ETH New session (KXETH15M-26MAY090045-45)
2026-05-09 00:30:19-0400 | ETH WS re-subscribed to KXETH15M-26MAY090045-45
2026-05-09 00:30:19-0400 | ETH WS subscribed: channel=orderbook_delta sid=16
2026-05-09 00:45:23-0400 | ETH New session (KXETH15M-26MAY090100-00)
2026-05-09 00:45:23-0400 | ETH WS re-subscribed to KXETH15M-26MAY090100-00
2026-05-09 00:45:23-0400 | ETH WS subscribed: channel=orderbook_delta sid=17
2026-05-09 01:00:26-0400 | ETH New session (KXETH15M-26MAY090115-15)
2026-05-09 01:00:27-0400 | ETH WS re-subscribed to KXETH15M-26MAY090115-15
2026-05-09 01:00:27-0400 | ETH WS subscribed: channel=orderbook_delta sid=18
2026-05-09 01:11:03-0400 | ETH WS disconnected (sent 1011 (internal error) keepalive ping timeout; no close frame received) — retry in 1s
2026-05-09 01:11:06-0400 | ETH WS connected
2026-05-09 01:11:06-0400 | ETH WS subscribed to KXETH15M-26MAY090115-15 (ticker + orderbook_delta)
2026-05-09 01:11:06-0400 | ETH WS subscribed: channel=ticker sid=1
2026-05-09 01:11:06-0400 | ETH WS subscribed: channel=orderbook_delta sid=2
2026-05-09 01:13:01-0400 | ETH 📊 PAPER entry UP @ 0.98 size=40
2026-05-09 01:15:30-0400 | ETH ⚠ Strike fallback for KXETH15M-26MAY090130-30: proxy=$2,313.76 (Kalshi floor_strike not yet published; using current BTC composite as BRTI baseline)
2026-05-09 01:15:30-0400 | ETH New session (KXETH15M-26MAY090130-30)
2026-05-09 01:15:30-0400 | ETH WS re-subscribed to KXETH15M-26MAY090130-30
2026-05-09 01:15:30-0400 | ETH WS subscribed: channel=orderbook_delta sid=3
2026-05-09 01:17:33-0400 | ETH 📊 PAPER UP → ✓ win ($0.8)
2026-05-09 01:25:26-0400 | ETH 📊 PAPER entry UP @ 0.98 size=40
2026-05-09 01:30:06-0400 | ETH New session (KXETH15M-26MAY090145-45)
2026-05-09 01:30:06-0400 | ETH WS re-subscribed to KXETH15M-26MAY090145-45
2026-05-09 01:30:06-0400 | ETH WS subscribed: channel=orderbook_delta sid=4
2026-05-09 01:30:11-0400 | ETH 📊 PAPER UP → ✓ win ($0.9)
2026-05-09 01:41:41-0400 | ETH 📊 PAPER entry UP @ 0.98 size=40
2026-05-09 01:45:11-0400 | ETH New session (KXETH15M-26MAY090200-00)
2026-05-09 01:45:11-0400 | ETH WS re-subscribed to KXETH15M-26MAY090200-00
2026-05-09 01:45:11-0400 | ETH WS subscribed: channel=orderbook_delta sid=5
2026-05-09 01:45:12-0400 | ETH 📊 PAPER UP → ✓ win ($0.8)
2026-05-09 02:00:15-0400 | ETH New session (KXETH15M-26MAY090215-15)
2026-05-09 02:00:16-0400 | ETH WS re-subscribed to KXETH15M-26MAY090215-15
2026-05-09 02:00:16-0400 | ETH WS subscribed: channel=orderbook_delta sid=6
2026-05-09 02:15:19-0400 | ETH New session (KXETH15M-26MAY090230-30)
2026-05-09 02:15:20-0400 | ETH WS re-subscribed to KXETH15M-26MAY090230-30
2026-05-09 02:15:20-0400 | ETH WS subscribed: channel=orderbook_delta sid=7
2026-05-09 02:30:23-0400 | ETH New session (KXETH15M-26MAY090245-45)
2026-05-09 02:30:23-0400 | ETH WS re-subscribed to KXETH15M-26MAY090245-45
2026-05-09 02:30:23-0400 | ETH WS subscribed: channel=orderbook_delta sid=8
2026-05-09 02:45:26-0400 | ETH New session (KXETH15M-26MAY090300-00)
2026-05-09 02:45:26-0400 | ETH WS re-subscribed to KXETH15M-26MAY090300-00
2026-05-09 02:45:26-0400 | ETH WS subscribed: channel=orderbook_delta sid=9
2026-05-09 03:00:29-0400 | ETH New session (KXETH15M-26MAY090315-15)
2026-05-09 03:00:30-0400 | ETH WS re-subscribed to KXETH15M-26MAY090315-15
2026-05-09 03:00:30-0400 | ETH WS subscribed: channel=orderbook_delta sid=10
2026-05-09 03:15:04-0400 | ETH New session (KXETH15M-26MAY090330-30)
2026-05-09 03:15:04-0400 | ETH WS re-subscribed to KXETH15M-26MAY090330-30
2026-05-09 03:15:04-0400 | ETH WS subscribed: channel=orderbook_delta sid=11
2026-05-09 03:23:48-0400 | ETH 📊 PAPER entry UP @ 0.98 size=40
2026-05-09 03:30:08-0400 | ETH New session (KXETH15M-26MAY090345-45)
2026-05-09 03:30:08-0400 | ETH WS re-subscribed to KXETH15M-26MAY090345-45
2026-05-09 03:30:08-0400 | ETH WS subscribed: channel=orderbook_delta sid=12
2026-05-09 03:30:12-0400 | ETH 📊 PAPER UP → ✓ win ($0.8)
2026-05-09 03:45:13-0400 | ETH New session (KXETH15M-26MAY090400-00)
2026-05-09 03:45:14-0400 | ETH WS re-subscribed to KXETH15M-26MAY090400-00
2026-05-09 03:45:14-0400 | ETH WS subscribed: channel=orderbook_delta sid=13
2026-05-09 04:00:18-0400 | ETH New session (KXETH15M-26MAY090415-15)
2026-05-09 04:00:19-0400 | ETH WS re-subscribed to KXETH15M-26MAY090415-15
2026-05-09 04:00:19-0400 | ETH WS subscribed: channel=orderbook_delta sid=14
2026-05-09 04:15:20-0400 | ETH New session (KXETH15M-26MAY090430-30)
2026-05-09 04:15:21-0400 | ETH WS re-subscribed to KXETH15M-26MAY090430-30
2026-05-09 04:15:21-0400 | ETH WS subscribed: channel=orderbook_delta sid=15
2026-05-09 04:30:24-0400 | ETH New session (KXETH15M-26MAY090445-45)
2026-05-09 04:30:24-0400 | ETH WS re-subscribed to KXETH15M-26MAY090445-45
2026-05-09 04:30:24-0400 | ETH WS subscribed: channel=orderbook_delta sid=16
2026-05-09 04:45:27-0400 | ETH New session (KXETH15M-26MAY090500-00)
2026-05-09 04:45:28-0400 | ETH WS re-subscribed to KXETH15M-26MAY090500-00
2026-05-09 04:45:28-0400 | ETH WS subscribed: channel=orderbook_delta sid=17
2026-05-09 05:00:31-0400 | ETH New session (KXETH15M-26MAY090515-15)
2026-05-09 05:00:31-0400 | ETH WS re-subscribed to KXETH15M-26MAY090515-15
2026-05-09 05:00:31-0400 | ETH WS subscribed: channel=orderbook_delta sid=18
2026-05-09 05:15:05-0400 | ETH New session (KXETH15M-26MAY090530-30)
2026-05-09 05:15:06-0400 | ETH WS re-subscribed to KXETH15M-26MAY090530-30
2026-05-09 05:15:06-0400 | ETH WS subscribed: channel=orderbook_delta sid=19
2026-05-09 05:30:10-0400 | ETH New session (KXETH15M-26MAY090545-45)
2026-05-09 05:30:10-0400 | ETH WS re-subscribed to KXETH15M-26MAY090545-45
2026-05-09 05:30:10-0400 | ETH WS subscribed: channel=orderbook_delta sid=20
2026-05-09 05:45:12-0400 | ETH New session (KXETH15M-26MAY090600-00)
2026-05-09 05:45:13-0400 | ETH WS re-subscribed to KXETH15M-26MAY090600-00
2026-05-09 05:45:13-0400 | ETH WS subscribed: channel=orderbook_delta sid=21
2026-05-09 06:00:16-0400 | ETH New session (KXETH15M-26MAY090615-15)
2026-05-09 06:00:16-0400 | ETH WS re-subscribed to KXETH15M-26MAY090615-15
2026-05-09 06:00:16-0400 | ETH WS subscribed: channel=orderbook_delta sid=22
2026-05-09 06:15:19-0400 | ETH New session (KXETH15M-26MAY090630-30)
2026-05-09 06:15:20-0400 | ETH WS re-subscribed to KXETH15M-26MAY090630-30
2026-05-09 06:15:20-0400 | ETH WS subscribed: channel=orderbook_delta sid=23
2026-05-09 06:30:23-0400 | ETH New session (KXETH15M-26MAY090645-45)
2026-05-09 06:30:23-0400 | ETH WS re-subscribed to KXETH15M-26MAY090645-45
2026-05-09 06:30:23-0400 | ETH WS subscribed: channel=orderbook_delta sid=24
2026-05-09 06:45:28-0400 | ETH New session (KXETH15M-26MAY090700-00)
2026-05-09 06:45:28-0400 | ETH WS re-subscribed to KXETH15M-26MAY090700-00
2026-05-09 06:45:28-0400 | ETH WS subscribed: channel=orderbook_delta sid=25
2026-05-09 07:00:03-0400 | ETH New session (KXETH15M-26MAY090715-15)
2026-05-09 07:00:03-0400 | ETH WS re-subscribed to KXETH15M-26MAY090715-15
2026-05-09 07:00:03-0400 | ETH WS subscribed: channel=orderbook_delta sid=26
2026-05-09 07:15:08-0400 | ETH New session (KXETH15M-26MAY090730-30)
2026-05-09 07:15:08-0400 | ETH WS re-subscribed to KXETH15M-26MAY090730-30
2026-05-09 07:15:08-0400 | ETH WS subscribed: channel=orderbook_delta sid=27
2026-05-09 07:30:10-0400 | ETH New session (KXETH15M-26MAY090745-45)
2026-05-09 07:30:11-0400 | ETH WS re-subscribed to KXETH15M-26MAY090745-45
2026-05-09 07:30:11-0400 | ETH WS subscribed: channel=orderbook_delta sid=28
2026-05-09 07:45:15-0400 | ETH New session (KXETH15M-26MAY090800-00)
2026-05-09 07:45:16-0400 | ETH WS re-subscribed to KXETH15M-26MAY090800-00
2026-05-09 07:45:16-0400 | ETH WS subscribed: channel=orderbook_delta sid=29
2026-05-09 08:00:19-0400 | ETH New session (KXETH15M-26MAY090815-15)
2026-05-09 08:00:19-0400 | ETH WS re-subscribed to KXETH15M-26MAY090815-15
2026-05-09 08:00:19-0400 | ETH WS subscribed: channel=orderbook_delta sid=30
2026-05-09 08:15:24-0400 | ETH New session (KXETH15M-26MAY090830-30)
2026-05-09 08:15:24-0400 | ETH WS re-subscribed to KXETH15M-26MAY090830-30
2026-05-09 08:15:24-0400 | ETH WS subscribed: channel=orderbook_delta sid=31
2026-05-09 08:30:27-0400 | ETH New session (KXETH15M-26MAY090845-45)
2026-05-09 08:30:28-0400 | ETH WS re-subscribed to KXETH15M-26MAY090845-45
2026-05-09 08:30:28-0400 | ETH WS subscribed: channel=orderbook_delta sid=32
2026-05-09 08:45:01-0400 | ETH ⚠ Strike fallback for KXETH15M-26MAY090900-00: proxy=$2,314.98 (Kalshi floor_strike not yet published; using current BTC composite as BRTI baseline)
2026-05-09 08:45:01-0400 | ETH New session (KXETH15M-26MAY090900-00)
2026-05-09 08:45:01-0400 | ETH WS re-subscribed to KXETH15M-26MAY090900-00
2026-05-09 08:45:01-0400 | ETH WS subscribed: channel=orderbook_delta sid=33
2026-05-09 09:00:05-0400 | ETH New session (KXETH15M-26MAY090915-15)
2026-05-09 09:00:06-0400 | ETH WS re-subscribed to KXETH15M-26MAY090915-15
2026-05-09 09:00:06-0400 | ETH WS subscribed: channel=orderbook_delta sid=34
2026-05-09 09:15:08-0400 | ETH New session (KXETH15M-26MAY090930-30)
2026-05-09 09:15:09-0400 | ETH WS re-subscribed to KXETH15M-26MAY090930-30
2026-05-09 09:15:09-0400 | ETH WS subscribed: channel=orderbook_delta sid=35
2026-05-09 09:30:14-0400 | ETH New session (KXETH15M-26MAY090945-45)
2026-05-09 09:30:15-0400 | ETH WS re-subscribed to KXETH15M-26MAY090945-45
2026-05-09 09:30:15-0400 | ETH WS subscribed: channel=orderbook_delta sid=36
2026-05-09 09:45:19-0400 | ETH New session (KXETH15M-26MAY091000-00)
2026-05-09 09:45:20-0400 | ETH WS re-subscribed to KXETH15M-26MAY091000-00
2026-05-09 09:45:20-0400 | ETH WS subscribed: channel=orderbook_delta sid=37
2026-05-09 10:00:24-0400 | ETH New session (KXETH15M-26MAY091015-15)
2026-05-09 10:00:25-0400 | ETH WS re-subscribed to KXETH15M-26MAY091015-15
2026-05-09 10:00:25-0400 | ETH WS subscribed: channel=orderbook_delta sid=38
2026-05-09 10:15:28-0400 | ETH New session (KXETH15M-26MAY091030-30)
2026-05-09 10:15:29-0400 | ETH WS re-subscribed to KXETH15M-26MAY091030-30
2026-05-09 10:15:29-0400 | ETH WS subscribed: channel=orderbook_delta sid=39
2026-05-09 10:17:12-0400 | ETH WS connected
2026-05-09 10:17:12-0400 | ETH 🟡 Boot mid-session (KXETH15M-26MAY091030-30) — skipping until next clean session
2026-05-09 10:17:13-0400 | ETH WS re-subscribed to KXETH15M-26MAY091030-30
2026-05-09 10:17:13-0400 | ETH WS subscribed: channel=ticker sid=1
2026-05-09 10:17:13-0400 | ETH WS subscribed: channel=orderbook_delta sid=2
2026-05-09 10:24:39-0400 | ETH WS connected
2026-05-09 10:24:39-0400 | ETH 🟡 Boot mid-session (KXETH15M-26MAY091030-30) — skipping until next clean session
2026-05-09 10:24:40-0400 | ETH WS re-subscribed to KXETH15M-26MAY091030-30
2026-05-09 10:24:40-0400 | ETH WS subscribed: channel=ticker sid=1
2026-05-09 10:24:40-0400 | ETH WS subscribed: channel=orderbook_delta sid=2
2026-05-09 10:30:02-0400 | ETH New session (KXETH15M-26MAY091045-45)
2026-05-09 10:30:03-0400 | ETH WS re-subscribed to KXETH15M-26MAY091045-45
2026-05-09 10:30:03-0400 | ETH WS subscribed: channel=orderbook_delta sid=3
2026-05-09 12:17:05-0400 | ETH New session (KXETH15M-26MAY091230-30)
2026-05-09 12:17:06-0400 | ETH WS re-subscribed to KXETH15M-26MAY091230-30
2026-05-09 12:17:06-0400 | ETH WS subscribed: channel=orderbook_delta sid=4
2026-05-09 12:25:44-0400 | ETH UP triggered @ 0.97 [WS] conviction=0.50 ss=+0.47 — placing order
2026-05-09 12:25:44-0400 | ORDER payload: {"ticker": "KXETH15M-26MAY091230-30", "action": "buy", "side": "yes", "count": 40, "type": "limit", "yes_price": 98, "client_order_id": "10b7a8c1-80cf-4c66-87f8-a8a6c10f0d08"}
2026-05-09 12:25:44-0400 | ORDER response: HTTP 201 | {"order":{"action":"buy","client_order_id":"10b7a8c1-80cf-4c66-87f8-a8a6c10f0d08","created_time":"2026-05-09T16:25:44.929873Z","fill_count_fp":"15.00","initial_count_fp":"40.00","last_update_time":"2026-05-09T16:25:44.929873Z","maker_fees_dollars":"0.000000","maker_fill_cost_dollars":"0.000000","no_
2026-05-09 12:25:47-0400 | ETH Position confirmed
2026-05-09 12:25:47-0400 | ETH Fill ≠ trigger: trigger=0.97 fill=0.98 size=40/40 fees=$0.0350 (2 fills)
2026-05-09 12:25:47-0400 | ETH Holding UP @ 0.98 (fill) — stop-loss @ 0.5
2026-05-09 12:29:09-0400 | ETH ⚡ stop-loss @ 0.45 (entry=0.98)
2026-05-09 12:29:09-0400 | ORDER payload: {"ticker": "KXETH15M-26MAY091230-30", "action": "sell", "side": "yes", "count": 40, "type": "limit", "yes_price": 1, "client_order_id": "c1890021-2f67-4e2b-984d-59b189731cd7", "reduce_only": true, "time_in_force": "immediate_or_cancel"}
2026-05-09 12:29:09-0400 | ORDER response: HTTP 201 | {"order":{"action":"sell","client_order_id":"c1890021-2f67-4e2b-984d-59b189731cd7","created_time":"2026-05-09T16:29:09.666666Z","fill_count_fp":"40.00","initial_count_fp":"40.00","last_update_time":"2026-05-09T16:29:09.666666Z","maker_fees_dollars":"0.000000","maker_fill_cost_dollars":"0.000000","no
2026-05-09 12:29:09-0400 | ETH Position closed (stop-loss)
2026-05-09 12:29:09-0400 | ETH Stop-loss PnL: $-21.07 | Consecutive losses: 1/2
2026-05-09 12:30:19-0400 | ETH New session (KXETH15M-26MAY091245-45)
2026-05-09 12:30:19-0400 | ETH WS re-subscribed to KXETH15M-26MAY091245-45
2026-05-09 12:30:19-0400 | ETH WS subscribed: channel=orderbook_delta sid=5
2026-05-09 12:34:26-0400 | ETH WS connected
2026-05-09 12:34:26-0400 | ETH 💓 alive | no WS | phase=WAIT_WINDOW | losses=1/2 | pos=— | up=0.55 dn=0.51 strike=2320.08 mins=10.6
2026-05-09 12:34:26-0400 | ETH 🟡 Boot mid-session (KXETH15M-26MAY091245-45) — skipping until next clean session
2026-05-09 12:34:27-0400 | ETH WS re-subscribed to KXETH15M-26MAY091245-45
2026-05-09 12:34:27-0400 | ETH WS subscribed: channel=ticker sid=1
2026-05-09 12:34:27-0400 | ETH WS subscribed: channel=orderbook_delta sid=2
2026-05-09 12:35:26-0400 | ETH 💓 alive | WS 0s ago | phase=WAIT_WINDOW | losses=1/2 | pos=— | up=0.51 dn=0.54 strike=2320.08 mins=9.6
2026-05-09 12:36:26-0400 | ETH 💓 alive | WS 0s ago | phase=WAIT_WINDOW | losses=1/2 | pos=— | up=0.53 dn=0.53 strike=2320.08 mins=8.6
2026-05-09 12:37:09-0400 | ETH WS connected
2026-05-09 12:37:10-0400 | ETH 💓 alive | no WS | phase=WAIT_WINDOW | losses=1/2 | pos=— | up=0.57 dn=0.45 strike=2320.08 mins=7.8
2026-05-09 12:37:10-0400 | ETH 🟡 Boot mid-session (KXETH15M-26MAY091245-45) — skipping until next clean session
2026-05-09 12:37:11-0400 | ETH WS re-subscribed to KXETH15M-26MAY091245-45
2026-05-09 12:37:11-0400 | ETH WS subscribed: channel=ticker sid=1
2026-05-09 12:37:11-0400 | ETH WS subscribed: channel=orderbook_delta sid=2
2026-05-09 12:38:10-0400 | ETH 💓 alive | WS 0s ago | phase=WAIT_WINDOW | losses=1/2 | pos=— | up=0.74 dn=0.31 strike=2320.08 mins=6.8
2026-05-09 12:39:10-0400 | ETH 💓 alive | WS 0s ago | phase=WAIT_WINDOW | losses=1/2 | pos=— | up=0.52 dn=0.53 strike=2320.08 mins=5.8
2026-05-09 12:40:10-0400 | ETH 💓 alive | WS 0s ago | phase=WAIT_WINDOW | losses=1/2 | pos=— | up=0.28 dn=0.75 strike=2320.08 mins=4.8
2026-05-09 12:41:11-0400 | ETH 💓 alive | WS 0s ago | phase=WAIT_WINDOW | losses=1/2 | pos=— | up=0.06 dn=0.96 strike=2320.08 mins=3.8
2026-05-09 12:42:11-0400 | ETH 💓 alive | WS 0s ago | phase=WAIT_WINDOW | losses=1/2 | pos=— | up=0.05 dn=0.97 strike=2320.08 mins=2.8
2026-05-09 12:43:11-0400 | ETH 💓 alive | WS 0s ago | phase=WAIT_WINDOW | losses=1/2 | pos=— | up=0.02 dn=0.99 strike=2320.08 mins=1.8
2026-05-09 12:44:11-0400 | ETH 💓 alive | WS 0s ago | phase=WAIT_WINDOW | losses=1/2 | pos=— | up=0.03 dn=1.00 strike=2320.08 mins=0.8
2026-05-09 12:45:12-0400 | ETH 💓 alive | WS 12s ago | phase=WAIT_WINDOW | losses=1/2 | pos=— | up=0.00 dn=1.00 strike=2320.08 mins=-0.2
2026-05-09 12:45:25-0400 | ETH New session (KXETH15M-26MAY091300-00)
2026-05-09 12:45:25-0400 | ETH WS re-subscribed to KXETH15M-26MAY091300-00
2026-05-09 12:45:26-0400 | ETH WS subscribed: channel=orderbook_delta sid=3
2026-05-09 12:46:13-0400 | ETH 💓 alive | WS 0s ago | phase=WAIT_WINDOW | losses=1/2 | pos=— | up=0.63 dn=0.39 strike=2319.34 mins=13.8
2026-05-09 12:47:13-0400 | ETH 💓 alive | WS 1s ago | phase=WAIT_WINDOW | losses=1/2 | pos=— | up=0.58 dn=0.46 strike=2319.34 mins=12.8
2026-05-09 12:48:13-0400 | ETH 💓 alive | WS 0s ago | phase=WAIT_WINDOW | losses=1/2 | pos=— | up=0.53 dn=0.51 strike=2319.34 mins=11.8
2026-05-09 12:49:14-0400 | ETH 💓 alive | WS 0s ago | phase=WAIT_WINDOW | losses=1/2 | pos=— | up=0.70 dn=0.33 strike=2319.34 mins=10.8
2026-05-09 12:50:14-0400 | ETH 💓 alive | WS 0s ago | phase=MONITORING | losses=1/2 | pos=— | up=0.66 dn=0.37 strike=2319.34 mins=9.8
2026-05-09 12:51:15-0400 | ETH 💓 alive | WS 0s ago | phase=MONITORING | losses=1/2 | pos=— | up=0.50 dn=0.55 strike=2319.34 mins=8.7
2026-05-09 12:52:15-0400 | ETH 💓 alive | WS 0s ago | phase=MONITORING | losses=1/2 | pos=— | up=0.39 dn=0.65 strike=2319.34 mins=7.7
2026-05-09 12:53:16-0400 | ETH 💓 alive | WS 1s ago | phase=MONITORING | losses=1/2 | pos=— | up=0.57 dn=0.45 strike=2319.34 mins=6.7
2026-05-09 12:54:16-0400 | ETH 💓 alive | WS 0s ago | phase=MONITORING | losses=1/2 | pos=— | up=0.64 dn=0.38 strike=2319.34 mins=5.7
2026-05-09 12:55:16-0400 | ETH 💓 alive | WS 0s ago | phase=MONITORING | losses=1/2 | pos=— | up=0.73 dn=0.36 strike=2319.34 mins=4.7
2026-05-09 12:56:16-0400 | ETH 💓 alive | WS 1s ago | phase=MONITORING | losses=1/2 | pos=— | up=0.70 dn=0.32 strike=2319.34 mins=3.7
2026-05-09 12:57:17-0400 | ETH 💓 alive | WS 0s ago | phase=MONITORING | losses=1/2 | pos=— | up=0.91 dn=0.11 strike=2319.34 mins=2.7
2026-05-09 12:58:17-0400 | ETH 💓 alive | WS 0s ago | phase=MONITORING | losses=1/2 | pos=— | up=0.90 dn=0.12 strike=2319.34 mins=1.7
2026-05-09 12:59:17-0400 | ETH 💓 alive | WS 0s ago | phase=MONITORING | losses=1/2 | pos=— | up=1.00 dn=0.01 strike=2319.34 mins=0.7
2026-05-09 13:00:19-0400 | ETH 💓 alive | WS 15s ago | phase=MONITORING | losses=1/2 | pos=— | up=1.00 dn=0.00 strike=2319.34 mins=-0.3
2026-05-09 13:00:28-0400 | ETH New session (KXETH15M-26MAY091315-15)
2026-05-09 13:00:29-0400 | ETH WS re-subscribed to KXETH15M-26MAY091315-15
2026-05-09 13:00:29-0400 | ETH WS subscribed: channel=orderbook_delta sid=4
2026-05-09 13:01:19-0400 | ETH 💓 alive | WS 0s ago | phase=WAIT_WINDOW | losses=1/2 | pos=— | up=0.62 dn=0.44 strike=2319.93 mins=13.7
2026-05-09 13:02:20-0400 | ETH 💓 alive | WS 0s ago | phase=WAIT_WINDOW | losses=1/2 | pos=— | up=0.61 dn=0.43 strike=2319.93 mins=12.7
2026-05-09 13:03:20-0400 | ETH 💓 alive | WS 0s ago | phase=WAIT_WINDOW | losses=1/2 | pos=— | up=0.67 dn=0.36 strike=2319.93 mins=11.7
2026-05-09 13:04:20-0400 | ETH 💓 alive | WS 0s ago | phase=WAIT_WINDOW | losses=1/2 | pos=— | up=0.83 dn=0.22 strike=2319.93 mins=10.7
2026-05-09 13:05:20-0400 | ETH 💓 alive | WS 0s ago | phase=MONITORING | losses=1/2 | pos=— | up=0.92 dn=0.10 strike=2319.93 mins=9.7
2026-05-09 13:06:07-0400 | ETH UP triggered @ 0.98 [WS] conviction=0.58 ss=+0.71 — placing order
2026-05-09 13:06:07-0400 | ORDER payload: {"ticker": "KXETH15M-26MAY091315-15", "action": "buy", "side": "yes", "count": 40, "type": "limit", "yes_price": 98, "client_order_id": "17f781a9-7416-4593-bb32-09ba65eda690"}
2026-05-09 13:06:07-0400 | ORDER response: HTTP 201 | {"order":{"action":"buy","client_order_id":"17f781a9-7416-4593-bb32-09ba65eda690","created_time":"2026-05-09T17:06:07.650488Z","fill_count_fp":"0.00","initial_count_fp":"40.00","last_update_time":"2026-05-09T17:06:07.650488Z","maker_fees_dollars":"0.000000","maker_fill_cost_dollars":"0.000000","no_p
2026-05-09 13:06:09-0400 | ETH Position confirmed
2026-05-09 13:06:09-0400 | ETH Fill ≠ trigger: trigger=0.98 fill=0.98 size=7/40 fees=$0.0004 (1 fills)
2026-05-09 13:06:09-0400 | ETH Holding UP @ 0.98 (fill) — stop-loss @ 0.5
2026-05-09 13:06:20-0400 | ETH 💓 alive | WS 1s ago | phase=IN_POSITION | losses=1/2 | pos=UP@0.98×7 | up=0.98 dn=0.04 strike=2319.93 mins=8.7
2026-05-09 13:07:20-0400 | ETH 💓 alive | WS 0s ago | phase=IN_POSITION | losses=1/2 | pos=UP@0.98×7 | up=0.99 dn=0.03 strike=2319.93 mins=7.7
2026-05-09 13:08:21-0400 | ETH 💓 alive | WS 0s ago | phase=IN_POSITION | losses=1/2 | pos=UP@0.98×7 | up=0.99 dn=0.02 strike=2319.93 mins=6.6
2026-05-09 13:09:21-0400 | ETH 💓 alive | WS 1s ago | phase=IN_POSITION | losses=1/2 | pos=UP@0.98×7 | up=1.00 dn=0.01 strike=2319.93 mins=5.6
2026-05-09 13:10:21-0400 | ETH 💓 alive | WS 0s ago | phase=IN_POSITION | losses=1/2 | pos=UP@0.98×7 | up=1.00 dn=0.01 strike=2319.93 mins=4.6
2026-05-09 13:11:22-0400 | ETH 💓 alive | WS 0s ago | phase=IN_POSITION | losses=1/2 | pos=UP@0.98×7 | up=1.00 dn=0.00 strike=2319.93 mins=3.6
2026-05-09 13:12:22-0400 | ETH 💓 alive | WS 0s ago | phase=IN_POSITION | losses=1/2 | pos=UP@0.98×7 | up=1.00 dn=0.00 strike=2319.93 mins=2.6
2026-05-09 13:13:22-0400 | ETH 💓 alive | WS 2s ago | phase=IN_POSITION | losses=1/2 | pos=UP@0.98×7 | up=1.00 dn=0.00 strike=2319.93 mins=1.6
2026-05-09 13:14:22-0400 | ETH 💓 alive | WS 0s ago | phase=IN_POSITION | losses=1/2 | pos=UP@0.98×7 | up=1.00 dn=0.00 strike=2319.93 mins=0.6
2026-05-09 13:15:03-0400 | ETH New session (KXETH15M-26MAY091330-30)
2026-05-09 13:15:04-0400 | ETH WS re-subscribed to KXETH15M-26MAY091330-30
2026-05-09 13:15:04-0400 | ETH WS subscribed: channel=orderbook_delta sid=5
2026-05-09 13:15:08-0400 | ETH Position size 7→40 (late fills)
2026-05-09 13:15:08-0400 | ETH UP held to resolution ✓ win (+$0.8) — streak reset
2026-05-09 13:15:22-0400 | ETH 💓 alive | WS 0s ago | phase=WAIT_WINDOW | losses=0/2 | pos=— | up=0.58 dn=0.63 strike=2330.58 mins=14.6
2026-05-09 13:16:23-0400 | ETH 💓 alive | WS 0s ago | phase=WAIT_WINDOW | losses=0/2 | pos=— | up=0.51 dn=0.56 strike=2330.58 mins=13.6
2026-05-09 13:17:23-0400 | ETH 💓 alive | WS 0s ago | phase=WAIT_WINDOW | losses=0/2 | pos=— | up=0.45 dn=0.63 strike=2330.58 mins=12.6
2026-05-09 13:18:23-0400 | ETH 💓 alive | WS 1s ago | phase=WAIT_WINDOW | losses=0/2 | pos=— | up=0.41 dn=0.65 strike=2330.58 mins=11.6
2026-05-09 13:19:23-0400 | ETH 💓 alive | WS 0s ago | phase=WAIT_WINDOW | losses=0/2 | pos=— | up=0.24 dn=0.78 strike=2330.58 mins=10.6
2026-05-09 13:20:23-0400 | ETH 💓 alive | WS 0s ago | phase=MONITORING | losses=0/2 | pos=— | up=0.37 dn=0.66 strike=2330.58 mins=9.6
2026-05-09 13:21:24-0400 | ETH 💓 alive | WS 0s ago | phase=MONITORING | losses=0/2 | pos=— | up=0.23 dn=0.78 strike=2330.58 mins=8.6
2026-05-09 13:22:25-0400 | ETH 💓 alive | WS 0s ago | phase=MONITORING | losses=0/2 | pos=— | up=0.26 dn=0.81 strike=2330.58 mins=7.6
2026-05-09 13:23:25-0400 | ETH 💓 alive | WS 0s ago | phase=MONITORING | losses=0/2 | pos=— | up=0.26 dn=0.79 strike=2330.58 mins=6.6
2026-05-09 13:24:25-0400 | ETH 💓 alive | WS 0s ago | phase=MONITORING | losses=0/2 | pos=— | up=0.18 dn=0.85 strike=2330.58 mins=5.6
2026-05-09 13:25:25-0400 | ETH 💓 alive | WS 0s ago | phase=MONITORING | losses=0/2 | pos=— | up=0.18 dn=0.91 strike=2330.58 mins=4.6
2026-05-09 13:26:26-0400 | ETH 💓 alive | WS 0s ago | phase=MONITORING | losses=0/2 | pos=— | up=0.24 dn=0.82 strike=2330.58 mins=3.6
2026-05-09 13:27:26-0400 | ETH 💓 alive | WS 0s ago | phase=MONITORING | losses=0/2 | pos=— | up=0.08 dn=0.92 strike=2330.58 mins=2.6
2026-05-09 13:28:27-0400 | ETH 💓 alive | WS 0s ago | phase=MONITORING | losses=0/2 | pos=— | up=0.59 dn=0.48 strike=2330.58 mins=1.5
2026-05-09 13:29:27-0400 | ETH 💓 alive | WS 0s ago | phase=MONITORING | losses=0/2 | pos=— | up=0.98 dn=0.10 strike=2330.58 mins=0.5
2026-05-09 13:30:05-0400 | ETH New session (KXETH15M-26MAY091345-45)
2026-05-09 13:30:06-0400 | ETH WS re-subscribed to KXETH15M-26MAY091345-45
2026-05-09 13:30:06-0400 | ETH WS subscribed: channel=orderbook_delta sid=6
2026-05-09 13:30:27-0400 | ETH 💓 alive | WS 0s ago | phase=WAIT_WINDOW | losses=0/2 | pos=— | up=0.57 dn=0.48 strike=2331.39 mins=14.5
2026-05-09 13:31:28-0400 | ETH 💓 alive | WS 0s ago | phase=WAIT_WINDOW | losses=0/2 | pos=— | up=0.60 dn=0.45 strike=2331.39 mins=13.5
2026-05-09 13:32:28-0400 | ETH 💓 alive | WS 0s ago | phase=WAIT_WINDOW | losses=0/2 | pos=— | up=0.58 dn=0.45 strike=2331.39 mins=12.5
2026-05-09 13:33:29-0400 | ETH 💓 alive | WS 0s ago | phase=WAIT_WINDOW | losses=0/2 | pos=— | up=0.48 dn=0.57 strike=2331.39 mins=11.5
2026-05-09 13:34:29-0400 | ETH 💓 alive | WS 0s ago | phase=WAIT_WINDOW | losses=0/2 | pos=— | up=0.59 dn=0.42 strike=2331.39 mins=10.5
2026-05-09 13:35:29-0400 | ETH 💓 alive | WS 0s ago | phase=MONITORING | losses=0/2 | pos=— | up=0.55 dn=0.49 strike=2331.39 mins=9.5
2026-05-09 13:36:29-0400 | ETH 💓 alive | WS 0s ago | phase=MONITORING | losses=0/2 | pos=— | up=0.63 dn=0.41 strike=2331.39 mins=8.5
2026-05-09 13:37:29-0400 | ETH 💓 alive | WS 0s ago | phase=MONITORING | losses=0/2 | pos=— | up=0.51 dn=0.53 strike=2331.39 mins=7.5
2026-05-09 13:38:30-0400 | ETH 💓 alive | WS 0s ago | phase=MONITORING | losses=0/2 | pos=— | up=0.62 dn=0.40 strike=2331.39 mins=6.5
2026-05-09 13:39:30-0400 | ETH 💓 alive | WS 0s ago | phase=MONITORING | losses=0/2 | pos=— | up=0.61 dn=0.45 strike=2331.39 mins=5.5
2026-05-09 13:40:30-0400 | ETH 💓 alive | WS 1s ago | phase=MONITORING | losses=0/2 | pos=— | up=0.48 dn=0.53 strike=2331.39 mins=4.5
2026-05-09 13:41:31-0400 | ETH 💓 alive | WS 0s ago | phase=MONITORING | losses=0/2 | pos=— | up=0.55 dn=0.51 strike=2331.39 mins=3.5
2026-05-09 13:42:31-0400 | ETH 💓 alive | WS 0s ago | phase=MONITORING | losses=0/2 | pos=— | up=0.45 dn=0.60 strike=2331.39 mins=2.5
2026-05-09 13:43:31-0400 | ETH 💓 alive | WS 0s ago | phase=MONITORING | losses=0/2 | pos=— | up=0.65 dn=0.46 strike=2331.39 mins=1.5
2026-05-09 13:44:31-0400 | ETH 💓 alive | WS 0s ago | phase=MONITORING | losses=0/2 | pos=— | up=0.13 dn=0.91 strike=2331.39 mins=0.5
2026-05-09 13:45:09-0400 | ETH New session (KXETH15M-26MAY091400-00)
2026-05-09 13:45:10-0400 | ETH WS re-subscribed to KXETH15M-26MAY091400-00
2026-05-09 13:45:10-0400 | ETH WS subscribed: channel=orderbook_delta sid=7
2026-05-09 13:45:32-0400 | ETH 💓 alive | WS 0s ago | phase=WAIT_WINDOW | losses=0/2 | pos=— | up=0.44 dn=0.67 strike=2331.03 mins=14.5
2026-05-09 13:46:32-0400 | ETH 💓 alive | WS 0s ago | phase=WAIT_WINDOW | losses=0/2 | pos=— | up=0.44 dn=0.57 strike=2331.03 mins=13.5
2026-05-09 13:47:32-0400 | ETH 💓 alive | WS 0s ago | phase=WAIT_WINDOW | losses=0/2 | pos=— | up=0.49 dn=0.54 strike=2331.03 mins=12.5
2026-05-09 13:48:33-0400 | ETH 💓 alive | WS 0s ago | phase=WAIT_WINDOW | losses=0/2 | pos=— | up=0.33 dn=0.71 strike=2331.03 mins=11.4
2026-05-09 13:49:33-0400 | ETH 💓 alive | WS 0s ago | phase=WAIT_WINDOW | losses=0/2 | pos=— | up=0.23 dn=0.79 strike=2331.03 mins=10.4
2026-05-09 13:50:34-0400 | ETH 💓 alive | WS 0s ago | phase=MONITORING | losses=0/2 | pos=— | up=0.10 dn=0.91 strike=2331.03 mins=9.4
2026-05-09 13:51:34-0400 | ETH 💓 alive | WS 1s ago | phase=MONITORING | losses=0/2 | pos=— | up=0.11 dn=0.91 strike=2331.03 mins=8.4
2026-05-09 13:52:35-0400 | ETH 💓 alive | WS 0s ago | phase=MONITORING | losses=0/2 | pos=— | up=0.08 dn=0.93 strike=2331.03 mins=7.4
2026-05-09 13:53:35-0400 | ETH 💓 alive | WS 0s ago | phase=MONITORING | losses=0/2 | pos=— | up=0.06 dn=0.97 strike=2331.03 mins=6.4
2026-05-09 13:54:35-0400 | ETH 💓 alive | WS 1s ago | phase=MONITORING | losses=0/2 | pos=— | up=0.03 dn=0.98 strike=2331.03 mins=5.4
2026-05-09 13:55:35-0400 | ETH 💓 alive | WS 0s ago | phase=MONITORING | losses=0/2 | pos=— | up=0.02 dn=0.99 strike=2331.03 mins=4.4
2026-05-09 13:56:36-0400 | ETH 💓 alive | WS 0s ago | phase=MONITORING | losses=0/2 | pos=— | up=0.01 dn=1.00 strike=2331.03 mins=3.4
2026-05-09 13:57:36-0400 | ETH 💓 alive | WS 0s ago | phase=MONITORING | losses=0/2 | pos=— | up=0.01 dn=1.00 strike=2331.03 mins=2.4
2026-05-09 13:58:36-0400 | ETH 💓 alive | WS 0s ago | phase=MONITORING | losses=0/2 | pos=— | up=0.04 dn=0.98 strike=2331.03 mins=1.4
2026-05-09 13:59:38-0400 | ETH 💓 alive | WS 0s ago | phase=MONITORING | losses=0/2 | pos=— | up=0.00 dn=1.00 strike=2331.03 mins=0.4
2026-05-09 14:00:14-0400 | ETH New session (KXETH15M-26MAY091415-15)
2026-05-09 14:00:14-0400 | ETH WS re-subscribed to KXETH15M-26MAY091415-15
2026-05-09 14:00:14-0400 | ETH WS subscribed: channel=orderbook_delta sid=8
2026-05-09 14:00:38-0400 | ETH 💓 alive | WS 0s ago | phase=WAIT_WINDOW | losses=0/2 | pos=— | up=0.62 dn=0.42 strike=2329.52 mins=14.4
2026-05-09 14:01:38-0400 | ETH 💓 alive | WS 0s ago | phase=WAIT_WINDOW | losses=0/2 | pos=— | up=0.61 dn=0.41 strike=2329.52 mins=13.4
2026-05-09 14:02:38-0400 | ETH 💓 alive | WS 0s ago | phase=WAIT_WINDOW | losses=0/2 | pos=— | up=0.78 dn=0.23 strike=2329.52 mins=12.4
2026-05-09 14:03:38-0400 | ETH 💓 alive | WS 0s ago | phase=WAIT_WINDOW | losses=0/2 | pos=— | up=0.79 dn=0.24 strike=2329.52 mins=11.4
2026-05-09 14:04:39-0400 | ETH 💓 alive | WS 0s ago | phase=WAIT_WINDOW | losses=0/2 | pos=— | up=0.75 dn=0.28 strike=2329.52 mins=10.3
2026-05-09 14:05:39-0400 | ETH 💓 alive | WS 0s ago | phase=MONITORING | losses=0/2 | pos=— | up=0.79 dn=0.26 strike=2329.52 mins=9.3
2026-05-09 14:06:39-0400 | ETH 💓 alive | WS 0s ago | phase=MONITORING | losses=0/2 | pos=— | up=0.84 dn=0.23 strike=2329.52 mins=8.3
2026-05-09 14:07:40-0400 | ETH 💓 alive | WS 0s ago | phase=MONITORING | losses=0/2 | pos=— | up=0.89 dn=0.13 strike=2329.52 mins=7.3
2026-05-09 14:08:40-0400 | ETH 💓 alive | WS 0s ago | phase=MONITORING | losses=0/2 | pos=— | up=0.93 dn=0.10 strike=2329.52 mins=6.3
2026-05-09 14:09:40-0400 | ETH 💓 alive | WS 0s ago | phase=MONITORING | losses=0/2 | pos=— | up=0.95 dn=0.10 strike=2329.52 mins=5.3
2026-05-09 14:10:40-0400 | ETH 💓 alive | WS 0s ago | phase=MONITORING | losses=0/2 | pos=— | up=0.89 dn=0.13 strike=2329.52 mins=4.3
2026-05-09 14:11:41-0400 | ETH 💓 alive | WS 0s ago | phase=MONITORING | losses=0/2 | pos=— | up=0.90 dn=0.15 strike=2329.52 mins=3.3
2026-05-09 14:12:41-0400 | ETH 💓 alive | WS 0s ago | phase=MONITORING | losses=0/2 | pos=— | up=0.96 dn=0.10 strike=2329.52 mins=2.3
2026-05-09 14:13:41-0400 | ETH 💓 alive | WS 0s ago | phase=MONITORING | losses=0/2 | pos=— | up=0.83 dn=0.23 strike=2329.52 mins=1.3
2026-05-09 14:14:42-0400 | ETH 💓 alive | WS 0s ago | phase=MONITORING | losses=0/2 | pos=— | up=0.30 dn=0.75 strike=2329.52 mins=0.3
2026-05-09 14:15:16-0400 | ETH New session (KXETH15M-26MAY091430-30)
2026-05-09 14:15:17-0400 | ETH WS re-subscribed to KXETH15M-26MAY091430-30
2026-05-09 14:15:17-0400 | ETH WS subscribed: channel=orderbook_delta sid=9
2026-05-09 14:15:43-0400 | ETH 💓 alive | WS 1s ago | phase=WAIT_WINDOW | losses=0/2 | pos=— | up=0.57 dn=0.45 strike=2329.57 mins=14.3
2026-05-09 14:16:43-0400 | ETH 💓 alive | WS 0s ago | phase=WAIT_WINDOW | losses=0/2 | pos=— | up=0.67 dn=0.34 strike=2329.57 mins=13.3
2026-05-09 14:17:43-0400 | ETH 💓 alive | WS 0s ago | phase=WAIT_WINDOW | losses=0/2 | pos=— | up=0.60 dn=0.41 strike=2329.57 mins=12.3
2026-05-09 14:18:44-0400 | ETH 💓 alive | WS 0s ago | phase=WAIT_WINDOW | losses=0/2 | pos=— | up=0.82 dn=0.21 strike=2329.57 mins=11.3
2026-05-09 14:19:44-0400 | ETH 💓 alive | WS 0s ago | phase=WAIT_WINDOW | losses=0/2 | pos=— | up=0.70 dn=0.32 strike=2329.57 mins=10.3
2026-05-09 14:20:44-0400 | ETH 💓 alive | WS 0s ago | phase=MONITORING | losses=0/2 | pos=— | up=0.68 dn=0.37 strike=2329.57 mins=9.3
2026-05-09 14:21:44-0400 | ETH 💓 alive | WS 0s ago | phase=MONITORING | losses=0/2 | pos=— | up=0.68 dn=0.36 strike=2329.57 mins=8.3
2026-05-09 14:22:45-0400 | ETH 💓 alive | WS 0s ago | phase=MONITORING | losses=0/2 | pos=— | up=0.69 dn=0.34 strike=2329.57 mins=7.2
2026-05-09 14:23:45-0400 | ETH 💓 alive | WS 0s ago | phase=MONITORING | losses=0/2 | pos=— | up=0.42 dn=0.61 strike=2329.57 mins=6.2
2026-05-09 14:24:45-0400 | ETH 💓 alive | WS 0s ago | phase=MONITORING | losses=0/2 | pos=— | up=0.80 dn=0.23 strike=2329.57 mins=5.2
2026-05-09 14:25:46-0400 | ETH 💓 alive | WS 0s ago | phase=MONITORING | losses=0/2 | pos=— | up=0.97 dn=0.04 strike=2329.57 mins=4.2
2026-05-09 14:25:57-0400 | ETH UP triggered @ 0.98 [WS] conviction=0.58 ss=+0.44 — placing order
2026-05-09 14:25:57-0400 | ORDER payload: {"ticker": "KXETH15M-26MAY091430-30", "action": "buy", "side": "yes", "count": 40, "type": "limit", "yes_price": 98, "client_order_id": "117643f7-27f7-422e-a0a4-1a27130c12a3"}
2026-05-09 14:25:57-0400 | ORDER response: HTTP 201 | {"order":{"action":"buy","client_order_id":"117643f7-27f7-422e-a0a4-1a27130c12a3","created_time":"2026-05-09T18:25:57.664272Z","fill_count_fp":"17.43","initial_count_fp":"40.00","last_update_time":"2026-05-09T18:25:57.664272Z","maker_fees_dollars":"0.000000","maker_fill_cost_dollars":"0.000000","no_
2026-05-09 14:25:59-0400 | ETH Position confirmed
2026-05-09 14:25:59-0400 | ETH Fill ≠ trigger: trigger=0.98 fill=0.98 size=17/40 fees=$0.0286 (2 fills)
2026-05-09 14:25:59-0400 | ETH Holding UP @ 0.98 (fill) — stop-loss @ 0.5
2026-05-09 14:26:46-0400 | ETH 💓 alive | WS 0s ago | phase=IN_POSITION | losses=0/2 | pos=UP@0.98×17 | up=0.99 dn=0.02 strike=2329.57 mins=3.2
2026-05-09 14:27:46-0400 | ETH 💓 alive | WS 0s ago | phase=IN_POSITION | losses=0/2 | pos=UP@0.98×17 | up=1.00 dn=0.01 strike=2329.57 mins=2.2
2026-05-09 14:28:46-0400 | ETH 💓 alive | WS 0s ago | phase=IN_POSITION | losses=0/2 | pos=UP@0.98×17 | up=1.00 dn=0.00 strike=2329.57 mins=1.2
2026-05-09 14:29:47-0400 | ETH 💓 alive | WS 1s ago | phase=IN_POSITION | losses=0/2 | pos=UP@0.98×17 | up=1.00 dn=0.00 strike=2329.57 mins=0.2
2026-05-09 14:30:10-0400 | ETH Position size 17→40 (late fills)
2026-05-09 14:30:10-0400 | ETH UP held to resolution ✓ win (+$0.8) — streak reset
2026-05-09 14:30:20-0400 | ETH New session (KXETH15M-26MAY091445-45)
2026-05-09 14:30:20-0400 | ETH WS re-subscribed to KXETH15M-26MAY091445-45
2026-05-09 14:30:20-0400 | ETH WS subscribed: channel=orderbook_delta sid=10
2026-05-09 14:30:48-0400 | ETH 💓 alive | WS 0s ago | phase=WAIT_WINDOW | losses=0/2 | pos=— | up=0.46 dn=0.61 strike=2336.53 mins=14.2
2026-05-09 14:31:48-0400 | ETH 💓 alive | WS 0s ago | phase=WAIT_WINDOW | losses=0/2 | pos=— | up=0.33 dn=0.70 strike=2336.53 mins=13.2
2026-05-09 14:32:48-0400 | ETH 💓 alive | WS 0s ago | phase=WAIT_WINDOW | losses=0/2 | pos=— | up=0.27 dn=0.77 strike=2336.53 mins=12.2
2026-05-09 14:33:48-0400 | ETH 💓 alive | WS 0s ago | phase=WAIT_WINDOW | losses=0/2 | pos=— | up=0.23 dn=0.80 strike=2336.53 mins=11.2
2026-05-09 14:34:49-0400 | ETH 💓 alive | WS 0s ago | phase=WAIT_WINDOW | losses=0/2 | pos=— | up=0.18 dn=0.85 strike=2336.53 mins=10.2
2026-05-09 14:35:49-0400 | ETH 💓 alive | WS 0s ago | phase=MONITORING | losses=0/2 | pos=— | up=0.13 dn=0.89 strike=2336.53 mins=9.2
2026-05-09 14:36:49-0400 | ETH 💓 alive | WS 0s ago | phase=MONITORING | losses=0/2 | pos=— | up=0.10 dn=0.94 strike=2336.53 mins=8.2
2026-05-09 14:37:49-0400 | ETH 💓 alive | WS 1s ago | phase=MONITORING | losses=0/2 | pos=— | up=0.07 dn=0.95 strike=2336.53 mins=7.2
2026-05-09 14:38:50-0400 | ETH 💓 alive | WS 1s ago | phase=MONITORING | losses=0/2 | pos=— | up=0.05 dn=0.97 strike=2336.53 mins=6.2
2026-05-09 14:39:50-0400 | ETH 💓 alive | WS 0s ago | phase=MONITORING | losses=0/2 | pos=— | up=0.06 dn=0.98 strike=2336.53 mins=5.2
2026-05-09 14:40:50-0400 | ETH 💓 alive | WS 1s ago | phase=MONITORING | losses=0/2 | pos=— | up=0.02 dn=0.99 strike=2336.53 mins=4.2
2026-05-09 14:41:50-0400 | ETH 💓 alive | WS 4s ago | phase=MONITORING | losses=0/2 | pos=— | up=0.01 dn=1.00 strike=2336.53 mins=3.2
2026-05-09 14:42:50-0400 | ETH 💓 alive | WS 0s ago | phase=MONITORING | losses=0/2 | pos=— | up=0.01 dn=1.00 strike=2336.53 mins=2.2
2026-05-09 14:43:50-0400 | ETH 💓 alive | WS 0s ago | phase=MONITORING | losses=0/2 | pos=— | up=0.01 dn=1.00 strike=2336.53 mins=1.2
2026-05-09 14:44:52-0400 | ETH 💓 alive | WS 0s ago | phase=MONITORING | losses=0/2 | pos=— | up=0.00 dn=1.00 strike=2336.53 mins=0.1
2026-05-09 14:45:23-0400 | ETH New session (KXETH15M-26MAY091500-00)
2026-05-09 14:45:24-0400 | ETH WS re-subscribed to KXETH15M-26MAY091500-00
2026-05-09 14:45:24-0400 | ETH WS subscribed: channel=orderbook_delta sid=11
2026-05-09 14:45:52-0400 | ETH 💓 alive | WS 0s ago | phase=WAIT_WINDOW | losses=0/2 | pos=— | up=0.49 dn=0.54 strike=2331.3 mins=14.1
2026-05-09 14:46:53-0400 | ETH 💓 alive | WS 0s ago | phase=WAIT_WINDOW | losses=0/2 | pos=— | up=0.31 dn=0.71 strike=2331.3 mins=13.1
2026-05-09 14:47:53-0400 | ETH 💓 alive | WS 0s ago | phase=WAIT_WINDOW | losses=0/2 | pos=— | up=0.37 dn=0.66 strike=2331.3 mins=12.1
2026-05-09 14:48:53-0400 | ETH 💓 alive | WS 0s ago | phase=WAIT_WINDOW | losses=0/2 | pos=— | up=0.39 dn=0.63 strike=2331.3 mins=11.1
2026-05-09 14:49:53-0400 | ETH 💓 alive | WS 0s ago | phase=WAIT_WINDOW | losses=0/2 | pos=— | up=0.40 dn=0.62 strike=2331.3 mins=10.1
2026-05-09 14:50:54-0400 | ETH 💓 alive | WS 0s ago | phase=MONITORING | losses=0/2 | pos=— | up=0.28 dn=0.75 strike=2331.3 mins=9.1
2026-05-09 14:51:54-0400 | ETH 💓 alive | WS 0s ago | phase=MONITORING | losses=0/2 | pos=— | up=0.21 dn=0.83 strike=2331.3 mins=8.1
2026-05-09 14:52:54-0400 | ETH 💓 alive | WS 0s ago | phase=MONITORING | losses=0/2 | pos=— | up=0.20 dn=0.84 strike=2331.3 mins=7.1
2026-05-09 14:53:54-0400 | ETH 💓 alive | WS 0s ago | phase=MONITORING | losses=0/2 | pos=— | up=0.22 dn=0.80 strike=2331.3 mins=6.1
2026-05-09 14:54:54-0400 | ETH 💓 alive | WS 0s ago | phase=MONITORING | losses=0/2 | pos=— | up=0.09 dn=0.93 strike=2331.3 mins=5.1
2026-05-09 14:55:55-0400 | ETH 💓 alive | WS 0s ago | phase=MONITORING | losses=0/2 | pos=— | up=0.03 dn=0.98 strike=2331.3 mins=4.1
2026-05-09 14:56:55-0400 | ETH 💓 alive | WS 0s ago | phase=MONITORING | losses=0/2 | pos=— | up=0.03 dn=0.99 strike=2331.3 mins=3.1
2026-05-09 14:57:55-0400 | ETH 💓 alive | WS 0s ago | phase=MONITORING | losses=0/2 | pos=— | up=0.02 dn=0.99 strike=2331.3 mins=2.1
2026-05-09 14:58:56-0400 | ETH 💓 alive | WS 0s ago | phase=MONITORING | losses=0/2 | pos=— | up=0.01 dn=1.00 strike=2331.3 mins=1.1
2026-05-09 14:59:56-0400 | ETH 💓 alive | WS 0s ago | phase=MONITORING | losses=0/2 | pos=— | up=0.00 dn=1.00 strike=2331.3 mins=0.1
2026-05-09 15:00:25-0400 | ETH New session (KXETH15M-26MAY091515-15)
2026-05-09 15:00:26-0400 | ETH WS re-subscribed to KXETH15M-26MAY091515-15
2026-05-09 15:00:26-0400 | ETH WS subscribed: channel=orderbook_delta sid=12
2026-05-09 15:00:57-0400 | ETH 💓 alive | WS 0s ago | phase=WAIT_WINDOW | losses=0/2 | pos=— | up=0.55 dn=0.46 strike=2329.99 mins=14.0
2026-05-09 15:01:57-0400 | ETH 💓 alive | WS 0s ago | phase=WAIT_WINDOW | losses=0/2 | pos=— | up=0.54 dn=0.50 strike=2329.99 mins=13.0
2026-05-09 15:02:57-0400 | ETH 💓 alive | WS 0s ago | phase=WAIT_WINDOW | losses=0/2 | pos=— | up=0.54 dn=0.50 strike=2329.99 mins=12.0
2026-05-09 15:03:58-0400 | ETH 💓 alive | WS 0s ago | phase=WAIT_WINDOW | losses=0/2 | pos=— | up=0.32 dn=0.69 strike=2329.99 mins=11.0
2026-05-09 15:04:58-0400 | ETH 💓 alive | WS 0s ago | phase=WAIT_WINDOW | losses=0/2 | pos=— | up=0.26 dn=0.76 strike=2329.99 mins=10.0
2026-05-09 15:05:58-0400 | ETH 💓 alive | WS 0s ago | phase=MONITORING | losses=0/2 | pos=— | up=0.58 dn=0.46 strike=2329.99 mins=9.0
2026-05-09 15:06:58-0400 | ETH 💓 alive | WS 0s ago | phase=MONITORING | losses=0/2 | pos=— | up=0.48 dn=0.56 strike=2329.99 mins=8.0
2026-05-09 15:07:59-0400 | ETH 💓 alive | WS 2s ago | phase=MONITORING | losses=0/2 | pos=— | up=0.43 dn=0.61 strike=2329.99 mins=7.0
2026-05-09 15:08:59-0400 | ETH 💓 alive | WS 0s ago | phase=MONITORING | losses=0/2 | pos=— | up=0.67 dn=0.35 strike=2329.99 mins=6.0
2026-05-09 15:09:59-0400 | ETH 💓 alive | WS 0s ago | phase=MONITORING | losses=0/2 | pos=— | up=0.68 dn=0.34 strike=2329.99 mins=5.0
2026-05-09 15:10:59-0400 | ETH 💓 alive | WS 0s ago | phase=MONITORING | losses=0/2 | pos=— | up=0.71 dn=0.34 strike=2329.99 mins=4.0
2026-05-09 15:12:00-0400 | ETH 💓 alive | WS 0s ago | phase=MONITORING | losses=0/2 | pos=— | up=0.66 dn=0.40 strike=2329.99 mins=3.0
2026-05-09 15:13:00-0400 | ETH 💓 alive | WS 0s ago | phase=MONITORING | losses=0/2 | pos=— | up=0.70 dn=0.35 strike=2329.99 mins=2.0
2026-05-09 15:14:00-0400 | ETH 💓 alive | WS 0s ago | phase=MONITORING | losses=0/2 | pos=— | up=0.38 dn=0.67 strike=2329.99 mins=1.0
2026-05-09 15:15:00-0400 | ETH 💓 alive | WS 0s ago | phase=MONITORING | losses=0/2 | pos=— | up=0.03 dn=0.99 strike=2329.99 mins=-0.0
2026-05-09 15:15:29-0400 | ETH New session (KXETH15M-26MAY091530-30)
2026-05-09 15:15:29-0400 | ETH WS re-subscribed to KXETH15M-26MAY091530-30
2026-05-09 15:15:29-0400 | ETH WS subscribed: channel=orderbook_delta sid=13
2026-05-09 15:16:01-0400 | ETH 💓 alive | WS 0s ago | phase=WAIT_WINDOW | losses=0/2 | pos=— | up=0.34 dn=0.70 strike=2329.96 mins=14.0
2026-05-09 15:17:01-0400 | ETH 💓 alive | WS 0s ago | phase=WAIT_WINDOW | losses=0/2 | pos=— | up=0.31 dn=0.70 strike=2329.96 mins=13.0
2026-05-09 15:18:01-0400 | ETH 💓 alive | WS 0s ago | phase=WAIT_WINDOW | losses=0/2 | pos=— | up=0.15 dn=0.87 strike=2329.96 mins=12.0
2026-05-09 15:19:02-0400 | ETH 💓 alive | WS 0s ago | phase=WAIT_WINDOW | losses=0/2 | pos=— | up=0.19 dn=0.83 strike=2329.96 mins=11.0
2026-05-09 15:20:02-0400 | ETH 💓 alive | WS 0s ago | phase=MONITORING | losses=0/2 | pos=— | up=0.26 dn=0.77 strike=2329.96 mins=10.0
2026-05-09 15:21:02-0400 | ETH 💓 alive | WS 0s ago | phase=MONITORING | losses=0/2 | pos=— | up=0.16 dn=0.86 strike=2329.96 mins=9.0
2026-05-09 15:22:02-0400 | ETH 💓 alive | WS 0s ago | phase=MONITORING | losses=0/2 | pos=— | up=0.22 dn=0.80 strike=2329.96 mins=8.0
2026-05-09 15:23:03-0400 | ETH 💓 alive | WS 0s ago | phase=MONITORING | losses=0/2 | pos=— | up=0.24 dn=0.80 strike=2329.96 mins=6.9
2026-05-09 15:24:03-0400 | ETH 💓 alive | WS 0s ago | phase=MONITORING | losses=0/2 | pos=— | up=0.18 dn=0.83 strike=2329.96 mins=5.9
2026-05-09 15:25:03-0400 | ETH 💓 alive | WS 0s ago | phase=MONITORING | losses=0/2 | pos=— | up=0.09 dn=0.93 strike=2329.96 mins=4.9
2026-05-09 15:26:04-0400 | ETH 💓 alive | WS 0s ago | phase=MONITORING | losses=0/2 | pos=— | up=0.02 dn=0.98 strike=2329.96 mins=3.9
2026-05-09 15:27:04-0400 | ETH 💓 alive | WS 0s ago | phase=MONITORING | losses=0/2 | pos=— | up=0.01 dn=1.00 strike=2329.96 mins=2.9
2026-05-09 15:28:04-0400 | ETH 💓 alive | WS 1s ago | phase=MONITORING | losses=0/2 | pos=— | up=0.01 dn=1.00 strike=2329.96 mins=1.9
2026-05-09 15:29:04-0400 | ETH 💓 alive | WS 0s ago | phase=MONITORING | losses=0/2 | pos=— | up=0.00 dn=1.00 strike=2329.96 mins=0.9
2026-05-09 15:30:02-0400 | ETH ⚠ Strike fallback for KXETH15M-26MAY091545-45: proxy=$2,328.27 (Kalshi floor_strike not yet published; using current ETH composite as BRTI baseline)
2026-05-09 15:30:02-0400 | ETH New session (KXETH15M-26MAY091545-45)
2026-05-09 15:30:02-0400 | ETH WS re-subscribed to KXETH15M-26MAY091545-45
2026-05-09 15:30:02-0400 | ETH WS subscribed: channel=orderbook_delta sid=14
2026-05-09 15:30:04-0400 | ETH 💓 alive | WS 0s ago | phase=WAIT_WINDOW | losses=0/2 | pos=— | up=0.62 dn=0.65 strike=2328.27 mins=14.9
2026-05-09 15:31:05-0400 | ETH 💓 alive | WS 1s ago | phase=WAIT_WINDOW | losses=0/2 | pos=— | up=0.46 dn=0.55 strike=2328.39 mins=13.9
2026-05-09 15:32:05-0400 | ETH 💓 alive | WS 0s ago | phase=WAIT_WINDOW | losses=0/2 | pos=— | up=0.42 dn=0.60 strike=2328.39 mins=12.9
2026-05-09 15:33:05-0400 | ETH 💓 alive | WS 0s ago | phase=WAIT_WINDOW | losses=0/2 | pos=— | up=0.55 dn=0.46 strike=2328.39 mins=11.9
2026-05-09 15:34:06-0400 | ETH 💓 alive | WS 0s ago | phase=WAIT_WINDOW | losses=0/2 | pos=— | up=0.55 dn=0.46 strike=2328.39 mins=10.9
2026-05-09 15:35:06-0400 | ETH 💓 alive | WS 0s ago | phase=MONITORING | losses=0/2 | pos=— | up=0.46 dn=0.57 strike=2328.39 mins=9.9
2026-05-09 15:36:06-0400 | ETH 💓 alive | WS 0s ago | phase=MONITORING | losses=0/2 | pos=— | up=0.46 dn=0.58 strike=2328.39 mins=8.9
2026-05-09 15:37:06-0400 | ETH 💓 alive | WS 0s ago | phase=MONITORING | losses=0/2 | pos=— | up=0.34 dn=0.67 strike=2328.39 mins=7.9
2026-05-09 15:38:06-0400 | ETH 💓 alive | WS 0s ago | phase=MONITORING | losses=0/2 | pos=— | up=0.37 dn=0.67 strike=2328.39 mins=6.9
2026-05-09 15:39:07-0400 | ETH 💓 alive | WS 1s ago | phase=MONITORING | losses=0/2 | pos=— | up=0.35 dn=0.67 strike=2328.39 mins=5.9
2026-05-09 15:40:07-0400 | ETH 💓 alive | WS 0s ago | phase=MONITORING | losses=0/2 | pos=— | up=0.37 dn=0.64 strike=2328.39 mins=4.9
2026-05-09 15:41:08-0400 | ETH 💓 alive | WS 0s ago | phase=MONITORING | losses=0/2 | pos=— | up=0.53 dn=0.49 strike=2328.39 mins=3.9
2026-05-09 15:42:08-0400 | ETH 💓 alive | WS 1s ago | phase=MONITORING | losses=0/2 | pos=— | up=0.12 dn=0.90 strike=2328.39 mins=2.9
2026-05-09 15:43:08-0400 | ETH 💓 alive | WS 0s ago | phase=MONITORING | losses=0/2 | pos=— | up=0.05 dn=0.98 strike=2328.39 mins=1.9
2026-05-09 15:44:08-0400 | ETH 💓 alive | WS 0s ago | phase=MONITORING | losses=0/2 | pos=— | up=0.01 dn=1.00 strike=2328.39 mins=0.9
2026-05-09 15:45:05-0400 | ETH New session (KXETH15M-26MAY091600-00)
2026-05-09 15:45:06-0400 | ETH WS re-subscribed to KXETH15M-26MAY091600-00
2026-05-09 15:45:06-0400 | ETH WS subscribed: channel=orderbook_delta sid=15
2026-05-09 15:45:09-0400 | ETH 💓 alive | WS 0s ago | phase=WAIT_WINDOW | losses=0/2 | pos=— | up=0.61 dn=0.62 strike=2328.28 mins=14.8
2026-05-09 15:46:10-0400 | ETH 💓 alive | WS 2s ago | phase=WAIT_WINDOW | losses=0/2 | pos=— | up=0.51 dn=0.52 strike=2328.28 mins=13.8
2026-05-09 15:47:10-0400 | ETH 💓 alive | WS 0s ago | phase=WAIT_WINDOW | losses=0/2 | pos=— | up=0.45 dn=0.58 strike=2328.28 mins=12.8
2026-05-09 15:48:11-0400 | ETH 💓 alive | WS 1s ago | phase=WAIT_WINDOW | losses=0/2 | pos=— | up=0.52 dn=0.52 strike=2328.28 mins=11.8
2026-05-09 15:49:11-0400 | ETH 💓 alive | WS 0s ago | phase=WAIT_WINDOW | losses=0/2 | pos=— | up=0.60 dn=0.41 strike=2328.28 mins=10.8
2026-05-09 15:50:11-0400 | ETH 💓 alive | WS 0s ago | phase=MONITORING | losses=0/2 | pos=— | up=0.75 dn=0.27 strike=2328.28 mins=9.8
2026-05-09 15:51:12-0400 | ETH 💓 alive | WS 0s ago | phase=MONITORING | losses=0/2 | pos=— | up=0.93 dn=0.09 strike=2328.28 mins=8.8
2026-05-09 15:52:12-0400 | ETH 💓 alive | WS 1s ago | phase=MONITORING | losses=0/2 | pos=— | up=0.93 dn=0.08 strike=2328.28 mins=7.8
2026-05-09 15:53:12-0400 | ETH 💓 alive | WS 1s ago | phase=MONITORING | losses=0/2 | pos=— | up=0.96 dn=0.04 strike=2328.28 mins=6.8
2026-05-09 15:54:12-0400 | ETH 💓 alive | WS 0s ago | phase=MONITORING | losses=0/2 | pos=— | up=0.98 dn=0.03 strike=2328.28 mins=5.8
2026-05-09 15:55:12-0400 | ETH 💓 alive | WS 1s ago | phase=MONITORING | losses=0/2 | pos=— | up=0.99 dn=0.01 strike=2328.28 mins=4.8
2026-05-09 15:56:12-0400 | ETH 💓 alive | WS 0s ago | phase=MONITORING | losses=0/2 | pos=— | up=0.99 dn=0.01 strike=2328.28 mins=3.8
2026-05-09 15:57:12-0400 | ETH 💓 alive | WS 1s ago | phase=MONITORING | losses=0/2 | pos=— | up=0.99 dn=0.01 strike=2328.28 mins=2.8
2026-05-09 15:58:13-0400 | ETH 💓 alive | WS 0s ago | phase=MONITORING | losses=0/2 | pos=— | up=0.99 dn=0.01 strike=2328.28 mins=1.8
2026-05-09 15:59:13-0400 | ETH 💓 alive | WS 0s ago | phase=MONITORING | losses=0/2 | pos=— | up=1.00 dn=0.01 strike=2328.28 mins=0.8
2026-05-09 16:00:09-0400 | ETH New session (KXETH15M-26MAY091615-15)
2026-05-09 16:00:10-0400 | ETH WS re-subscribed to KXETH15M-26MAY091615-15
2026-05-09 16:00:10-0400 | ETH WS subscribed: channel=orderbook_delta sid=16
2026-05-09 16:00:13-0400 | ETH 💓 alive | WS 1s ago | phase=WAIT_WINDOW | losses=0/2 | pos=— | up=0.49 dn=0.52 strike=2331.84 mins=14.8
2026-05-09 16:01:13-0400 | ETH 💓 alive | WS 0s ago | phase=WAIT_WINDOW | losses=0/2 | pos=— | up=0.51 dn=0.50 strike=2331.84 mins=13.8
2026-05-09 16:02:14-0400 | ETH 💓 alive | WS 0s ago | phase=WAIT_WINDOW | losses=0/2 | pos=— | up=0.58 dn=0.43 strike=2331.84 mins=12.8
2026-05-09 16:03:14-0400 | ETH 💓 alive | WS 0s ago | phase=WAIT_WINDOW | losses=0/2 | pos=— | up=0.46 dn=0.55 strike=2331.84 mins=11.8
2026-05-09 16:04:14-0400 | ETH 💓 alive | WS 0s ago | phase=WAIT_WINDOW | losses=0/2 | pos=— | up=0.27 dn=0.75 strike=2331.84 mins=10.8
2026-05-09 16:05:14-0400 | ETH 💓 alive | WS 0s ago | phase=MONITORING | losses=0/2 | pos=— | up=0.19 dn=0.82 strike=2331.84 mins=9.8
2026-05-09 16:06:14-0400 | ETH 💓 alive | WS 0s ago | phase=MONITORING | losses=0/2 | pos=— | up=0.14 dn=0.88 strike=2331.84 mins=8.8
2026-05-09 16:07:15-0400 | ETH 💓 alive | WS 0s ago | phase=MONITORING | losses=0/2 | pos=— | up=0.11 dn=0.92 strike=2331.84 mins=7.7
2026-05-09 16:08:15-0400 | ETH 💓 alive | WS 0s ago | phase=MONITORING | losses=0/2 | pos=— | up=0.06 dn=0.95 strike=2331.84 mins=6.7
2026-05-09 16:09:15-0400 | ETH 💓 alive | WS 0s ago | phase=MONITORING | losses=0/2 | pos=— | up=0.06 dn=0.95 strike=2331.84 mins=5.7
2026-05-09 16:10:15-0400 | ETH 💓 alive | WS 0s ago | phase=MONITORING | losses=0/2 | pos=— | up=0.03 dn=0.98 strike=2331.84 mins=4.7
2026-05-09 16:11:15-0400 | ETH 💓 alive | WS 1s ago | phase=MONITORING | losses=0/2 | pos=— | up=0.01 dn=0.99 strike=2331.84 mins=3.7
2026-05-09 16:12:16-0400 | ETH 💓 alive | WS 0s ago | phase=MONITORING | losses=0/2 | pos=— | up=0.01 dn=0.99 strike=2331.84 mins=2.7
2026-05-09 16:13:16-0400 | ETH 💓 alive | WS 0s ago | phase=MONITORING | losses=0/2 | pos=— | up=0.01 dn=0.99 strike=2331.84 mins=1.7
2026-05-09 16:14:17-0400 | ETH 💓 alive | WS 0s ago | phase=MONITORING | losses=0/2 | pos=— | up=0.00 dn=1.00 strike=2331.84 mins=0.7
2026-05-09 16:15:11-0400 | ETH New session (KXETH15M-26MAY091630-30)
2026-05-09 16:15:11-0400 | ETH WS re-subscribed to KXETH15M-26MAY091630-30
2026-05-09 16:15:11-0400 | ETH WS subscribed: channel=orderbook_delta sid=17
2026-05-09 16:15:17-0400 | ETH 💓 alive | WS 0s ago | phase=WAIT_WINDOW | losses=0/2 | pos=— | up=0.54 dn=0.64 strike=2328.35 mins=14.7
2026-05-09 16:16:18-0400 | ETH 💓 alive | WS 0s ago | phase=WAIT_WINDOW | losses=0/2 | pos=— | up=0.46 dn=0.55 strike=2328.35 mins=13.7
2026-05-09 16:17:18-0400 | ETH 💓 alive | WS 0s ago | phase=WAIT_WINDOW | losses=0/2 | pos=— | up=0.65 dn=0.38 strike=2328.35 mins=12.7
2026-05-09 16:18:18-0400 | ETH 💓 alive | WS 0s ago | phase=WAIT_WINDOW | losses=0/2 | pos=— | up=0.60 dn=0.41 strike=2328.35 mins=11.7
2026-05-09 16:19:18-0400 | ETH 💓 alive | WS 0s ago | phase=WAIT_WINDOW | losses=0/2 | pos=— | up=0.52 dn=0.50 strike=2328.35 mins=10.7
2026-05-09 16:20:18-0400 | ETH 💓 alive | WS 0s ago | phase=MONITORING | losses=0/2 | pos=— | up=0.58 dn=0.46 strike=2328.35 mins=9.7
2026-05-09 16:21:18-0400 | ETH 💓 alive | WS 1s ago | phase=MONITORING | losses=0/2 | pos=— | up=0.68 dn=0.36 strike=2328.35 mins=8.7
2026-05-09 16:22:19-0400 | ETH 💓 alive | WS 0s ago | phase=MONITORING | losses=0/2 | pos=— | up=0.68 dn=0.35 strike=2328.35 mins=7.7
2026-05-09 16:23:20-0400 | ETH 💓 alive | WS 0s ago | phase=MONITORING | losses=0/2 | pos=— | up=0.67 dn=0.35 strike=2328.35 mins=6.7
2026-05-09 16:24:20-0400 | ETH 💓 alive | WS 0s ago | phase=MONITORING | losses=0/2 | pos=— | up=0.46 dn=0.56 strike=2328.35 mins=5.7
2026-05-09 16:25:20-0400 | ETH 💓 alive | WS 0s ago | phase=MONITORING | losses=0/2 | pos=— | up=0.30 dn=0.74 strike=2328.35 mins=4.7
2026-05-09 16:26:21-0400 | ETH 💓 alive | WS 1s ago | phase=MONITORING | losses=0/2 | pos=— | up=0.61 dn=0.44 strike=2328.35 mins=3.6
2026-05-09 16:27:21-0400 | ETH 💓 alive | WS 1s ago | phase=MONITORING | losses=0/2 | pos=— | up=0.57 dn=0.47 strike=2328.35 mins=2.6
2026-05-09 16:28:22-0400 | ETH 💓 alive | WS 0s ago | phase=MONITORING | losses=0/2 | pos=— | up=0.78 dn=0.25 strike=2328.35 mins=1.6
2026-05-09 16:29:22-0400 | ETH 💓 alive | WS 0s ago | phase=MONITORING | losses=0/2 | pos=— | up=0.97 dn=0.05 strike=2328.35 mins=0.6
2026-05-09 16:30:14-0400 | ETH New session (KXETH15M-26MAY091645-45)
2026-05-09 16:30:15-0400 | ETH WS re-subscribed to KXETH15M-26MAY091645-45
2026-05-09 16:30:15-0400 | ETH WS subscribed: channel=orderbook_delta sid=18
2026-05-09 16:30:22-0400 | ETH 💓 alive | WS 0s ago | phase=WAIT_WINDOW | losses=0/2 | pos=— | up=0.59 dn=0.43 strike=2328.63 mins=14.6
2026-05-09 16:31:23-0400 | ETH 💓 alive | WS 0s ago | phase=WAIT_WINDOW | losses=0/2 | pos=— | up=0.48 dn=0.53 strike=2328.63 mins=13.6
2026-05-09 16:32:23-0400 | ETH 💓 alive | WS 0s ago | phase=WAIT_WINDOW | losses=0/2 | pos=— | up=0.46 dn=0.55 strike=2328.63 mins=12.6
2026-05-09 16:33:23-0400 | ETH 💓 alive | WS 0s ago | phase=WAIT_WINDOW | losses=0/2 | pos=— | up=0.41 dn=0.60 strike=2328.63 mins=11.6
2026-05-09 16:34:23-0400 | ETH 💓 alive | WS 0s ago | phase=WAIT_WINDOW | losses=0/2 | pos=— | up=0.22 dn=0.81 strike=2328.63 mins=10.6
2026-05-09 16:35:23-0400 | ETH 💓 alive | WS 0s ago | phase=MONITORING | losses=0/2 | pos=— | up=0.22 dn=0.79 strike=2328.63 mins=9.6
2026-05-09 16:36:24-0400 | ETH 💓 alive | WS 1s ago | phase=MONITORING | losses=0/2 | pos=— | up=0.34 dn=0.68 strike=2328.63 mins=8.6
2026-05-09 16:37:24-0400 | ETH 💓 alive | WS 0s ago | phase=MONITORING | losses=0/2 | pos=— | up=0.39 dn=0.64 strike=2328.63 mins=7.6
2026-05-09 16:38:24-0400 | ETH 💓 alive | WS 0s ago | phase=MONITORING | losses=0/2 | pos=— | up=0.46 dn=0.55 strike=2328.63 mins=6.6
2026-05-09 16:39:24-0400 | ETH 💓 alive | WS 0s ago | phase=MONITORING | losses=0/2 | pos=— | up=0.44 dn=0.58 strike=2328.63 mins=5.6
2026-05-09 16:40:25-0400 | ETH 💓 alive | WS 0s ago | phase=MONITORING | losses=0/2 | pos=— | up=0.52 dn=0.50 strike=2328.63 mins=4.6
2026-05-09 16:41:25-0400 | ETH 💓 alive | WS 0s ago | phase=MONITORING | losses=0/2 | pos=— | up=0.73 dn=0.29 strike=2328.63 mins=3.6
2026-05-09 16:42:25-0400 | ETH 💓 alive | WS 0s ago | phase=MONITORING | losses=0/2 | pos=— | up=0.81 dn=0.21 strike=2328.63 mins=2.6
2026-05-09 16:43:25-0400 | ETH 💓 alive | WS 1s ago | phase=MONITORING | losses=0/2 | pos=— | up=0.98 dn=0.02 strike=2328.63 mins=1.6
2026-05-09 16:44:25-0400 | ETH 💓 alive | WS 0s ago | phase=MONITORING | losses=0/2 | pos=— | up=0.99 dn=0.01 strike=2328.63 mins=0.6
2026-05-09 16:45:17-0400 | ETH New session (KXETH15M-26MAY091700-00)
2026-05-09 16:45:17-0400 | ETH WS re-subscribed to KXETH15M-26MAY091700-00
2026-05-09 16:45:17-0400 | ETH WS subscribed: channel=orderbook_delta sid=19
2026-05-09 16:45:26-0400 | ETH 💓 alive | WS 0s ago | phase=WAIT_WINDOW | losses=0/2 | pos=— | up=0.39 dn=0.65 strike=2329.54 mins=14.6
2026-05-09 16:46:26-0400 | ETH 💓 alive | WS 0s ago | phase=WAIT_WINDOW | losses=0/2 | pos=— | up=0.34 dn=0.68 strike=2329.54 mins=13.6
2026-05-09 16:47:26-0400 | ETH 💓 alive | WS 0s ago | phase=WAIT_WINDOW | losses=0/2 | pos=— | up=0.30 dn=0.71 strike=2329.54 mins=12.6
2026-05-09 16:48:27-0400 | ETH 💓 alive | WS 0s ago | phase=WAIT_WINDOW | losses=0/2 | pos=— | up=0.28 dn=0.75 strike=2329.54 mins=11.5
2026-05-09 16:49:28-0400 | ETH 💓 alive | WS 0s ago | phase=WAIT_WINDOW | losses=0/2 | pos=— | up=0.32 dn=0.71 strike=2329.54 mins=10.5
2026-05-09 16:50:28-0400 | ETH 💓 alive | WS 1s ago | phase=MONITORING | losses=0/2 | pos=— | up=0.23 dn=0.80 strike=2329.54 mins=9.5
2026-05-09 16:51:28-0400 | ETH 💓 alive | WS 0s ago | phase=MONITORING | losses=0/2 | pos=— | up=0.46 dn=0.55 strike=2329.54 mins=8.5
2026-05-09 16:52:28-0400 | ETH 💓 alive | WS 0s ago | phase=MONITORING | losses=0/2 | pos=— | up=0.44 dn=0.61 strike=2329.54 mins=7.5
2026-05-09 16:53:28-0400 | ETH 💓 alive | WS 0s ago | phase=MONITORING | losses=0/2 | pos=— | up=0.49 dn=0.54 strike=2329.54 mins=6.5
2026-05-09 16:54:28-0400 | ETH 💓 alive | WS 0s ago | phase=MONITORING | losses=0/2 | pos=— | up=0.54 dn=0.49 strike=2329.54 mins=5.5
2026-05-09 16:55:29-0400 | ETH 💓 alive | WS 0s ago | phase=MONITORING | losses=0/2 | pos=— | up=0.59 dn=0.42 strike=2329.54 mins=4.5
2026-05-09 16:56:29-0400 | ETH 💓 alive | WS 0s ago | phase=MONITORING | losses=0/2 | pos=— | up=0.25 dn=0.78 strike=2329.54 mins=3.5
2026-05-09 16:57:29-0400 | ETH 💓 alive | WS 0s ago | phase=MONITORING | losses=0/2 | pos=— | up=0.58 dn=0.46 strike=2329.54 mins=2.5
2026-05-09 16:58:30-0400 | ETH 💓 alive | WS 0s ago | phase=MONITORING | losses=0/2 | pos=— | up=0.40 dn=0.64 strike=2329.54 mins=1.5
2026-05-09 16:59:31-0400 | ETH 💓 alive | WS 0s ago | phase=MONITORING | losses=0/2 | pos=— | up=0.01 dn=1.00 strike=2329.54 mins=0.5
2026-05-09 17:00:20-0400 | ETH New session (KXETH15M-26MAY091715-15)
2026-05-09 17:00:21-0400 | ETH WS re-subscribed to KXETH15M-26MAY091715-15
2026-05-09 17:00:21-0400 | ETH WS subscribed: channel=orderbook_delta sid=20
2026-05-09 17:00:32-0400 | ETH 💓 alive | WS 0s ago | phase=WAIT_WINDOW | losses=0/2 | pos=— | up=0.55 dn=0.47 strike=2329.02 mins=14.5
2026-05-09 17:01:32-0400 | ETH 💓 alive | WS 1s ago | phase=WAIT_WINDOW | losses=0/2 | pos=— | up=0.54 dn=0.49 strike=2329.02 mins=13.5
2026-05-09 17:02:33-0400 | ETH 💓 alive | WS 0s ago | phase=WAIT_WINDOW | losses=0/2 | pos=— | up=0.64 dn=0.37 strike=2329.02 mins=12.4
2026-05-09 17:03:33-0400 | ETH 💓 alive | WS 0s ago | phase=WAIT_WINDOW | losses=0/2 | pos=— | up=0.62 dn=0.41 strike=2329.02 mins=11.4
2026-05-09 17:04:33-0400 | ETH 💓 alive | WS 0s ago | phase=WAIT_WINDOW | losses=0/2 | pos=— | up=0.56 dn=0.46 strike=2329.02 mins=10.4
2026-05-09 17:05:34-0400 | ETH 💓 alive | WS 0s ago | phase=MONITORING | losses=0/2 | pos=— | up=0.60 dn=0.43 strike=2329.02 mins=9.4
2026-05-09 17:06:34-0400 | ETH 💓 alive | WS 0s ago | phase=MONITORING | losses=0/2 | pos=— | up=0.80 dn=0.24 strike=2329.02 mins=8.4
2026-05-09 17:07:34-0400 | ETH 💓 alive | WS 0s ago | phase=MONITORING | losses=0/2 | pos=— | up=0.85 dn=0.19 strike=2329.02 mins=7.4
2026-05-09 17:08:35-0400 | ETH 💓 alive | WS 0s ago | phase=MONITORING | losses=0/2 | pos=— | up=0.84 dn=0.19 strike=2329.02 mins=6.4
2026-05-09 17:09:35-0400 | ETH 💓 alive | WS 0s ago | phase=MONITORING | losses=0/2 | pos=— | up=0.92 dn=0.12 strike=2329.02 mins=5.4
2026-05-09 17:10:35-0400 | ETH 💓 alive | WS 0s ago | phase=MONITORING | losses=0/2 | pos=— | up=0.94 dn=0.07 strike=2329.02 mins=4.4
2026-05-09 17:11:35-0400 | ETH 💓 alive | WS 0s ago | phase=MONITORING | losses=0/2 | pos=— | up=0.97 dn=0.03 strike=2329.02 mins=3.4
2026-05-09 17:12:36-0400 | ETH 💓 alive | WS 0s ago | phase=MONITORING | losses=0/2 | pos=— | up=0.99 dn=0.02 strike=2329.02 mins=2.4
2026-05-09 17:13:36-0400 | ETH 💓 alive | WS 1s ago | phase=MONITORING | losses=0/2 | pos=— | up=1.00 dn=0.01 strike=2329.02 mins=1.4
2026-05-09 17:14:38-0400 | ETH 💓 alive | WS 0s ago | phase=MONITORING | losses=0/2 | pos=— | up=1.00 dn=0.00 strike=2329.02 mins=0.4
2026-05-09 17:15:24-0400 | ETH New session (KXETH15M-26MAY091730-30)
2026-05-09 17:15:25-0400 | ETH WS re-subscribed to KXETH15M-26MAY091730-30
2026-05-09 17:15:25-0400 | ETH WS subscribed: channel=orderbook_delta sid=21
2026-05-09 17:15:38-0400 | ETH 💓 alive | WS 0s ago | phase=WAIT_WINDOW | losses=0/2 | pos=— | up=0.48 dn=0.53 strike=2330.42 mins=14.4
2026-05-09 17:16:38-0400 | ETH 💓 alive | WS 2s ago | phase=WAIT_WINDOW | losses=0/2 | pos=— | up=0.63 dn=0.39 strike=2330.42 mins=13.4
2026-05-09 17:17:39-0400 | ETH 💓 alive | WS 0s ago | phase=WAIT_WINDOW | losses=0/2 | pos=— | up=0.60 dn=0.41 strike=2330.42 mins=12.3
2026-05-09 17:18:39-0400 | ETH 💓 alive | WS 0s ago | phase=WAIT_WINDOW | losses=0/2 | pos=— | up=0.47 dn=0.54 strike=2330.42 mins=11.3
2026-05-09 17:19:39-0400 | ETH 💓 alive | WS 0s ago | phase=WAIT_WINDOW | losses=0/2 | pos=— | up=0.50 dn=0.53 strike=2330.42 mins=10.3
2026-05-09 17:20:39-0400 | ETH 💓 alive | WS 0s ago | phase=MONITORING | losses=0/2 | pos=— | up=0.33 dn=0.71 strike=2330.42 mins=9.3
2026-05-09 17:21:40-0400 | ETH 💓 alive | WS 1s ago | phase=MONITORING | losses=0/2 | pos=— | up=0.18 dn=0.85 strike=2330.42 mins=8.3
2026-05-09 17:22:40-0400 | ETH 💓 alive | WS 0s ago | phase=MONITORING | losses=0/2 | pos=— | up=0.23 dn=0.78 strike=2330.42 mins=7.3
2026-05-09 17:23:41-0400 | ETH 💓 alive | WS 0s ago | phase=MONITORING | losses=0/2 | pos=— | up=0.14 dn=0.90 strike=2330.42 mins=6.3
2026-05-09 17:24:41-0400 | ETH 💓 alive | WS 0s ago | phase=MONITORING | losses=0/2 | pos=— | up=0.05 dn=0.97 strike=2330.42 mins=5.3
2026-05-09 17:25:41-0400 | ETH 💓 alive | WS 0s ago | phase=MONITORING | losses=0/2 | pos=— | up=0.06 dn=0.97 strike=2330.42 mins=4.3
2026-05-09 17:26:41-0400 | ETH 💓 alive | WS 0s ago | phase=MONITORING | losses=0/2 | pos=— | up=0.02 dn=0.99 strike=2330.42 mins=3.3
2026-05-09 17:27:41-0400 | ETH 💓 alive | WS 0s ago | phase=MONITORING | losses=0/2 | pos=— | up=0.04 dn=0.97 strike=2330.42 mins=2.3
2026-05-09 17:28:41-0400 | ETH 💓 alive | WS 0s ago | phase=MONITORING | losses=0/2 | pos=— | up=0.10 dn=0.95 strike=2330.42 mins=1.3
2026-05-09 17:29:42-0400 | ETH 💓 alive | WS 1s ago | phase=MONITORING | losses=0/2 | pos=— | up=0.06 dn=0.98 strike=2330.42 mins=0.3
2026-05-09 17:30:28-0400 | ETH New session (KXETH15M-26MAY091745-45)
2026-05-09 17:30:28-0400 | ETH WS re-subscribed to KXETH15M-26MAY091745-45
2026-05-09 17:30:29-0400 | ETH WS subscribed: channel=orderbook_delta sid=22
2026-05-09 17:30:43-0400 | ETH 💓 alive | WS 1s ago | phase=WAIT_WINDOW | losses=0/2 | pos=— | up=0.54 dn=0.47 strike=2330.13 mins=14.3
2026-05-09 17:31:43-0400 | ETH 💓 alive | WS 0s ago | phase=WAIT_WINDOW | losses=0/2 | pos=— | up=0.47 dn=0.56 strike=2330.13 mins=13.3
2026-05-09 17:32:43-0400 | ETH 💓 alive | WS 0s ago | phase=WAIT_WINDOW | losses=0/2 | pos=— | up=0.34 dn=0.69 strike=2330.13 mins=12.3
2026-05-09 17:33:43-0400 | ETH 💓 alive | WS 0s ago | phase=WAIT_WINDOW | losses=0/2 | pos=— | up=0.33 dn=0.69 strike=2330.13 mins=11.3
2026-05-09 17:34:43-0400 | ETH 💓 alive | WS 1s ago | phase=WAIT_WINDOW | losses=0/2 | pos=— | up=0.33 dn=0.70 strike=2330.13 mins=10.3
2026-05-09 17:35:43-0400 | ETH 💓 alive | WS 0s ago | phase=MONITORING | losses=0/2 | pos=— | up=0.35 dn=0.67 strike=2330.13 mins=9.3
2026-05-09 17:36:43-0400 | ETH 💓 alive | WS 0s ago | phase=MONITORING | losses=0/2 | pos=— | up=0.31 dn=0.71 strike=2330.13 mins=8.3
2026-05-09 17:37:44-0400 | ETH 💓 alive | WS 0s ago | phase=MONITORING | losses=0/2 | pos=— | up=0.31 dn=0.72 strike=2330.13 mins=7.3
2026-05-09 17:38:44-0400 | ETH 💓 alive | WS 1s ago | phase=MONITORING | losses=0/2 | pos=— | up=0.18 dn=0.85 strike=2330.13 mins=6.3
2026-05-09 17:39:44-0400 | ETH 💓 alive | WS 0s ago | phase=MONITORING | losses=0/2 | pos=— | up=0.15 dn=0.88 strike=2330.13 mins=5.3
2026-05-09 17:40:45-0400 | ETH 💓 alive | WS 0s ago | phase=MONITORING | losses=0/2 | pos=— | up=0.28 dn=0.77 strike=2330.13 mins=4.2
2026-05-09 17:41:45-0400 | ETH 💓 alive | WS 0s ago | phase=MONITORING | losses=0/2 | pos=— | up=0.14 dn=0.88 strike=2330.13 mins=3.2
2026-05-09 17:42:45-0400 | ETH 💓 alive | WS 0s ago | phase=MONITORING | losses=0/2 | pos=— | up=0.74 dn=0.28 strike=2330.13 mins=2.2
2026-05-09 17:43:46-0400 | ETH 💓 alive | WS 1s ago | phase=MONITORING | losses=0/2 | pos=— | up=0.03 dn=0.97 strike=2330.13 mins=1.2
2026-05-09 17:44:46-0400 | ETH 💓 alive | WS 0s ago | phase=MONITORING | losses=0/2 | pos=— | up=0.01 dn=0.99 strike=2330.13 mins=0.2
2026-05-09 17:45:01-0400 | ETH New session (KXETH15M-26MAY091800-00)
2026-05-09 17:45:02-0400 | ETH WS re-subscribed to KXETH15M-26MAY091800-00
2026-05-09 17:45:02-0400 | ETH WS subscribed: channel=orderbook_delta sid=23
2026-05-09 17:45:47-0400 | ETH 💓 alive | WS 1s ago | phase=WAIT_WINDOW | losses=0/2 | pos=— | up=0.49 dn=0.52 strike=2329.79 mins=14.2
2026-05-09 17:46:47-0400 | ETH 💓 alive | WS 0s ago | phase=WAIT_WINDOW | losses=0/2 | pos=— | up=0.44 dn=0.58 strike=2329.79 mins=13.2
2026-05-09 17:47:47-0400 | ETH 💓 alive | WS 0s ago | phase=WAIT_WINDOW | losses=0/2 | pos=— | up=0.31 dn=0.73 strike=2329.79 mins=12.2
2026-05-09 17:48:47-0400 | ETH 💓 alive | WS 1s ago | phase=WAIT_WINDOW | losses=0/2 | pos=— | up=0.39 dn=0.63 strike=2329.79 mins=11.2
2026-05-09 17:49:48-0400 | ETH 💓 alive | WS 0s ago | phase=WAIT_WINDOW | losses=0/2 | pos=— | up=0.67 dn=0.34 strike=2329.79 mins=10.2
2026-05-09 17:50:48-0400 | ETH 💓 alive | WS 0s ago | phase=MONITORING | losses=0/2 | pos=— | up=0.69 dn=0.32 strike=2329.79 mins=9.2
2026-05-09 17:51:48-0400 | ETH 💓 alive | WS 0s ago | phase=MONITORING | losses=0/2 | pos=— | up=0.66 dn=0.36 strike=2329.79 mins=8.2
2026-05-09 17:52:48-0400 | ETH 💓 alive | WS 0s ago | phase=MONITORING | losses=0/2 | pos=— | up=0.64 dn=0.40 strike=2329.79 mins=7.2
2026-05-09 17:53:48-0400 | ETH 💓 alive | WS 1s ago | phase=MONITORING | losses=0/2 | pos=— | up=0.54 dn=0.48 strike=2329.79 mins=6.2
2026-05-09 17:54:49-0400 | ETH 💓 alive | WS 0s ago | phase=MONITORING | losses=0/2 | pos=— | up=0.91 dn=0.12 strike=2329.79 mins=5.2
2026-05-09 17:55:49-0400 | ETH 💓 alive | WS 0s ago | phase=MONITORING | losses=0/2 | pos=— | up=0.76 dn=0.28 strike=2329.79 mins=4.2
2026-05-09 17:56:49-0400 | ETH 💓 alive | WS 0s ago | phase=MONITORING | losses=0/2 | pos=— | up=0.83 dn=0.20 strike=2329.79 mins=3.2
2026-05-09 17:57:50-0400 | ETH 💓 alive | WS 0s ago | phase=MONITORING | losses=0/2 | pos=— | up=0.98 dn=0.06 strike=2329.79 mins=2.2
2026-05-09 17:58:50-0400 | ETH 💓 alive | WS 0s ago | phase=MONITORING | losses=0/2 | pos=— | up=0.98 dn=0.02 strike=2329.79 mins=1.2
2026-05-09 17:59:50-0400 | ETH 💓 alive | WS 1s ago | phase=MONITORING | losses=0/2 | pos=— | up=1.00 dn=0.00 strike=2329.79 mins=0.2
2026-05-09 18:00:05-0400 | ETH New session (KXETH15M-26MAY091815-15)
2026-05-09 18:00:06-0400 | ETH WS re-subscribed to KXETH15M-26MAY091815-15
2026-05-09 18:00:06-0400 | ETH WS subscribed: channel=orderbook_delta sid=24
2026-05-09 18:00:51-0400 | ETH 💓 alive | WS 0s ago | phase=WAIT_WINDOW | losses=0/2 | pos=— | up=0.53 dn=0.50 strike=2330.68 mins=14.1
2026-05-09 18:01:51-0400 | ETH 💓 alive | WS 0s ago | phase=WAIT_WINDOW | losses=0/2 | pos=— | up=0.53 dn=0.48 strike=2330.68 mins=13.1
2026-05-09 18:02:51-0400 | ETH 💓 alive | WS 0s ago | phase=WAIT_WINDOW | losses=0/2 | pos=— | up=0.60 dn=0.41 strike=2330.68 mins=12.1
2026-05-09 18:03:51-0400 | ETH 💓 alive | WS 0s ago | phase=WAIT_WINDOW | losses=0/2 | pos=— | up=0.43 dn=0.60 strike=2330.68 mins=11.1
2026-05-09 18:04:52-0400 | ETH 💓 alive | WS 0s ago | phase=WAIT_WINDOW | losses=0/2 | pos=— | up=0.51 dn=0.50 strike=2330.68 mins=10.1
2026-05-09 18:05:52-0400 | ETH 💓 alive | WS 0s ago | phase=MONITORING | losses=0/2 | pos=— | up=0.56 dn=0.47 strike=2330.68 mins=9.1
2026-05-09 18:06:52-0400 | ETH 💓 alive | WS 0s ago | phase=MONITORING | losses=0/2 | pos=— | up=0.29 dn=0.72 strike=2330.68 mins=8.1
2026-05-09 18:07:52-0400 | ETH 💓 alive | WS 0s ago | phase=MONITORING | losses=0/2 | pos=— | up=0.38 dn=0.63 strike=2330.68 mins=7.1
2026-05-09 18:08:53-0400 | ETH 💓 alive | WS 0s ago | phase=MONITORING | losses=0/2 | pos=— | up=0.18 dn=0.84 strike=2330.68 mins=6.1
2026-05-09 18:09:53-0400 | ETH 💓 alive | WS 0s ago | phase=MONITORING | losses=0/2 | pos=— | up=0.23 dn=0.81 strike=2330.68 mins=5.1
2026-05-09 18:10:53-0400 | ETH 💓 alive | WS 0s ago | phase=MONITORING | losses=0/2 | pos=— | up=0.10 dn=0.91 strike=2330.68 mins=4.1
2026-05-09 18:11:54-0400 | ETH 💓 alive | WS 0s ago | phase=MONITORING | losses=0/2 | pos=— | up=0.11 dn=0.91 strike=2330.68 mins=3.1
2026-05-09 18:12:54-0400 | ETH 💓 alive | WS 1s ago | phase=MONITORING | losses=0/2 | pos=— | up=0.06 dn=0.94 strike=2330.68 mins=2.1
2026-05-09 18:13:54-0400 | ETH 💓 alive | WS 1s ago | phase=MONITORING | losses=0/2 | pos=— | up=0.01 dn=1.00 strike=2330.68 mins=1.1
2026-05-09 18:14:55-0400 | ETH 💓 alive | WS 0s ago | phase=MONITORING | losses=0/2 | pos=— | up=0.00 dn=1.00 strike=2330.68 mins=0.1
2026-05-09 18:15:10-0400 | ETH New session (KXETH15M-26MAY091830-30)
2026-05-09 18:15:11-0400 | ETH WS re-subscribed to KXETH15M-26MAY091830-30
2026-05-09 18:15:11-0400 | ETH WS subscribed: channel=orderbook_delta sid=25
2026-05-09 18:15:56-0400 | ETH 💓 alive | WS 0s ago | phase=WAIT_WINDOW | losses=0/2 | pos=— | up=0.65 dn=0.36 strike=2329.81 mins=14.1
2026-05-09 18:16:56-0400 | ETH 💓 alive | WS 0s ago | phase=WAIT_WINDOW | losses=0/2 | pos=— | up=0.75 dn=0.27 strike=2329.81 mins=13.1
2026-05-09 18:17:56-0400 | ETH 💓 alive | WS 0s ago | phase=WAIT_WINDOW | losses=0/2 | pos=— | up=0.78 dn=0.25 strike=2329.81 mins=12.1
2026-05-09 18:18:57-0400 | ETH 💓 alive | WS 2s ago | phase=WAIT_WINDOW | losses=0/2 | pos=— | up=0.82 dn=0.21 strike=2329.81 mins=11.0
2026-05-09 18:19:57-0400 | ETH 💓 alive | WS 0s ago | phase=WAIT_WINDOW | losses=0/2 | pos=— | up=0.78 dn=0.24 strike=2329.81 mins=10.0
2026-05-09 18:20:57-0400 | ETH 💓 alive | WS 1s ago | phase=MONITORING | losses=0/2 | pos=— | up=0.83 dn=0.21 strike=2329.81 mins=9.0
2026-05-09 18:21:58-0400 | ETH 💓 alive | WS 0s ago | phase=MONITORING | losses=0/2 | pos=— | up=0.88 dn=0.14 strike=2329.81 mins=8.0
2026-05-09 18:22:58-0400 | ETH 💓 alive | WS 0s ago | phase=MONITORING | losses=0/2 | pos=— | up=0.83 dn=0.20 strike=2329.81 mins=7.0
2026-05-09 18:23:59-0400 | ETH 💓 alive | WS 0s ago | phase=MONITORING | losses=0/2 | pos=— | up=0.76 dn=0.27 strike=2329.81 mins=6.0
2026-05-09 18:24:59-0400 | ETH 💓 alive | WS 0s ago | phase=MONITORING | losses=0/2 | pos=— | up=0.86 dn=0.16 strike=2329.81 mins=5.0
2026-05-09 18:25:59-0400 | ETH 💓 alive | WS 0s ago | phase=MONITORING | losses=0/2 | pos=— | up=0.90 dn=0.13 strike=2329.81 mins=4.0
2026-05-09 18:26:59-0400 | ETH 💓 alive | WS 1s ago | phase=MONITORING | losses=0/2 | pos=— | up=0.96 dn=0.08 strike=2329.81 mins=3.0
2026-05-09 18:28:00-0400 | ETH 💓 alive | WS 1s ago | phase=MONITORING | losses=0/2 | pos=— | up=0.98 dn=0.04 strike=2329.81 mins=2.0
2026-05-09 18:29:00-0400 | ETH 💓 alive | WS 0s ago | phase=MONITORING | losses=0/2 | pos=— | up=1.00 dn=0.01 strike=2329.81 mins=1.0
2026-05-09 18:30:02-0400 | ETH 💓 alive | WS 1s ago | phase=MONITORING | losses=0/2 | pos=— | up=1.00 dn=0.00 strike=2329.81 mins=-0.0
2026-05-09 18:30:14-0400 | ETH New session (KXETH15M-26MAY091845-45)
2026-05-09 18:30:14-0400 | ETH WS re-subscribed to KXETH15M-26MAY091845-45
2026-05-09 18:30:14-0400 | ETH WS subscribed: channel=orderbook_delta sid=26
2026-05-09 18:31:02-0400 | ETH 💓 alive | WS 0s ago | phase=WAIT_WINDOW | losses=0/2 | pos=— | up=0.26 dn=0.77 strike=2331.07 mins=14.0
2026-05-09 18:32:02-0400 | ETH 💓 alive | WS 0s ago | phase=WAIT_WINDOW | losses=0/2 | pos=— | up=0.12 dn=0.89 strike=2331.07 mins=13.0
2026-05-09 18:33:02-0400 | ETH 💓 alive | WS 0s ago | phase=WAIT_WINDOW | losses=0/2 | pos=— | up=0.04 dn=0.97 strike=2331.07 mins=12.0
2026-05-09 18:34:02-0400 | ETH 💓 alive | WS 0s ago | phase=WAIT_WINDOW | losses=0/2 | pos=— | up=0.05 dn=0.96 strike=2331.07 mins=11.0
2026-05-09 18:35:02-0400 | ETH 💓 alive | WS 0s ago | phase=MONITORING | losses=0/2 | pos=— | up=0.33 dn=0.69 strike=2331.07 mins=10.0
2026-05-09 18:36:03-0400 | ETH 💓 alive | WS 0s ago | phase=MONITORING | losses=0/2 | pos=— | up=0.36 dn=0.66 strike=2331.07 mins=8.9
2026-05-09 18:37:03-0400 | ETH 💓 alive | WS 0s ago | phase=MONITORING | losses=0/2 | pos=— | up=0.25 dn=0.79 strike=2331.07 mins=7.9
2026-05-09 18:38:03-0400 | ETH 💓 alive | WS 0s ago | phase=MONITORING | losses=0/2 | pos=— | up=0.17 dn=0.87 strike=2331.07 mins=6.9
2026-05-09 18:39:03-0400 | ETH 💓 alive | WS 0s ago | phase=MONITORING | losses=0/2 | pos=— | up=0.47 dn=0.56 strike=2331.07 mins=5.9
2026-05-09 18:40:04-0400 | ETH 💓 alive | WS 0s ago | phase=MONITORING | losses=0/2 | pos=— | up=0.49 dn=0.55 strike=2331.07 mins=4.9
2026-05-09 18:41:04-0400 | ETH 💓 alive | WS 0s ago | phase=MONITORING | losses=0/2 | pos=— | up=0.41 dn=0.63 strike=2331.07 mins=3.9
2026-05-09 18:42:04-0400 | ETH 💓 alive | WS 0s ago | phase=MONITORING | losses=0/2 | pos=— | up=0.38 dn=0.66 strike=2331.07 mins=2.9
2026-05-09 18:43:04-0400 | ETH 💓 alive | WS 0s ago | phase=MONITORING | losses=0/2 | pos=— | up=0.97 dn=0.05 strike=2331.07 mins=1.9
2026-05-09 18:44:05-0400 | ETH 💓 alive | WS 0s ago | phase=MONITORING | losses=0/2 | pos=— | up=0.99 dn=0.01 strike=2331.07 mins=0.9
2026-05-09 18:45:05-0400 | ETH 💓 alive | WS 5s ago | phase=MONITORING | losses=0/2 | pos=— | up=1.00 dn=0.00 strike=2331.07 mins=-0.1
2026-05-09 18:45:15-0400 | ETH New session (KXETH15M-26MAY091900-00)
2026-05-09 18:45:16-0400 | ETH WS re-subscribed to KXETH15M-26MAY091900-00
2026-05-09 18:45:16-0400 | ETH WS subscribed: channel=orderbook_delta sid=27
2026-05-09 18:46:05-0400 | ETH 💓 alive | WS 0s ago | phase=WAIT_WINDOW | losses=0/2 | pos=— | up=0.42 dn=0.60 strike=2332.85 mins=13.9
2026-05-09 18:47:06-0400 | ETH 💓 alive | WS 0s ago | phase=WAIT_WINDOW | losses=0/2 | pos=— | up=0.50 dn=0.53 strike=2332.85 mins=12.9
2026-05-09 18:48:06-0400 | ETH 💓 alive | WS 0s ago | phase=WAIT_WINDOW | losses=0/2 | pos=— | up=0.32 dn=0.70 strike=2332.85 mins=11.9
2026-05-09 18:49:06-0400 | ETH 💓 alive | WS 0s ago | phase=WAIT_WINDOW | losses=0/2 | pos=— | up=0.27 dn=0.77 strike=2332.85 mins=10.9
2026-05-09 18:50:06-0400 | ETH 💓 alive | WS 0s ago | phase=MONITORING | losses=0/2 | pos=— | up=0.15 dn=0.87 strike=2332.85 mins=9.9
2026-05-09 18:51:07-0400 | ETH 💓 alive | WS 0s ago | phase=MONITORING | losses=0/2 | pos=— | up=0.15 dn=0.87 strike=2332.85 mins=8.9
2026-05-09 18:52:07-0400 | ETH 💓 alive | WS 0s ago | phase=MONITORING | losses=0/2 | pos=— | up=0.13 dn=0.90 strike=2332.85 mins=7.9
2026-05-09 18:53:07-0400 | ETH 💓 alive | WS 0s ago | phase=MONITORING | losses=0/2 | pos=— | up=0.15 dn=0.88 strike=2332.85 mins=6.9
2026-05-09 18:54:07-0400 | ETH 💓 alive | WS 0s ago | phase=MONITORING | losses=0/2 | pos=— | up=0.09 dn=0.93 strike=2332.85 mins=5.9
2026-05-09 18:55:08-0400 | ETH 💓 alive | WS 0s ago | phase=MONITORING | losses=0/2 | pos=— | up=0.03 dn=0.98 strike=2332.85 mins=4.9
2026-05-09 18:56:08-0400 | ETH 💓 alive | WS 0s ago | phase=MONITORING | losses=0/2 | pos=— | up=0.02 dn=0.99 strike=2332.85 mins=3.9
2026-05-09 18:57:08-0400 | ETH 💓 alive | WS 0s ago | phase=MONITORING | losses=0/2 | pos=— | up=0.01 dn=1.00 strike=2332.85 mins=2.9
2026-05-09 18:58:08-0400 | ETH 💓 alive | WS 0s ago | phase=MONITORING | losses=0/2 | pos=— | up=0.01 dn=1.00 strike=2332.85 mins=1.9
2026-05-09 18:59:08-0400 | ETH 💓 alive | WS 0s ago | phase=MONITORING | losses=0/2 | pos=— | up=0.01 dn=1.00 strike=2332.85 mins=0.9
2026-05-09 19:00:09-0400 | ETH 💓 alive | WS 9s ago | phase=MONITORING | losses=0/2 | pos=— | up=0.00 dn=1.00 strike=2332.85 mins=-0.2
2026-05-09 19:00:20-0400 | ETH New session (KXETH15M-26MAY091915-15)
2026-05-09 19:00:21-0400 | ETH WS re-subscribed to KXETH15M-26MAY091915-15
2026-05-09 19:00:21-0400 | ETH WS subscribed: channel=orderbook_delta sid=28
2026-05-09 19:01:10-0400 | ETH 💓 alive | WS 0s ago | phase=WAIT_WINDOW | losses=0/2 | pos=— | up=0.71 dn=0.32 strike=2329.44 mins=13.8
2026-05-09 19:02:10-0400 | ETH 💓 alive | WS 0s ago | phase=WAIT_WINDOW | losses=0/2 | pos=— | up=0.77 dn=0.27 strike=2329.44 mins=12.8
2026-05-09 19:03:11-0400 | ETH 💓 alive | WS 1s ago | phase=WAIT_WINDOW | losses=0/2 | pos=— | up=0.74 dn=0.30 strike=2329.44 mins=11.8
2026-05-09 19:04:11-0400 | ETH 💓 alive | WS 0s ago | phase=WAIT_WINDOW | losses=0/2 | pos=— | up=0.88 dn=0.15 strike=2329.44 mins=10.8
2026-05-09 19:05:11-0400 | ETH 💓 alive | WS 0s ago | phase=MONITORING | losses=0/2 | pos=— | up=0.67 dn=0.37 strike=2329.44 mins=9.8
2026-05-09 19:06:11-0400 | ETH 💓 alive | WS 0s ago | phase=MONITORING | losses=0/2 | pos=— | up=0.50 dn=0.53 strike=2329.44 mins=8.8
2026-05-09 19:07:12-0400 | ETH 💓 alive | WS 0s ago | phase=MONITORING | losses=0/2 | pos=— | up=0.43 dn=0.60 strike=2329.44 mins=7.8
2026-05-09 19:08:12-0400 | ETH 💓 alive | WS 0s ago | phase=MONITORING | losses=0/2 | pos=— | up=0.18 dn=0.83 strike=2329.44 mins=6.8
2026-05-09 19:09:12-0400 | ETH 💓 alive | WS 0s ago | phase=MONITORING | losses=0/2 | pos=— | up=0.14 dn=0.89 strike=2329.44 mins=5.8
2026-05-09 19:10:13-0400 | ETH 💓 alive | WS 0s ago | phase=MONITORING | losses=0/2 | pos=— | up=0.08 dn=0.95 strike=2329.44 mins=4.8
2026-05-09 19:11:13-0400 | ETH 💓 alive | WS 1s ago | phase=MONITORING | losses=0/2 | pos=— | up=0.05 dn=0.97 strike=2329.44 mins=3.8
2026-05-09 19:12:13-0400 | ETH 💓 alive | WS 0s ago | phase=MONITORING | losses=0/2 | pos=— | up=0.05 dn=0.97 strike=2329.44 mins=2.8
2026-05-09 19:13:13-0400 | ETH 💓 alive | WS 0s ago | phase=MONITORING | losses=0/2 | pos=— | up=0.03 dn=0.98 strike=2329.44 mins=1.8
2026-05-09 19:14:14-0400 | ETH 💓 alive | WS 0s ago | phase=MONITORING | losses=0/2 | pos=— | up=0.01 dn=0.99 strike=2329.44 mins=0.8
2026-05-09 19:15:15-0400 | ETH 💓 alive | WS 14s ago | phase=MONITORING | losses=0/2 | pos=— | up=0.00 dn=1.00 strike=2329.44 mins=-0.3
2026-05-09 19:15:23-0400 | ETH New session (KXETH15M-26MAY091930-30)
2026-05-09 19:15:23-0400 | ETH WS re-subscribed to KXETH15M-26MAY091930-30
2026-05-09 19:15:23-0400 | ETH WS subscribed: channel=orderbook_delta sid=29
2026-05-09 19:16:15-0400 | ETH 💓 alive | WS 0s ago | phase=WAIT_WINDOW | losses=0/2 | pos=— | up=0.42 dn=0.59 strike=2327.88 mins=13.7
2026-05-09 19:17:15-0400 | ETH 💓 alive | WS 0s ago | phase=WAIT_WINDOW | losses=0/2 | pos=— | up=0.45 dn=0.57 strike=2327.88 mins=12.7
2026-05-09 19:18:15-0400 | ETH 💓 alive | WS 0s ago | phase=WAIT_WINDOW | losses=0/2 | pos=— | up=0.45 dn=0.59 strike=2327.88 mins=11.7
2026-05-09 19:19:16-0400 | ETH 💓 alive | WS 0s ago | phase=WAIT_WINDOW | losses=0/2 | pos=— | up=0.31 dn=0.72 strike=2327.88 mins=10.7
2026-05-09 19:20:16-0400 | ETH 💓 alive | WS 0s ago | phase=MONITORING | losses=0/2 | pos=— | up=0.27 dn=0.77 strike=2327.88 mins=9.7
2026-05-09 19:21:16-0400 | ETH 💓 alive | WS 0s ago | phase=MONITORING | losses=0/2 | pos=— | up=0.27 dn=0.76 strike=2327.88 mins=8.7
2026-05-09 19:22:16-0400 | ETH 💓 alive | WS 0s ago | phase=MONITORING | losses=0/2 | pos=— | up=0.26 dn=0.78 strike=2327.88 mins=7.7
2026-05-09 19:23:16-0400 | ETH 💓 alive | WS 0s ago | phase=MONITORING | losses=0/2 | pos=— | up=0.12 dn=0.89 strike=2327.88 mins=6.7
2026-05-09 19:24:17-0400 | ETH 💓 alive | WS 0s ago | phase=MONITORING | losses=0/2 | pos=— | up=0.11 dn=0.91 strike=2327.88 mins=5.7
2026-05-09 19:25:17-0400 | ETH 💓 alive | WS 0s ago | phase=MONITORING | losses=0/2 | pos=— | up=0.08 dn=0.93 strike=2327.88 mins=4.7
2026-05-09 19:26:17-0400 | ETH 💓 alive | WS 0s ago | phase=MONITORING | losses=0/2 | pos=— | up=0.09 dn=0.94 strike=2327.88 mins=3.7
2026-05-09 19:27:17-0400 | ETH 💓 alive | WS 0s ago | phase=MONITORING | losses=0/2 | pos=— | up=0.02 dn=0.99 strike=2327.88 mins=2.7
2026-05-09 19:28:17-0400 | ETH 💓 alive | WS 1s ago | phase=MONITORING | losses=0/2 | pos=— | up=0.01 dn=1.00 strike=2327.88 mins=1.7
2026-05-09 19:29:18-0400 | ETH 💓 alive | WS 0s ago | phase=MONITORING | losses=0/2 | pos=— | up=0.01 dn=1.00 strike=2327.88 mins=0.7
2026-05-09 19:30:18-0400 | ETH 💓 alive | WS 17s ago | phase=MONITORING | losses=0/2 | pos=— | up=0.00 dn=1.00 strike=2327.88 mins=-0.3
2026-05-09 19:30:27-0400 | ETH New session (KXETH15M-26MAY091945-45)
2026-05-09 19:30:28-0400 | ETH WS re-subscribed to KXETH15M-26MAY091945-45
2026-05-09 19:30:28-0400 | ETH WS subscribed: channel=orderbook_delta sid=30
2026-05-09 19:31:18-0400 | ETH 💓 alive | WS 0s ago | phase=WAIT_WINDOW | losses=0/2 | pos=— | up=0.53 dn=0.48 strike=2326.25 mins=13.7
2026-05-09 19:32:18-0400 | ETH 💓 alive | WS 0s ago | phase=WAIT_WINDOW | losses=0/2 | pos=— | up=0.33 dn=0.68 strike=2326.25 mins=12.7
2026-05-09 19:33:19-0400 | ETH 💓 alive | WS 0s ago | phase=WAIT_WINDOW | losses=0/2 | pos=— | up=0.40 dn=0.62 strike=2326.25 mins=11.7
2026-05-09 19:34:19-0400 | ETH 💓 alive | WS 0s ago | phase=WAIT_WINDOW | losses=0/2 | pos=— | up=0.37 dn=0.66 strike=2326.25 mins=10.7
2026-05-09 19:35:19-0400 | ETH 💓 alive | WS 0s ago | phase=MONITORING | losses=0/2 | pos=— | up=0.44 dn=0.60 strike=2326.25 mins=9.7
2026-05-09 19:36:20-0400 | ETH 💓 alive | WS 1s ago | phase=MONITORING | losses=0/2 | pos=— | up=0.62 dn=0.42 strike=2326.25 mins=8.7
2026-05-09 19:37:20-0400 | ETH 💓 alive | WS 0s ago | phase=MONITORING | losses=0/2 | pos=— | up=0.67 dn=0.35 strike=2326.25 mins=7.7
2026-05-09 19:38:20-0400 | ETH 💓 alive | WS 0s ago | phase=MONITORING | losses=0/2 | pos=— | up=0.56 dn=0.48 strike=2326.25 mins=6.7
2026-05-09 19:39:21-0400 | ETH 💓 alive | WS 0s ago | phase=MONITORING | losses=0/2 | pos=— | up=0.54 dn=0.47 strike=2326.25 mins=5.6
2026-05-09 19:40:21-0400 | ETH 💓 alive | WS 0s ago | phase=MONITORING | losses=0/2 | pos=— | up=0.09 dn=0.93 strike=2326.25 mins=4.6
2026-05-09 19:41:21-0400 | ETH 💓 alive | WS 0s ago | phase=MONITORING | losses=0/2 | pos=— | up=0.04 dn=0.98 strike=2326.25 mins=3.6
2026-05-09 19:42:22-0400 | ETH 💓 alive | WS 0s ago | phase=MONITORING | losses=0/2 | pos=— | up=0.03 dn=0.98 strike=2326.25 mins=2.6
2026-05-09 19:43:22-0400 | ETH 💓 alive | WS 0s ago | phase=MONITORING | losses=0/2 | pos=— | up=0.01 dn=1.00 strike=2326.25 mins=1.6
2026-05-09 19:44:22-0400 | ETH 💓 alive | WS 1s ago | phase=MONITORING | losses=0/2 | pos=— | up=0.01 dn=1.00 strike=2326.25 mins=0.6
2026-05-09 19:45:23-0400 | ETH 💓 alive | WS 22s ago | phase=MONITORING | losses=0/2 | pos=— | up=0.00 dn=1.00 strike=2326.25 mins=-0.4
2026-05-09 19:45:30-0400 | ETH New session (KXETH15M-26MAY092000-00)
2026-05-09 19:45:30-0400 | ETH WS re-subscribed to KXETH15M-26MAY092000-00
2026-05-09 19:45:30-0400 | ETH WS subscribed: channel=orderbook_delta sid=31
2026-05-09 19:46:23-0400 | ETH 💓 alive | WS 0s ago | phase=WAIT_WINDOW | losses=0/2 | pos=— | up=0.77 dn=0.24 strike=2324.78 mins=13.6
2026-05-09 19:47:23-0400 | ETH 💓 alive | WS 0s ago | phase=WAIT_WINDOW | losses=0/2 | pos=— | up=0.81 dn=0.24 strike=2324.78 mins=12.6
2026-05-09 19:48:23-0400 | ETH 💓 alive | WS 0s ago | phase=WAIT_WINDOW | losses=0/2 | pos=— | up=0.78 dn=0.26 strike=2324.78 mins=11.6
2026-05-09 19:49:23-0400 | ETH 💓 alive | WS 0s ago | phase=WAIT_WINDOW | losses=0/2 | pos=— | up=0.89 dn=0.12 strike=2324.78 mins=10.6
2026-05-09 19:50:23-0400 | ETH 💓 alive | WS 0s ago | phase=MONITORING | losses=0/2 | pos=— | up=0.97 dn=0.04 strike=2324.78 mins=9.6
2026-05-09 19:51:24-0400 | ETH 💓 alive | WS 0s ago | phase=MONITORING | losses=0/2 | pos=— | up=0.98 dn=0.04 strike=2324.78 mins=8.6
2026-05-09 19:52:24-0400 | ETH 💓 alive | WS 1s ago | phase=MONITORING | losses=0/2 | pos=— | up=0.99 dn=0.02 strike=2324.78 mins=7.6
2026-05-09 19:53:25-0400 | ETH 💓 alive | WS 1s ago | phase=MONITORING | losses=0/2 | pos=— | up=0.98 dn=0.04 strike=2324.78 mins=6.6
2026-05-09 19:54:25-0400 | ETH 💓 alive | WS 1s ago | phase=MONITORING | losses=0/2 | pos=— | up=0.98 dn=0.05 strike=2324.78 mins=5.6
2026-05-09 19:55:26-0400 | ETH 💓 alive | WS 1s ago | phase=MONITORING | losses=0/2 | pos=— | up=0.99 dn=0.02 strike=2324.78 mins=4.6
2026-05-09 19:56:26-0400 | ETH 💓 alive | WS 0s ago | phase=MONITORING | losses=0/2 | pos=— | up=0.99 dn=0.02 strike=2324.78 mins=3.6
2026-05-09 19:57:26-0400 | ETH 💓 alive | WS 0s ago | phase=MONITORING | losses=0/2 | pos=— | up=0.99 dn=0.01 strike=2324.78 mins=2.6
2026-05-09 19:58:26-0400 | ETH 💓 alive | WS 0s ago | phase=MONITORING | losses=0/2 | pos=— | up=0.99 dn=0.01 strike=2324.78 mins=1.6
2026-05-09 19:59:26-0400 | ETH 💓 alive | WS 0s ago | phase=MONITORING | losses=0/2 | pos=— | up=1.00 dn=0.00 strike=2324.78 mins=0.6
2026-05-09 20:00:27-0400 | ETH 💓 alive | snapshot=None (Kalshi API issue?)
2026-05-09 20:00:31-0400 | ETH New session (KXETH15M-26MAY092015-15)
2026-05-09 20:00:32-0400 | ETH WS re-subscribed to KXETH15M-26MAY092015-15
2026-05-09 20:00:32-0400 | ETH WS subscribed: channel=orderbook_delta sid=32
2026-05-09 20:01:27-0400 | ETH 💓 alive | WS 0s ago | phase=WAIT_WINDOW | losses=0/2 | pos=— | up=0.63 dn=0.40 strike=2326.47 mins=13.5
2026-05-09 20:02:27-0400 | ETH 💓 alive | WS 0s ago | phase=WAIT_WINDOW | losses=0/2 | pos=— | up=0.66 dn=0.35 strike=2326.47 mins=12.5
2026-05-09 20:03:28-0400 | ETH 💓 alive | WS 0s ago | phase=WAIT_WINDOW | losses=0/2 | pos=— | up=0.58 dn=0.43 strike=2326.47 mins=11.5
2026-05-09 20:04:28-0400 | ETH 💓 alive | WS 1s ago | phase=WAIT_WINDOW | losses=0/2 | pos=— | up=0.24 dn=0.77 strike=2326.47 mins=10.5
2026-05-09 20:05:28-0400 | ETH 💓 alive | WS 0s ago | phase=MONITORING | losses=0/2 | pos=— | up=0.12 dn=0.89 strike=2326.47 mins=9.5
2026-05-09 20:06:28-0400 | ETH 💓 alive | WS 0s ago | phase=MONITORING | losses=0/2 | pos=— | up=0.21 dn=0.80 strike=2326.47 mins=8.5
2026-05-09 20:07:28-0400 | ETH 💓 alive | WS 0s ago | phase=MONITORING | losses=0/2 | pos=— | up=0.09 dn=0.92 strike=2326.47 mins=7.5
2026-05-09 20:08:28-0400 | ETH 💓 alive | WS 0s ago | phase=MONITORING | losses=0/2 | pos=— | up=0.11 dn=0.90 strike=2326.47 mins=6.5
2026-05-09 20:09:28-0400 | ETH 💓 alive | WS 0s ago | phase=MONITORING | losses=0/2 | pos=— | up=0.15 dn=0.89 strike=2326.47 mins=5.5
2026-05-09 20:10:29-0400 | ETH 💓 alive | WS 0s ago | phase=MONITORING | losses=0/2 | pos=— | up=0.10 dn=0.92 strike=2326.47 mins=4.5
2026-05-09 20:11:29-0400 | ETH 💓 alive | WS 0s ago | phase=MONITORING | losses=0/2 | pos=— | up=0.36 dn=0.74 strike=2326.47 mins=3.5
2026-05-09 20:12:29-0400 | ETH 💓 alive | WS 0s ago | phase=MONITORING | losses=0/2 | pos=— | up=0.46 dn=0.56 strike=2326.47 mins=2.5
2026-05-09 20:13:29-0400 | ETH 💓 alive | WS 0s ago | phase=MONITORING | losses=0/2 | pos=— | up=0.49 dn=0.54 strike=2326.47 mins=1.5
2026-05-09 20:14:30-0400 | ETH 💓 alive | WS 0s ago | phase=MONITORING | losses=0/2 | pos=— | up=0.98 dn=0.06 strike=2326.47 mins=0.5
2026-05-09 20:15:06-0400 | ETH New session (KXETH15M-26MAY092030-30)
2026-05-09 20:15:07-0400 | ETH WS re-subscribed to KXETH15M-26MAY092030-30
2026-05-09 20:15:07-0400 | ETH WS subscribed: channel=orderbook_delta sid=33
2026-05-09 20:15:30-0400 | ETH 💓 alive | WS 0s ago | phase=WAIT_WINDOW | losses=0/2 | pos=— | up=0.46 dn=0.61 strike=2327.11 mins=14.5
2026-05-09 20:16:30-0400 | ETH 💓 alive | WS 1s ago | phase=WAIT_WINDOW | losses=0/2 | pos=— | up=0.57 dn=0.47 strike=2327.11 mins=13.5
2026-05-09 20:17:31-0400 | ETH 💓 alive | WS 0s ago | phase=WAIT_WINDOW | losses=0/2 | pos=— | up=0.49 dn=0.52 strike=2327.11 mins=12.5
2026-05-09 20:18:31-0400 | ETH 💓 alive | WS 0s ago | phase=WAIT_WINDOW | losses=0/2 | pos=— | up=0.37 dn=0.67 strike=2327.11 mins=11.5
2026-05-09 20:19:31-0400 | ETH 💓 alive | WS 0s ago | phase=WAIT_WINDOW | losses=0/2 | pos=— | up=0.35 dn=0.67 strike=2327.11 mins=10.5
2026-05-09 20:20:31-0400 | ETH 💓 alive | WS 0s ago | phase=MONITORING | losses=0/2 | pos=— | up=0.71 dn=0.30 strike=2327.11 mins=9.5
2026-05-09 20:21:31-0400 | ETH 💓 alive | WS 0s ago | phase=MONITORING | losses=0/2 | pos=— | up=0.68 dn=0.35 strike=2327.11 mins=8.5
2026-05-09 20:22:31-0400 | ETH 💓 alive | WS 0s ago | phase=MONITORING | losses=0/2 | pos=— | up=0.92 dn=0.12 strike=2327.11 mins=7.5
2026-05-09 20:23:32-0400 | ETH 💓 alive | WS 0s ago | phase=MONITORING | losses=0/2 | pos=— | up=0.91 dn=0.12 strike=2327.11 mins=6.5
2026-05-09 20:24:32-0400 | ETH 💓 alive | WS 0s ago | phase=MONITORING | losses=0/2 | pos=— | up=0.88 dn=0.15 strike=2327.11 mins=5.5
2026-05-09 20:25:32-0400 | ETH 💓 alive | WS 0s ago | phase=MONITORING | losses=0/2 | pos=— | up=0.71 dn=0.33 strike=2327.11 mins=4.5
2026-05-09 20:26:33-0400 | ETH 💓 alive | WS 0s ago | phase=MONITORING | losses=0/2 | pos=— | up=0.38 dn=0.66 strike=2327.11 mins=3.4
2026-05-09 20:27:33-0400 | ETH 💓 alive | WS 0s ago | phase=MONITORING | losses=0/2 | pos=— | up=0.45 dn=0.56 strike=2327.11 mins=2.4
2026-05-09 20:28:33-0400 | ETH 💓 alive | WS 0s ago | phase=MONITORING | losses=0/2 | pos=— | up=0.73 dn=0.28 strike=2327.11 mins=1.4
2026-05-09 20:29:34-0400 | ETH 💓 alive | WS 0s ago | phase=MONITORING | losses=0/2 | pos=— | up=0.99 dn=0.01 strike=2327.11 mins=0.4
2026-05-09 20:30:09-0400 | ETH New session (KXETH15M-26MAY092045-45)
2026-05-09 20:30:10-0400 | ETH WS re-subscribed to KXETH15M-26MAY092045-45
2026-05-09 20:30:10-0400 | ETH WS subscribed: channel=orderbook_delta sid=34
2026-05-09 20:30:34-0400 | ETH 💓 alive | WS 0s ago | phase=WAIT_WINDOW | losses=0/2 | pos=— | up=0.48 dn=0.68 strike=2327.34 mins=14.4
2026-05-09 20:31:34-0400 | ETH 💓 alive | WS 0s ago | phase=WAIT_WINDOW | losses=0/2 | pos=— | up=0.42 dn=0.59 strike=2327.34 mins=13.4
2026-05-09 20:32:34-0400 | ETH 💓 alive | WS 0s ago | phase=WAIT_WINDOW | losses=0/2 | pos=— | up=0.33 dn=0.70 strike=2327.34 mins=12.4
2026-05-09 20:33:34-0400 | ETH 💓 alive | WS 0s ago | phase=WAIT_WINDOW | losses=0/2 | pos=— | up=0.33 dn=0.68 strike=2327.34 mins=11.4
2026-05-09 20:34:34-0400 | ETH 💓 alive | WS 0s ago | phase=WAIT_WINDOW | losses=0/2 | pos=— | up=0.48 dn=0.54 strike=2327.34 mins=10.4
2026-05-09 20:35:34-0400 | ETH 💓 alive | WS 0s ago | phase=MONITORING | losses=0/2 | pos=— | up=0.70 dn=0.32 strike=2327.34 mins=9.4
2026-05-09 20:36:35-0400 | ETH 💓 alive | WS 0s ago | phase=MONITORING | losses=0/2 | pos=— | up=0.56 dn=0.47 strike=2327.34 mins=8.4
2026-05-09 20:37:35-0400 | ETH 💓 alive | WS 0s ago | phase=MONITORING | losses=0/2 | pos=— | up=0.48 dn=0.53 strike=2327.34 mins=7.4
2026-05-09 20:38:35-0400 | ETH 💓 alive | WS 1s ago | phase=MONITORING | losses=0/2 | pos=— | up=0.49 dn=0.53 strike=2327.34 mins=6.4
2026-05-09 20:39:35-0400 | ETH 💓 alive | WS 0s ago | phase=MONITORING | losses=0/2 | pos=— | up=0.21 dn=0.80 strike=2327.34 mins=5.4
2026-05-09 20:40:35-0400 | ETH 💓 alive | WS 1s ago | phase=MONITORING | losses=0/2 | pos=— | up=0.25 dn=0.79 strike=2327.34 mins=4.4
2026-05-09 20:41:36-0400 | ETH 💓 alive | WS 0s ago | phase=MONITORING | losses=0/2 | pos=— | up=0.12 dn=0.90 strike=2327.34 mins=3.4
2026-05-09 20:42:36-0400 | ETH 💓 alive | WS 0s ago | phase=MONITORING | losses=0/2 | pos=— | up=0.47 dn=0.58 strike=2327.34 mins=2.4
2026-05-09 20:43:36-0400 | ETH 💓 alive | WS 0s ago | phase=MONITORING | losses=0/2 | pos=— | up=0.56 dn=0.45 strike=2327.34 mins=1.4
2026-05-09 20:44:38-0400 | ETH 💓 alive | WS 0s ago | phase=MONITORING | losses=0/2 | pos=— | up=0.89 dn=0.13 strike=2327.34 mins=0.4
2026-05-09 20:45:12-0400 | ETH New session (KXETH15M-26MAY092100-00)
2026-05-09 20:45:13-0400 | ETH WS re-subscribed to KXETH15M-26MAY092100-00
2026-05-09 20:45:13-0400 | ETH WS subscribed: channel=orderbook_delta sid=35
2026-05-09 20:45:39-0400 | ETH 💓 alive | WS 0s ago | phase=WAIT_WINDOW | losses=0/2 | pos=— | up=0.46 dn=0.63 strike=2327.61 mins=14.3
2026-05-09 20:46:39-0400 | ETH 💓 alive | WS 0s ago | phase=WAIT_WINDOW | losses=0/2 | pos=— | up=0.25 dn=0.77 strike=2327.61 mins=13.3
2026-05-09 20:47:40-0400 | ETH 💓 alive | WS 1s ago | phase=WAIT_WINDOW | losses=0/2 | pos=— | up=0.25 dn=0.78 strike=2327.61 mins=12.3
2026-05-09 20:48:40-0400 | ETH 💓 alive | WS 2s ago | phase=WAIT_WINDOW | losses=0/2 | pos=— | up=0.17 dn=0.86 strike=2327.61 mins=11.3
2026-05-09 20:49:40-0400 | ETH 💓 alive | WS 0s ago | phase=WAIT_WINDOW | losses=0/2 | pos=— | up=0.16 dn=0.87 strike=2327.61 mins=10.3
2026-05-09 20:50:40-0400 | ETH 💓 alive | WS 0s ago | phase=MONITORING | losses=0/2 | pos=— | up=0.09 dn=0.93 strike=2327.61 mins=9.3
2026-05-09 20:51:41-0400 | ETH 💓 alive | WS 1s ago | phase=MONITORING | losses=0/2 | pos=— | up=0.05 dn=0.97 strike=2327.61 mins=8.3
2026-05-09 20:52:41-0400 | ETH 💓 alive | WS 0s ago | phase=MONITORING | losses=0/2 | pos=— | up=0.04 dn=0.97 strike=2327.61 mins=7.3
2026-05-09 20:53:41-0400 | ETH 💓 alive | WS 0s ago | phase=MONITORING | losses=0/2 | pos=— | up=0.04 dn=0.97 strike=2327.61 mins=6.3
2026-05-09 20:54:22-0400 | ETH DOWN triggered @ 0.98 [WS] conviction=0.58 ss=-0.42 — placing order
2026-05-09 20:54:22-0400 | ORDER payload: {"ticker": "KXETH15M-26MAY092100-00", "action": "buy", "side": "no", "count": 40, "type": "limit", "no_price": 98, "client_order_id": "e3c3a865-e126-4bc7-a1cf-c9f619da4073"}
2026-05-09 20:54:22-0400 | ORDER response: HTTP 201 | {"order":{"action":"buy","client_order_id":"e3c3a865-e126-4bc7-a1cf-c9f619da4073","created_time":"2026-05-10T00:54:22.419177Z","fill_count_fp":"0.00","initial_count_fp":"40.00","last_update_time":"2026-05-10T00:54:22.419177Z","maker_fees_dollars":"0.000000","maker_fill_cost_dollars":"0.000000","no_p
2026-05-09 20:54:25-0400 | ETH Retry 1/3
2026-05-09 20:54:26-0400 | ORDER payload: {"ticker": "KXETH15M-26MAY092100-00", "action": "buy", "side": "no", "count": 40, "type": "limit", "no_price": 98, "client_order_id": "e3c3a865-e126-4bc7-a1cf-c9f619da4073"}
2026-05-09 20:54:26-0400 | ORDER response: HTTP 409 | {"error":{"code":"order_already_exists","message":"order already exists","service":"exchange"}}
2026-05-09 20:54:26-0400 | ETH Retry 2/3
2026-05-09 20:54:27-0400 | ORDER payload: {"ticker": "KXETH15M-26MAY092100-00", "action": "buy", "side": "no", "count": 40, "type": "limit", "no_price": 98, "client_order_id": "e3c3a865-e126-4bc7-a1cf-c9f619da4073"}
2026-05-09 20:54:27-0400 | ORDER response: HTTP 409 | {"error":{"code":"order_already_exists","message":"order already exists","service":"exchange"}}
2026-05-09 20:54:27-0400 | ETH Retry 3/3
2026-05-09 20:54:28-0400 | ORDER payload: {"ticker": "KXETH15M-26MAY092100-00", "action": "buy", "side": "no", "count": 40, "type": "limit", "no_price": 98, "client_order_id": "e3c3a865-e126-4bc7-a1cf-c9f619da4073"}
2026-05-09 20:54:28-0400 | ORDER response: HTTP 409 | {"error":{"code":"order_already_exists","message":"order already exists","service":"exchange"}}
2026-05-09 20:54:28-0400 | ETH Order not filled after 4 attempts, skipping session
2026-05-09 20:54:41-0400 | ETH 💓 alive | WS 0s ago | phase=BUY_FAILED | losses=0/2 | pos=— | up=0.03 dn=0.98 strike=2327.61 mins=5.3
2026-05-09 20:55:41-0400 | ETH 💓 alive | WS 1s ago | phase=BUY_FAILED | losses=0/2 | pos=— | up=0.03 dn=0.99 strike=2327.61 mins=4.3
2026-05-09 20:56:42-0400 | ETH 💓 alive | WS 2s ago | phase=BUY_FAILED | losses=0/2 | pos=— | up=0.01 dn=0.99 strike=2327.61 mins=3.3
2026-05-09 20:57:42-0400 | ETH 💓 alive | WS 1s ago | phase=BUY_FAILED | losses=0/2 | pos=— | up=0.01 dn=0.99 strike=2327.61 mins=2.3
2026-05-09 20:58:42-0400 | ETH 💓 alive | WS 2s ago | phase=BUY_FAILED | losses=0/2 | pos=— | up=0.01 dn=1.00 strike=2327.61 mins=1.3
2026-05-09 20:59:42-0400 | ETH 💓 alive | WS 1s ago | phase=BUY_FAILED | losses=0/2 | pos=— | up=0.00 dn=1.00 strike=2327.61 mins=0.3
2026-05-09 21:00:15-0400 | ETH New session (KXETH15M-26MAY092115-15)
2026-05-09 21:00:15-0400 | ETH WS re-subscribed to KXETH15M-26MAY092115-15
2026-05-09 21:00:15-0400 | ETH WS subscribed: channel=orderbook_delta sid=36
2026-05-09 21:00:43-0400 | ETH 💓 alive | WS 0s ago | phase=WAIT_WINDOW | losses=0/2 | pos=— | up=0.60 dn=0.47 strike=2323.0 mins=14.3
2026-05-09 21:01:43-0400 | ETH 💓 alive | WS 0s ago | phase=WAIT_WINDOW | losses=0/2 | pos=— | up=0.48 dn=0.53 strike=2323.0 mins=13.3
2026-05-09 21:02:43-0400 | ETH 💓 alive | WS 0s ago | phase=WAIT_WINDOW | losses=0/2 | pos=— | up=0.36 dn=0.65 strike=2323.0 mins=12.3
2026-05-09 21:03:43-0400 | ETH 💓 alive | WS 0s ago | phase=WAIT_WINDOW | losses=0/2 | pos=— | up=0.35 dn=0.70 strike=2323.0 mins=11.3
2026-05-09 21:04:44-0400 | ETH 💓 alive | WS 0s ago | phase=WAIT_WINDOW | losses=0/2 | pos=— | up=0.55 dn=0.47 strike=2323.0 mins=10.3
2026-05-09 21:05:44-0400 | ETH 💓 alive | WS 0s ago | phase=MONITORING | losses=0/2 | pos=— | up=0.44 dn=0.59 strike=2323.0 mins=9.3
2026-05-09 21:06:44-0400 | ETH 💓 alive | WS 0s ago | phase=MONITORING | losses=0/2 | pos=— | up=0.24 dn=0.80 strike=2323.0 mins=8.3
2026-05-09 21:07:45-0400 | ETH 💓 alive | WS 0s ago | phase=MONITORING | losses=0/2 | pos=— | up=0.20 dn=0.84 strike=2323.0 mins=7.2
2026-05-09 21:08:45-0400 | ETH 💓 alive | WS 0s ago | phase=MONITORING | losses=0/2 | pos=— | up=0.23 dn=0.81 strike=2323.0 mins=6.2
2026-05-09 21:09:45-0400 | ETH 💓 alive | WS 0s ago | phase=MONITORING | losses=0/2 | pos=— | up=0.48 dn=0.56 strike=2323.0 mins=5.2
2026-05-09 21:10:45-0400 | ETH 💓 alive | WS 0s ago | phase=MONITORING | losses=0/2 | pos=— | up=0.23 dn=0.78 strike=2323.0 mins=4.2
2026-05-09 21:11:46-0400 | ETH 💓 alive | WS 0s ago | phase=MONITORING | losses=0/2 | pos=— | up=0.17 dn=0.84 strike=2323.0 mins=3.2
2026-05-09 21:12:46-0400 | ETH 💓 alive | WS 0s ago | phase=MONITORING | losses=0/2 | pos=— | up=0.17 dn=0.84 strike=2323.0 mins=2.2
2026-05-09 21:13:46-0400 | ETH 💓 alive | WS 0s ago | phase=MONITORING | losses=0/2 | pos=— | up=0.26 dn=0.77 strike=2323.0 mins=1.2
2026-05-09 21:14:48-0400 | ETH 💓 alive | WS 0s ago | phase=MONITORING | losses=0/2 | pos=— | up=0.00 dn=1.00 strike=2323.0 mins=0.2
2026-05-09 21:15:17-0400 | ETH New session (KXETH15M-26MAY092130-30)
2026-05-09 21:15:18-0400 | ETH WS re-subscribed to KXETH15M-26MAY092130-30
2026-05-09 21:15:18-0400 | ETH WS subscribed: channel=orderbook_delta sid=37
2026-05-09 21:15:48-0400 | ETH 💓 alive | WS 0s ago | phase=WAIT_WINDOW | losses=0/2 | pos=— | up=0.48 dn=0.53 strike=2322.15 mins=14.2
2026-05-09 21:16:49-0400 | ETH 💓 alive | WS 0s ago | phase=WAIT_WINDOW | losses=0/2 | pos=— | up=0.38 dn=0.65 strike=2322.15 mins=13.2
2026-05-09 21:17:49-0400 | ETH 💓 alive | WS 0s ago | phase=WAIT_WINDOW | losses=0/2 | pos=— | up=0.48 dn=0.55 strike=2322.15 mins=12.2
2026-05-09 21:18:50-0400 | ETH 💓 alive | WS 0s ago | phase=WAIT_WINDOW | losses=0/2 | pos=— | up=0.67 dn=0.34 strike=2322.15 mins=11.2
2026-05-09 21:19:50-0400 | ETH 💓 alive | WS 0s ago | phase=WAIT_WINDOW | losses=0/2 | pos=— | up=0.76 dn=0.28 strike=2322.15 mins=10.2
2026-05-09 21:20:50-0400 | ETH 💓 alive | WS 0s ago | phase=MONITORING | losses=0/2 | pos=— | up=0.52 dn=0.50 strike=2322.15 mins=9.2
2026-05-09 21:21:50-0400 | ETH 💓 alive | WS 0s ago | phase=MONITORING | losses=0/2 | pos=— | up=0.68 dn=0.33 strike=2322.15 mins=8.2
2026-05-09 21:22:51-0400 | ETH 💓 alive | WS 0s ago | phase=MONITORING | losses=0/2 | pos=— | up=0.74 dn=0.27 strike=2322.15 mins=7.1
2026-05-09 21:23:51-0400 | ETH 💓 alive | WS 0s ago | phase=MONITORING | losses=0/2 | pos=— | up=0.35 dn=0.68 strike=2322.15 mins=6.1
2026-05-09 21:24:51-0400 | ETH 💓 alive | WS 0s ago | phase=MONITORING | losses=0/2 | pos=— | up=0.14 dn=0.89 strike=2322.15 mins=5.1
2026-05-09 21:25:51-0400 | ETH 💓 alive | WS 0s ago | phase=MONITORING | losses=0/2 | pos=— | up=0.14 dn=0.88 strike=2322.15 mins=4.1
2026-05-09 21:26:51-0400 | ETH 💓 alive | WS 0s ago | phase=MONITORING | losses=0/2 | pos=— | up=0.03 dn=0.98 strike=2322.15 mins=3.1
2026-05-09 21:27:52-0400 | ETH 💓 alive | WS 1s ago | phase=MONITORING | losses=0/2 | pos=— | up=0.01 dn=0.99 strike=2322.15 mins=2.1
2026-05-09 21:28:52-0400 | ETH 💓 alive | WS 0s ago | phase=MONITORING | losses=0/2 | pos=— | up=0.01 dn=0.99 strike=2322.15 mins=1.1
2026-05-09 21:29:53-0400 | ETH 💓 alive | WS 2s ago | phase=MONITORING | losses=0/2 | pos=— | up=0.00 dn=1.00 strike=2322.15 mins=0.1
2026-05-09 21:30:20-0400 | ETH New session (KXETH15M-26MAY092145-45)
2026-05-09 21:30:21-0400 | ETH WS re-subscribed to KXETH15M-26MAY092145-45
2026-05-09 21:30:21-0400 | ETH WS subscribed: channel=orderbook_delta sid=38
2026-05-09 21:30:53-0400 | ETH 💓 alive | WS 0s ago | phase=WAIT_WINDOW | losses=0/2 | pos=— | up=0.67 dn=0.34 strike=2319.8 mins=14.1
2026-05-09 21:31:54-0400 | ETH 💓 alive | WS 0s ago | phase=WAIT_WINDOW | losses=0/2 | pos=— | up=0.77 dn=0.25 strike=2319.8 mins=13.1
2026-05-09 21:32:54-0400 | ETH 💓 alive | WS 0s ago | phase=WAIT_WINDOW | losses=0/2 | pos=— | up=0.67 dn=0.34 strike=2319.8 mins=12.1
2026-05-09 21:33:54-0400 | ETH 💓 alive | WS 0s ago | phase=WAIT_WINDOW | losses=0/2 | pos=— | up=0.62 dn=0.40 strike=2319.8 mins=11.1
2026-05-09 21:34:54-0400 | ETH 💓 alive | WS 0s ago | phase=WAIT_WINDOW | losses=0/2 | pos=— | up=0.51 dn=0.50 strike=2319.8 mins=10.1
2026-05-09 21:35:54-0400 | ETH 💓 alive | WS 0s ago | phase=MONITORING | losses=0/2 | pos=— | up=0.39 dn=0.63 strike=2319.8 mins=9.1
2026-05-09 21:36:55-0400 | ETH 💓 alive | WS 0s ago | phase=MONITORING | losses=0/2 | pos=— | up=0.21 dn=0.81 strike=2319.8 mins=8.1
2026-05-09 21:37:55-0400 | ETH 💓 alive | WS 0s ago | phase=MONITORING | losses=0/2 | pos=— | up=0.53 dn=0.48 strike=2319.8 mins=7.1
2026-05-09 21:38:55-0400 | ETH 💓 alive | WS 0s ago | phase=MONITORING | losses=0/2 | pos=— | up=0.33 dn=0.70 strike=2319.8 mins=6.1
2026-05-09 21:39:55-0400 | ETH 💓 alive | WS 0s ago | phase=MONITORING | losses=0/2 | pos=— | up=0.21 dn=0.81 strike=2319.8 mins=5.1
2026-05-09 21:40:55-0400 | ETH 💓 alive | WS 0s ago | phase=MONITORING | losses=0/2 | pos=— | up=0.20 dn=0.83 strike=2319.8 mins=4.1
2026-05-09 21:41:56-0400 | ETH 💓 alive | WS 0s ago | phase=MONITORING | losses=0/2 | pos=— | up=0.45 dn=0.56 strike=2319.8 mins=3.1
2026-05-09 21:42:56-0400 | ETH 💓 alive | WS 0s ago | phase=MONITORING | losses=0/2 | pos=— | up=0.57 dn=0.44 strike=2319.8 mins=2.1
2026-05-09 21:43:57-0400 | ETH 💓 alive | WS 0s ago | phase=MONITORING | losses=0/2 | pos=— | up=0.52 dn=0.50 strike=2319.8 mins=1.0
2026-05-09 21:44:58-0400 | ETH 💓 alive | WS 0s ago | phase=MONITORING | losses=0/2 | pos=— | up=0.05 dn=0.99 strike=2319.8 mins=0.0
2026-05-09 21:45:23-0400 | ETH New session (KXETH15M-26MAY092200-00)
2026-05-09 21:45:24-0400 | ETH WS re-subscribed to KXETH15M-26MAY092200-00
2026-05-09 21:45:24-0400 | ETH WS subscribed: channel=orderbook_delta sid=39
2026-05-09 21:45:59-0400 | ETH 💓 alive | WS 0s ago | phase=WAIT_WINDOW | losses=0/2 | pos=— | up=0.66 dn=0.37 strike=2319.76 mins=14.0
2026-05-09 21:46:59-0400 | ETH 💓 alive | WS 0s ago | phase=WAIT_WINDOW | losses=0/2 | pos=— | up=0.69 dn=0.33 strike=2319.76 mins=13.0
2026-05-09 21:47:59-0400 | ETH 💓 alive | WS 0s ago | phase=WAIT_WINDOW | losses=0/2 | pos=— | up=0.73 dn=0.30 strike=2319.76 mins=12.0
2026-05-09 21:48:59-0400 | ETH 💓 alive | WS 0s ago | phase=WAIT_WINDOW | losses=0/2 | pos=— | up=0.70 dn=0.31 strike=2319.76 mins=11.0
2026-05-09 21:50:00-0400 | ETH 💓 alive | WS 0s ago | phase=WAIT_WINDOW | losses=0/2 | pos=— | up=0.80 dn=0.24 strike=2319.76 mins=10.0
2026-05-09 21:51:00-0400 | ETH 💓 alive | WS 0s ago | phase=MONITORING | losses=0/2 | pos=— | up=0.93 dn=0.08 strike=2319.76 mins=9.0
2026-05-09 21:52:00-0400 | ETH 💓 alive | WS 0s ago | phase=MONITORING | losses=0/2 | pos=— | up=0.96 dn=0.07 strike=2319.76 mins=8.0
2026-05-09 21:52:41-0400 | ETH UP triggered @ 0.97 [WS] conviction=0.53 ss=+0.40 — placing order
2026-05-09 21:52:41-0400 | ORDER payload: {"ticker": "KXETH15M-26MAY092200-00", "action": "buy", "side": "yes", "count": 40, "type": "limit", "yes_price": 98, "client_order_id": "21c4d242-3167-45ac-9430-cdd272d9cda6"}
2026-05-09 21:52:41-0400 | ORDER response: HTTP 201 | {"order":{"action":"buy","client_order_id":"21c4d242-3167-45ac-9430-cdd272d9cda6","created_time":"2026-05-10T01:52:41.243772Z","fill_count_fp":"40.00","initial_count_fp":"40.00","last_update_time":"2026-05-10T01:52:41.243772Z","maker_fees_dollars":"0.000000","maker_fill_cost_dollars":"0.000000","no_
2026-05-09 21:52:43-0400 | ETH Position confirmed
2026-05-09 21:52:43-0400 | ETH Holding UP @ 0.97 (fill) — stop-loss @ 0.5
2026-05-09 21:53:00-0400 | ETH 💓 alive | WS 0s ago | phase=IN_POSITION | losses=0/2 | pos=UP@0.97×40 | up=0.98 dn=0.03 strike=2319.76 mins=7.0
2026-05-09 21:54:01-0400 | ETH 💓 alive | WS 0s ago | phase=IN_POSITION | losses=0/2 | pos=UP@0.97×40 | up=0.97 dn=0.03 strike=2319.76 mins=6.0
2026-05-09 21:55:01-0400 | ETH 💓 alive | WS 0s ago | phase=IN_POSITION | losses=0/2 | pos=UP@0.97×40 | up=0.97 dn=0.03 strike=2319.76 mins=5.0
2026-05-09 21:56:01-0400 | ETH 💓 alive | WS 1s ago | phase=IN_POSITION | losses=0/2 | pos=UP@0.97×40 | up=0.99 dn=0.01 strike=2319.76 mins=4.0
2026-05-09 21:57:01-0400 | ETH 💓 alive | WS 0s ago | phase=IN_POSITION | losses=0/2 | pos=UP@0.97×40 | up=0.99 dn=0.01 strike=2319.76 mins=3.0
2026-05-09 21:58:01-0400 | ETH 💓 alive | WS 1s ago | phase=IN_POSITION | losses=0/2 | pos=UP@0.97×40 | up=0.99 dn=0.01 strike=2319.76 mins=2.0
2026-05-09 21:59:02-0400 | ETH 💓 alive | WS 1s ago | phase=IN_POSITION | losses=0/2 | pos=UP@0.97×40 | up=1.00 dn=0.01 strike=2319.76 mins=1.0
2026-05-09 22:00:03-0400 | ETH 💓 alive | WS 1s ago | phase=IN_POSITION | losses=0/2 | pos=UP@0.97×40 | up=1.00 dn=0.00 strike=2319.76 mins=-0.1
2026-05-09 22:00:16-0400 | ETH UP held to resolution ✓ win (+$1.2) — streak reset
2026-05-09 22:00:27-0400 | ETH New session (KXETH15M-26MAY092215-15)
2026-05-09 22:00:27-0400 | ETH WS re-subscribed to KXETH15M-26MAY092215-15
2026-05-09 22:00:27-0400 | ETH WS subscribed: channel=orderbook_delta sid=40
2026-05-09 22:01:04-0400 | ETH 💓 alive | WS 0s ago | phase=WAIT_WINDOW | losses=0/2 | pos=— | up=0.48 dn=0.56 strike=2322.94 mins=13.9
2026-05-09 22:02:04-0400 | ETH 💓 alive | WS 0s ago | phase=WAIT_WINDOW | losses=0/2 | pos=— | up=0.16 dn=0.85 strike=2322.94 mins=12.9
2026-05-09 22:03:04-0400 | ETH 💓 alive | WS 0s ago | phase=WAIT_WINDOW | losses=0/2 | pos=— | up=0.17 dn=0.84 strike=2322.94 mins=11.9
2026-05-09 22:04:04-0400 | ETH 💓 alive | WS 0s ago | phase=WAIT_WINDOW | losses=0/2 | pos=— | up=0.17 dn=0.85 strike=2322.94 mins=10.9
2026-05-09 22:05:05-0400 | ETH 💓 alive | WS 0s ago | phase=MONITORING | losses=0/2 | pos=— | up=0.29 dn=0.73 strike=2322.94 mins=9.9
2026-05-09 22:06:05-0400 | ETH 💓 alive | WS 0s ago | phase=MONITORING | losses=0/2 | pos=— | up=0.35 dn=0.67 strike=2322.94 mins=8.9
2026-05-09 22:07:05-0400 | ETH 💓 alive | WS 0s ago | phase=MONITORING | losses=0/2 | pos=— | up=0.36 dn=0.66 strike=2322.94 mins=7.9
2026-05-09 22:08:05-0400 | ETH 💓 alive | WS 0s ago | phase=MONITORING | losses=0/2 | pos=— | up=0.29 dn=0.72 strike=2322.94 mins=6.9
2026-05-09 22:09:05-0400 | ETH 💓 alive | WS 0s ago | phase=MONITORING | losses=0/2 | pos=— | up=0.13 dn=0.91 strike=2322.94 mins=5.9
2026-05-09 22:10:06-0400 | ETH 💓 alive | WS 0s ago | phase=MONITORING | losses=0/2 | pos=— | up=0.24 dn=0.79 strike=2322.94 mins=4.9
2026-05-09 22:11:06-0400 | ETH 💓 alive | WS 0s ago | phase=MONITORING | losses=0/2 | pos=— | up=0.11 dn=0.90 strike=2322.94 mins=3.9
2026-05-09 22:12:06-0400 | ETH 💓 alive | WS 0s ago | phase=MONITORING | losses=0/2 | pos=— | up=0.03 dn=0.98 strike=2322.94 mins=2.9
2026-05-09 22:13:06-0400 | ETH 💓 alive | WS 0s ago | phase=MONITORING | losses=0/2 | pos=— | up=0.01 dn=1.00 strike=2322.94 mins=1.9
2026-05-09 22:14:06-0400 | ETH 💓 alive | WS 0s ago | phase=MONITORING | losses=0/2 | pos=— | up=0.01 dn=1.00 strike=2322.94 mins=0.9
2026-05-09 22:15:01-0400 | ETH ⚠ Strike fallback for KXETH15M-26MAY092230-30: proxy=$2,321.31 (Kalshi floor_strike not yet published; using current ETH composite as BRTI baseline)
2026-05-09 22:15:01-0400 | ETH New session (KXETH15M-26MAY092230-30)
2026-05-09 22:15:02-0400 | ETH WS re-subscribed to KXETH15M-26MAY092230-30
2026-05-09 22:15:02-0400 | ETH WS subscribed: channel=orderbook_delta sid=41
2026-05-09 22:15:07-0400 | ETH 💓 alive | WS 0s ago | phase=WAIT_WINDOW | losses=0/2 | pos=— | up=0.60 dn=0.65 strike=2321.3083333333334 mins=14.9
2026-05-09 22:16:07-0400 | ETH 💓 alive | WS 0s ago | phase=WAIT_WINDOW | losses=0/2 | pos=— | up=0.46 dn=0.55 strike=2321.22 mins=13.9
2026-05-09 22:17:07-0400 | ETH 💓 alive | WS 0s ago | phase=WAIT_WINDOW | losses=0/2 | pos=— | up=0.64 dn=0.40 strike=2321.22 mins=12.9
2026-05-09 22:18:08-0400 | ETH 💓 alive | WS 0s ago | phase=WAIT_WINDOW | losses=0/2 | pos=— | up=0.69 dn=0.32 strike=2321.22 mins=11.9
2026-05-09 22:19:08-0400 | ETH 💓 alive | WS 0s ago | phase=WAIT_WINDOW | losses=0/2 | pos=— | up=0.72 dn=0.32 strike=2321.22 mins=10.9
2026-05-09 22:20:08-0400 | ETH 💓 alive | WS 0s ago | phase=MONITORING | losses=0/2 | pos=— | up=0.68 dn=0.34 strike=2321.22 mins=9.9
2026-05-09 22:21:09-0400 | ETH 💓 alive | WS 0s ago | phase=MONITORING | losses=0/2 | pos=— | up=0.74 dn=0.29 strike=2321.22 mins=8.8
2026-05-09 22:22:09-0400 | ETH 💓 alive | WS 0s ago | phase=MONITORING | losses=0/2 | pos=— | up=0.85 dn=0.16 strike=2321.22 mins=7.8
2026-05-09 22:23:09-0400 | ETH 💓 alive | WS 1s ago | phase=MONITORING | losses=0/2 | pos=— | up=0.91 dn=0.10 strike=2321.22 mins=6.8
2026-05-09 22:24:10-0400 | ETH 💓 alive | WS 0s ago | phase=MONITORING | losses=0/2 | pos=— | up=0.98 dn=0.03 strike=2321.22 mins=5.8
2026-05-09 22:25:10-0400 | ETH 💓 alive | WS 1s ago | phase=MONITORING | losses=0/2 | pos=— | up=0.99 dn=0.02 strike=2321.22 mins=4.8
2026-05-09 22:26:10-0400 | ETH 💓 alive | WS 0s ago | phase=MONITORING | losses=0/2 | pos=— | up=0.99 dn=0.01 strike=2321.22 mins=3.8
2026-05-09 22:27:10-0400 | ETH 💓 alive | WS 0s ago | phase=MONITORING | losses=0/2 | pos=— | up=0.99 dn=0.01 strike=2321.22 mins=2.8
2026-05-09 22:28:11-0400 | ETH 💓 alive | WS 1s ago | phase=MONITORING | losses=0/2 | pos=— | up=1.00 dn=0.00 strike=2321.22 mins=1.8
2026-05-09 22:29:11-0400 | ETH 💓 alive | WS 0s ago | phase=MONITORING | losses=0/2 | pos=— | up=1.00 dn=0.00 strike=2321.22 mins=0.8
2026-05-09 22:30:04-0400 | ETH New session (KXETH15M-26MAY092245-45)
2026-05-09 22:30:05-0400 | ETH WS re-subscribed to KXETH15M-26MAY092245-45
2026-05-09 22:30:05-0400 | ETH WS subscribed: channel=orderbook_delta sid=42
2026-05-09 22:30:12-0400 | ETH 💓 alive | WS 0s ago | phase=WAIT_WINDOW | losses=0/2 | pos=— | up=0.49 dn=0.60 strike=2325.69 mins=14.8
2026-05-09 22:31:12-0400 | ETH 💓 alive | WS 0s ago | phase=WAIT_WINDOW | losses=0/2 | pos=— | up=0.34 dn=0.67 strike=2325.69 mins=13.8
2026-05-09 22:32:13-0400 | ETH 💓 alive | WS 0s ago | phase=WAIT_WINDOW | losses=0/2 | pos=— | up=0.30 dn=0.71 strike=2325.69 mins=12.8
2026-05-09 22:33:13-0400 | ETH 💓 alive | WS 0s ago | phase=WAIT_WINDOW | losses=0/2 | pos=— | up=0.33 dn=0.70 strike=2325.69 mins=11.8
2026-05-09 22:34:13-0400 | ETH 💓 alive | WS 0s ago | phase=WAIT_WINDOW | losses=0/2 | pos=— | up=0.27 dn=0.76 strike=2325.69 mins=10.8
2026-05-09 22:35:13-0400 | ETH 💓 alive | WS 1s ago | phase=MONITORING | losses=0/2 | pos=— | up=0.25 dn=0.78 strike=2325.69 mins=9.8
2026-05-09 22:36:14-0400 | ETH 💓 alive | WS 0s ago | phase=MONITORING | losses=0/2 | pos=— | up=0.40 dn=0.63 strike=2325.69 mins=8.8
2026-05-09 22:37:14-0400 | ETH 💓 alive | WS 0s ago | phase=MONITORING | losses=0/2 | pos=— | up=0.73 dn=0.30 strike=2325.69 mins=7.8
2026-05-09 22:38:15-0400 | ETH 💓 alive | WS 0s ago | phase=MONITORING | losses=0/2 | pos=— | up=0.49 dn=0.52 strike=2325.69 mins=6.7
2026-05-09 22:39:15-0400 | ETH 💓 alive | WS 1s ago | phase=MONITORING | losses=0/2 | pos=— | up=0.47 dn=0.54 strike=2325.69 mins=5.7
2026-05-09 22:40:16-0400 | ETH 💓 alive | WS 0s ago | phase=MONITORING | losses=0/2 | pos=— | up=0.35 dn=0.66 strike=2325.69 mins=4.7
2026-05-09 22:41:16-0400 | ETH 💓 alive | WS 0s ago | phase=MONITORING | losses=0/2 | pos=— | up=0.33 dn=0.70 strike=2325.69 mins=3.7
2026-05-09 22:42:16-0400 | ETH 💓 alive | WS 0s ago | phase=MONITORING | losses=0/2 | pos=— | up=0.27 dn=0.74 strike=2325.69 mins=2.7
2026-05-09 22:43:17-0400 | ETH 💓 alive | WS 0s ago | phase=MONITORING | losses=0/2 | pos=— | up=0.14 dn=0.87 strike=2325.69 mins=1.7
2026-05-09 22:44:17-0400 | ETH 💓 alive | WS 1s ago | phase=MONITORING | losses=0/2 | pos=— | up=0.06 dn=0.97 strike=2325.69 mins=0.7
2026-05-09 22:45:09-0400 | ETH New session (KXETH15M-26MAY092300-00)
2026-05-09 22:45:09-0400 | ETH WS re-subscribed to KXETH15M-26MAY092300-00
2026-05-09 22:45:09-0400 | ETH WS subscribed: channel=orderbook_delta sid=43
2026-05-09 22:45:17-0400 | ETH 💓 alive | WS 0s ago | phase=WAIT_WINDOW | losses=0/2 | pos=— | up=0.63 dn=0.59 strike=2325.42 mins=14.7
2026-05-09 22:46:18-0400 | ETH 💓 alive | WS 0s ago | phase=WAIT_WINDOW | losses=0/2 | pos=— | up=0.43 dn=0.58 strike=2325.42 mins=13.7
2026-05-09 22:47:18-0400 | ETH 💓 alive | WS 0s ago | phase=WAIT_WINDOW | losses=0/2 | pos=— | up=0.60 dn=0.41 strike=2325.42 mins=12.7
2026-05-09 22:48:18-0400 | ETH 💓 alive | WS 0s ago | phase=WAIT_WINDOW | losses=0/2 | pos=— | up=0.65 dn=0.36 strike=2325.42 mins=11.7
2026-05-09 22:49:18-0400 | ETH 💓 alive | WS 0s ago | phase=WAIT_WINDOW | losses=0/2 | pos=— | up=0.75 dn=0.28 strike=2325.42 mins=10.7
2026-05-09 22:50:18-0400 | ETH 💓 alive | WS 0s ago | phase=MONITORING | losses=0/2 | pos=— | up=0.88 dn=0.13 strike=2325.42 mins=9.7
2026-05-09 22:51:18-0400 | ETH 💓 alive | WS 0s ago | phase=MONITORING | losses=0/2 | pos=— | up=0.84 dn=0.21 strike=2325.42 mins=8.7
2026-05-09 22:52:19-0400 | ETH 💓 alive | WS 0s ago | phase=MONITORING | losses=0/2 | pos=— | up=0.90 dn=0.11 strike=2325.42 mins=7.7
2026-05-09 22:53:19-0400 | ETH 💓 alive | WS 0s ago | phase=MONITORING | losses=0/2 | pos=— | up=0.84 dn=0.19 strike=2325.42 mins=6.7
2026-05-09 22:54:19-0400 | ETH 💓 alive | WS 0s ago | phase=MONITORING | losses=0/2 | pos=— | up=0.90 dn=0.13 strike=2325.42 mins=5.7
2026-05-09 22:55:19-0400 | ETH 💓 alive | WS 0s ago | phase=MONITORING | losses=0/2 | pos=— | up=0.96 dn=0.07 strike=2325.42 mins=4.7
2026-05-09 22:56:20-0400 | ETH 💓 alive | WS 0s ago | phase=MONITORING | losses=0/2 | pos=— | up=0.92 dn=0.12 strike=2325.42 mins=3.7
2026-05-09 22:57:20-0400 | ETH 💓 alive | WS 0s ago | phase=MONITORING | losses=0/2 | pos=— | up=0.96 dn=0.08 strike=2325.42 mins=2.7
2026-05-09 22:58:20-0400 | ETH 💓 alive | WS 0s ago | phase=MONITORING | losses=0/2 | pos=— | up=0.99 dn=0.01 strike=2325.42 mins=1.7
2026-05-09 22:59:20-0400 | ETH 💓 alive | WS 0s ago | phase=MONITORING | losses=0/2 | pos=— | up=1.00 dn=0.00 strike=2325.42 mins=0.7
2026-05-09 23:00:12-0400 | ETH New session (KXETH15M-26MAY092315-15)
2026-05-09 23:00:13-0400 | ETH WS re-subscribed to KXETH15M-26MAY092315-15
2026-05-09 23:00:13-0400 | ETH WS subscribed: channel=orderbook_delta sid=44
2026-05-09 23:00:21-0400 | ETH 💓 alive | WS 0s ago | phase=WAIT_WINDOW | losses=0/2 | pos=— | up=0.63 dn=0.41 strike=2326.66 mins=14.6
2026-05-09 23:01:21-0400 | ETH 💓 alive | WS 0s ago | phase=WAIT_WINDOW | losses=0/2 | pos=— | up=0.50 dn=0.51 strike=2326.66 mins=13.6
2026-05-09 23:02:21-0400 | ETH 💓 alive | WS 0s ago | phase=WAIT_WINDOW | losses=0/2 | pos=— | up=0.58 dn=0.45 strike=2326.66 mins=12.6
2026-05-09 23:03:21-0400 | ETH 💓 alive | WS 0s ago | phase=WAIT_WINDOW | losses=0/2 | pos=— | up=0.75 dn=0.28 strike=2326.66 mins=11.6
2026-05-09 23:04:22-0400 | ETH 💓 alive | WS 0s ago | phase=WAIT_WINDOW | losses=0/2 | pos=— | up=0.86 dn=0.17 strike=2326.66 mins=10.6
2026-05-09 23:05:22-0400 | ETH 💓 alive | WS 0s ago | phase=MONITORING | losses=0/2 | pos=— | up=0.93 dn=0.10 strike=2326.66 mins=9.6
2026-05-09 23:06:22-0400 | ETH 💓 alive | WS 0s ago | phase=MONITORING | losses=0/2 | pos=— | up=0.85 dn=0.17 strike=2326.66 mins=8.6
2026-05-09 23:07:23-0400 | ETH 💓 alive | WS 0s ago | phase=MONITORING | losses=0/2 | pos=— | up=0.77 dn=0.26 strike=2326.66 mins=7.6
2026-05-09 23:08:23-0400 | ETH 💓 alive | WS 0s ago | phase=MONITORING | losses=0/2 | pos=— | up=0.87 dn=0.18 strike=2326.66 mins=6.6
2026-05-09 23:09:24-0400 | ETH 💓 alive | WS 0s ago | phase=MONITORING | losses=0/2 | pos=— | up=0.87 dn=0.14 strike=2326.66 mins=5.6
2026-05-09 23:10:24-0400 | ETH 💓 alive | WS 0s ago | phase=MONITORING | losses=0/2 | pos=— | up=0.91 dn=0.14 strike=2326.66 mins=4.6
2026-05-09 23:11:24-0400 | ETH 💓 alive | WS 0s ago | phase=MONITORING | losses=0/2 | pos=— | up=0.76 dn=0.27 strike=2326.66 mins=3.6
2026-05-09 23:12:24-0400 | ETH 💓 alive | WS 0s ago | phase=MONITORING | losses=0/2 | pos=— | up=0.77 dn=0.26 strike=2326.66 mins=2.6
2026-05-09 23:13:25-0400 | ETH 💓 alive | WS 0s ago | phase=MONITORING | losses=0/2 | pos=— | up=0.99 dn=0.02 strike=2326.66 mins=1.6
2026-05-09 23:14:25-0400 | ETH 💓 alive | WS 0s ago | phase=MONITORING | losses=0/2 | pos=— | up=1.00 dn=0.00 strike=2326.66 mins=0.6
2026-05-09 23:15:17-0400 | ETH New session (KXETH15M-26MAY092330-30)
2026-05-09 23:15:17-0400 | ETH WS re-subscribed to KXETH15M-26MAY092330-30
2026-05-09 23:15:17-0400 | ETH WS subscribed: channel=orderbook_delta sid=45
2026-05-09 23:15:26-0400 | ETH 💓 alive | WS 0s ago | phase=WAIT_WINDOW | losses=0/2 | pos=— | up=0.38 dn=0.65 strike=2328.04 mins=14.6
2026-05-09 23:16:26-0400 | ETH 💓 alive | WS 0s ago | phase=WAIT_WINDOW | losses=0/2 | pos=— | up=0.34 dn=0.68 strike=2328.04 mins=13.6
2026-05-09 23:17:26-0400 | ETH 💓 alive | WS 0s ago | phase=WAIT_WINDOW | losses=0/2 | pos=— | up=0.36 dn=0.68 strike=2328.04 mins=12.6
2026-05-09 23:18:26-0400 | ETH 💓 alive | WS 0s ago | phase=WAIT_WINDOW | losses=0/2 | pos=— | up=0.30 dn=0.74 strike=2328.04 mins=11.6
2026-05-09 23:19:27-0400 | ETH 💓 alive | WS 1s ago | phase=WAIT_WINDOW | losses=0/2 | pos=— | up=0.35 dn=0.69 strike=2328.04 mins=10.5
2026-05-09 23:20:27-0400 | ETH 💓 alive | WS 0s ago | phase=MONITORING | losses=0/2 | pos=— | up=0.24 dn=0.77 strike=2328.04 mins=9.5
2026-05-09 23:21:27-0400 | ETH 💓 alive | WS 0s ago | phase=MONITORING | losses=0/2 | pos=— | up=0.13 dn=0.91 strike=2328.04 mins=8.5
2026-05-09 23:22:27-0400 | ETH 💓 alive | WS 0s ago | phase=MONITORING | losses=0/2 | pos=— | up=0.06 dn=0.97 strike=2328.04 mins=7.5
2026-05-09 23:23:28-0400 | ETH 💓 alive | WS 0s ago | phase=MONITORING | losses=0/2 | pos=— | up=0.10 dn=0.94 strike=2328.04 mins=6.5
2026-05-09 23:24:28-0400 | ETH 💓 alive | WS 0s ago | phase=MONITORING | losses=0/2 | pos=— | up=0.04 dn=0.97 strike=2328.04 mins=5.5
2026-05-09 23:25:28-0400 | ETH 💓 alive | WS 0s ago | phase=MONITORING | losses=0/2 | pos=— | up=0.02 dn=0.98 strike=2328.04 mins=4.5
2026-05-09 23:26:29-0400 | ETH 💓 alive | WS 0s ago | phase=MONITORING | losses=0/2 | pos=— | up=0.01 dn=1.00 strike=2328.04 mins=3.5
2026-05-09 23:27:29-0400 | ETH 💓 alive | WS 0s ago | phase=MONITORING | losses=0/2 | pos=— | up=0.01 dn=1.00 strike=2328.04 mins=2.5
2026-05-09 23:28:29-0400 | ETH 💓 alive | WS 0s ago | phase=MONITORING | losses=0/2 | pos=— | up=0.01 dn=1.00 strike=2328.04 mins=1.5
2026-05-09 23:29:29-0400 | ETH 💓 alive | WS 0s ago | phase=MONITORING | losses=0/2 | pos=— | up=0.00 dn=1.00 strike=2328.04 mins=0.5
2026-05-09 23:30:18-0400 | ETH New session (KXETH15M-26MAY092345-45)
2026-05-09 23:30:18-0400 | ETH WS re-subscribed to KXETH15M-26MAY092345-45
2026-05-09 23:30:18-0400 | ETH WS subscribed: channel=orderbook_delta sid=46
2026-05-09 23:30:29-0400 | ETH 💓 alive | WS 0s ago | phase=WAIT_WINDOW | losses=0/2 | pos=— | up=0.54 dn=0.50 strike=2325.54 mins=14.5
2026-05-09 23:31:30-0400 | ETH 💓 alive | WS 0s ago | phase=WAIT_WINDOW | losses=0/2 | pos=— | up=0.26 dn=0.75 strike=2325.54 mins=13.5
2026-05-09 23:32:30-0400 | ETH 💓 alive | WS 0s ago | phase=WAIT_WINDOW | losses=0/2 | pos=— | up=0.27 dn=0.76 strike=2325.54 mins=12.5
2026-05-09 23:33:30-0400 | ETH 💓 alive | WS 0s ago | phase=WAIT_WINDOW | losses=0/2 | pos=— | up=0.52 dn=0.49 strike=2325.54 mins=11.5
2026-05-09 23:34:30-0400 | ETH 💓 alive | WS 0s ago | phase=WAIT_WINDOW | losses=0/2 | pos=— | up=0.64 dn=0.38 strike=2325.54 mins=10.5
2026-05-09 23:35:30-0400 | ETH 💓 alive | WS 0s ago | phase=MONITORING | losses=0/2 | pos=— | up=0.79 dn=0.22 strike=2325.54 mins=9.5
2026-05-09 23:36:31-0400 | ETH 💓 alive | WS 0s ago | phase=MONITORING | losses=0/2 | pos=— | up=0.84 dn=0.17 strike=2325.54 mins=8.5
2026-05-09 23:37:31-0400 | ETH 💓 alive | WS 0s ago | phase=MONITORING | losses=0/2 | pos=— | up=0.94 dn=0.06 strike=2325.54 mins=7.5
2026-05-09 23:38:31-0400 | ETH 💓 alive | WS 0s ago | phase=MONITORING | losses=0/2 | pos=— | up=0.98 dn=0.02 strike=2325.54 mins=6.5
2026-05-09 23:39:31-0400 | ETH 💓 alive | WS 0s ago | phase=MONITORING | losses=0/2 | pos=— | up=0.98 dn=0.02 strike=2325.54 mins=5.5
2026-05-09 23:39:40-0400 | ETH UP triggered @ 0.98 [WS] conviction=0.48 ss=+0.58 — placing order
2026-05-09 23:39:40-0400 | ORDER payload: {"ticker": "KXETH15M-26MAY092345-45", "action": "buy", "side": "yes", "count": 40, "type": "limit", "yes_price": 98, "client_order_id": "45e89e5c-9d01-474c-8653-2438b169861c"}
2026-05-09 23:39:40-0400 | ORDER response: HTTP 201 | {"order":{"action":"buy","client_order_id":"45e89e5c-9d01-474c-8653-2438b169861c","created_time":"2026-05-10T03:39:40.265564Z","fill_count_fp":"0.00","initial_count_fp":"40.00","last_update_time":"2026-05-10T03:39:40.265564Z","maker_fees_dollars":"0.000000","maker_fill_cost_dollars":"0.000000","no_p
2026-05-09 23:39:43-0400 | ETH Retry 1/3
2026-05-09 23:39:44-0400 | ORDER payload: {"ticker": "KXETH15M-26MAY092345-45", "action": "buy", "side": "yes", "count": 40, "type": "limit", "yes_price": 98, "client_order_id": "45e89e5c-9d01-474c-8653-2438b169861c"}
2026-05-09 23:39:44-0400 | ORDER response: HTTP 409 | {"error":{"code":"order_already_exists","message":"order already exists","service":"exchange"}}
2026-05-09 23:39:44-0400 | ETH Retry 2/3
2026-05-09 23:39:45-0400 | ORDER payload: {"ticker": "KXETH15M-26MAY092345-45", "action": "buy", "side": "yes", "count": 40, "type": "limit", "yes_price": 98, "client_order_id": "45e89e5c-9d01-474c-8653-2438b169861c"}
2026-05-09 23:39:45-0400 | ORDER response: HTTP 409 | {"error":{"code":"order_already_exists","message":"order already exists","service":"exchange"}}
2026-05-09 23:39:45-0400 | ETH Retry 3/3
2026-05-09 23:39:46-0400 | ORDER payload: {"ticker": "KXETH15M-26MAY092345-45", "action": "buy", "side": "yes", "count": 40, "type": "limit", "yes_price": 98, "client_order_id": "45e89e5c-9d01-474c-8653-2438b169861c"}
2026-05-09 23:39:46-0400 | ORDER response: HTTP 409 | {"error":{"code":"order_already_exists","message":"order already exists","service":"exchange"}}
2026-05-09 23:39:46-0400 | ETH Order not filled after 4 attempts, skipping session
2026-05-09 23:40:31-0400 | ETH 💓 alive | WS 0s ago | phase=BUY_FAILED | losses=0/2 | pos=— | up=0.99 dn=0.01 strike=2325.54 mins=4.5
2026-05-09 23:41:32-0400 | ETH 💓 alive | WS 0s ago | phase=BUY_FAILED | losses=0/2 | pos=— | up=0.99 dn=0.01 strike=2325.54 mins=3.5
2026-05-09 23:42:32-0400 | ETH 💓 alive | WS 0s ago | phase=BUY_FAILED | losses=0/2 | pos=— | up=0.99 dn=0.01 strike=2325.54 mins=2.5
2026-05-09 23:43:32-0400 | ETH 💓 alive | WS 0s ago | phase=BUY_FAILED | losses=0/2 | pos=— | up=0.99 dn=0.01 strike=2325.54 mins=1.5
2026-05-09 23:44:34-0400 | ETH 💓 alive | WS 0s ago | phase=BUY_FAILED | losses=0/2 | pos=— | up=1.00 dn=0.00 strike=2325.54 mins=0.4
2026-05-09 23:45:21-0400 | ETH New session (KXETH15M-26MAY100000-00)
2026-05-09 23:45:22-0400 | ETH WS re-subscribed to KXETH15M-26MAY100000-00
2026-05-09 23:45:22-0400 | ETH WS subscribed: channel=orderbook_delta sid=47
2026-05-09 23:45:34-0400 | ETH 💓 alive | WS 0s ago | phase=WAIT_WINDOW | losses=0/2 | pos=— | up=0.60 dn=0.42 strike=2328.47 mins=14.4
2026-05-09 23:46:35-0400 | ETH 💓 alive | WS 0s ago | phase=WAIT_WINDOW | losses=0/2 | pos=— | up=0.63 dn=0.38 strike=2328.47 mins=13.4
2026-05-09 23:47:35-0400 | ETH 💓 alive | WS 0s ago | phase=WAIT_WINDOW | losses=0/2 | pos=— | up=0.61 dn=0.40 strike=2328.47 mins=12.4
2026-05-09 23:48:35-0400 | ETH 💓 alive | WS 1s ago | phase=WAIT_WINDOW | losses=0/2 | pos=— | up=0.40 dn=0.63 strike=2328.47 mins=11.4
2026-05-09 23:49:35-0400 | ETH 💓 alive | WS 0s ago | phase=WAIT_WINDOW | losses=0/2 | pos=— | up=0.33 dn=0.70 strike=2328.47 mins=10.4
2026-05-09 23:50:36-0400 | ETH 💓 alive | WS 0s ago | phase=MONITORING | losses=0/2 | pos=— | up=0.48 dn=0.55 strike=2328.47 mins=9.4
2026-05-09 23:51:36-0400 | ETH 💓 alive | WS 0s ago | phase=MONITORING | losses=0/2 | pos=— | up=0.40 dn=0.61 strike=2328.47 mins=8.4
2026-05-09 23:52:36-0400 | ETH 💓 alive | WS 0s ago | phase=MONITORING | losses=0/2 | pos=— | up=0.42 dn=0.59 strike=2328.47 mins=7.4
2026-05-09 23:53:36-0400 | ETH 💓 alive | WS 0s ago | phase=MONITORING | losses=0/2 | pos=— | up=0.38 dn=0.64 strike=2328.47 mins=6.4
2026-05-09 23:54:37-0400 | ETH 💓 alive | WS 0s ago | phase=MONITORING | losses=0/2 | pos=— | up=0.27 dn=0.74 strike=2328.47 mins=5.4
2026-05-09 23:55:37-0400 | ETH 💓 alive | WS 0s ago | phase=MONITORING | losses=0/2 | pos=— | up=0.13 dn=0.88 strike=2328.47 mins=4.4
2026-05-09 23:56:37-0400 | ETH 💓 alive | WS 0s ago | phase=MONITORING | losses=0/2 | pos=— | up=0.18 dn=0.83 strike=2328.47 mins=3.4
2026-05-09 23:57:37-0400 | ETH 💓 alive | WS 0s ago | phase=MONITORING | losses=0/2 | pos=— | up=0.16 dn=0.85 strike=2328.47 mins=2.4
2026-05-09 23:58:38-0400 | ETH 💓 alive | WS 0s ago | phase=MONITORING | losses=0/2 | pos=— | up=0.07 dn=0.94 strike=2328.47 mins=1.4
2026-05-09 23:59:38-0400 | ETH 💓 alive | WS 0s ago | phase=MONITORING | losses=0/2 | pos=— | up=0.01 dn=0.99 strike=2328.47 mins=0.4
2026-05-10 00:00:26-0400 | ETH New session (KXETH15M-26MAY100015-15)
2026-05-10 00:00:27-0400 | ETH WS re-subscribed to KXETH15M-26MAY100015-15
2026-05-10 00:00:27-0400 | ETH WS subscribed: channel=orderbook_delta sid=48
2026-05-10 00:00:38-0400 | ETH 💓 alive | WS 0s ago | phase=WAIT_WINDOW | losses=0/2 | pos=— | up=0.59 dn=0.51 strike=2328.03 mins=14.4
2026-05-10 00:01:38-0400 | ETH 💓 alive | WS 0s ago | phase=WAIT_WINDOW | losses=0/2 | pos=— | up=0.25 dn=0.78 strike=2328.03 mins=13.4
2026-05-10 00:02:39-0400 | ETH 💓 alive | WS 0s ago | phase=WAIT_WINDOW | losses=0/2 | pos=— | up=0.41 dn=0.62 strike=2328.03 mins=12.3
2026-05-10 00:03:39-0400 | ETH 💓 alive | WS 0s ago | phase=WAIT_WINDOW | losses=0/2 | pos=— | up=0.28 dn=0.75 strike=2328.03 mins=11.3
2026-05-10 00:04:39-0400 | ETH 💓 alive | WS 0s ago | phase=WAIT_WINDOW | losses=0/2 | pos=— | up=0.31 dn=0.70 strike=2328.03 mins=10.3
2026-05-10 00:05:40-0400 | ETH 💓 alive | WS 0s ago | phase=MONITORING | losses=0/2 | pos=— | up=0.28 dn=0.73 strike=2328.03 mins=9.3
2026-05-10 00:06:40-0400 | ETH 💓 alive | WS 0s ago | phase=MONITORING | losses=0/2 | pos=— | up=0.37 dn=0.65 strike=2328.03 mins=8.3
2026-05-10 00:07:40-0400 | ETH 💓 alive | WS 1s ago | phase=MONITORING | losses=0/2 | pos=— | up=0.32 dn=0.71 strike=2328.03 mins=7.3
2026-05-10 00:08:41-0400 | ETH 💓 alive | WS 0s ago | phase=MONITORING | losses=0/2 | pos=— | up=0.25 dn=0.77 strike=2328.03 mins=6.3
2026-05-10 00:09:41-0400 | ETH 💓 alive | WS 0s ago | phase=MONITORING | losses=0/2 | pos=— | up=0.35 dn=0.66 strike=2328.03 mins=5.3
2026-05-10 00:10:41-0400 | ETH 💓 alive | WS 0s ago | phase=MONITORING | losses=0/2 | pos=— | up=0.12 dn=0.91 strike=2328.03 mins=4.3
2026-05-10 00:11:42-0400 | ETH 💓 alive | WS 0s ago | phase=MONITORING | losses=0/2 | pos=— | up=0.11 dn=0.92 strike=2328.03 mins=3.3
2026-05-10 00:12:42-0400 | ETH 💓 alive | WS 0s ago | phase=MONITORING | losses=0/2 | pos=— | up=0.03 dn=0.99 strike=2328.03 mins=2.3
2026-05-10 00:13:42-0400 | ETH 💓 alive | WS 1s ago | phase=MONITORING | losses=0/2 | pos=— | up=0.02 dn=0.99 strike=2328.03 mins=1.3
2026-05-10 00:14:42-0400 | ETH 💓 alive | WS 1s ago | phase=MONITORING | losses=0/2 | pos=— | up=0.00 dn=1.00 strike=2328.03 mins=0.3
2026-05-10 00:15:30-0400 | ETH New session (KXETH15M-26MAY100030-30)
2026-05-10 00:15:31-0400 | ETH WS re-subscribed to KXETH15M-26MAY100030-30
2026-05-10 00:15:31-0400 | ETH WS subscribed: channel=orderbook_delta sid=49
2026-05-10 00:15:42-0400 | ETH 💓 alive | WS 0s ago | phase=WAIT_WINDOW | losses=0/2 | pos=— | up=0.66 dn=0.35 strike=2326.59 mins=14.3
2026-05-10 00:16:43-0400 | ETH 💓 alive | WS 0s ago | phase=WAIT_WINDOW | losses=0/2 | pos=— | up=0.77 dn=0.28 strike=2326.59 mins=13.3
2026-05-10 00:17:43-0400 | ETH 💓 alive | WS 0s ago | phase=WAIT_WINDOW | losses=0/2 | pos=— | up=0.76 dn=0.27 strike=2326.59 mins=12.3
2026-05-10 00:18:43-0400 | ETH 💓 alive | WS 0s ago | phase=WAIT_WINDOW | losses=0/2 | pos=— | up=0.71 dn=0.31 strike=2326.59 mins=11.3
2026-05-10 00:19:43-0400 | ETH 💓 alive | WS 0s ago | phase=WAIT_WINDOW | losses=0/2 | pos=— | up=0.58 dn=0.43 strike=2326.59 mins=10.3
2026-05-10 00:20:43-0400 | ETH 💓 alive | WS 0s ago | phase=MONITORING | losses=0/2 | pos=— | up=0.37 dn=0.64 strike=2326.59 mins=9.3
2026-05-10 00:21:44-0400 | ETH 💓 alive | WS 0s ago | phase=MONITORING | losses=0/2 | pos=— | up=0.55 dn=0.46 strike=2326.59 mins=8.3
2026-05-10 00:22:44-0400 | ETH 💓 alive | WS 0s ago | phase=MONITORING | losses=0/2 | pos=— | up=0.50 dn=0.51 strike=2326.59 mins=7.3
2026-05-10 00:23:44-0400 | ETH 💓 alive | WS 0s ago | phase=MONITORING | losses=0/2 | pos=— | up=0.45 dn=0.56 strike=2326.59 mins=6.3
2026-05-10 00:24:44-0400 | ETH 💓 alive | WS 0s ago | phase=MONITORING | losses=0/2 | pos=— | up=0.66 dn=0.37 strike=2326.59 mins=5.3
2026-05-10 00:25:45-0400 | ETH 💓 alive | WS 0s ago | phase=MONITORING | losses=0/2 | pos=— | up=0.87 dn=0.14 strike=2326.59 mins=4.2
2026-05-10 00:26:45-0400 | ETH 💓 alive | WS 0s ago | phase=MONITORING | losses=0/2 | pos=— | up=0.96 dn=0.04 strike=2326.59 mins=3.2
2026-05-10 00:27:45-0400 | ETH 💓 alive | WS 2s ago | phase=MONITORING | losses=0/2 | pos=— | up=0.99 dn=0.01 strike=2326.59 mins=2.2
2026-05-10 00:28:45-0400 | ETH 💓 alive | WS 2s ago | phase=MONITORING | losses=0/2 | pos=— | up=0.97 dn=0.03 strike=2326.59 mins=1.2
2026-05-10 00:29:47-0400 | ETH 💓 alive | WS 0s ago | phase=MONITORING | losses=0/2 | pos=— | up=1.00 dn=0.00 strike=2326.59 mins=0.2
2026-05-10 00:30:04-0400 | ETH New session (KXETH15M-26MAY100045-45)
2026-05-10 00:30:04-0400 | ETH WS re-subscribed to KXETH15M-26MAY100045-45
2026-05-10 00:30:04-0400 | ETH WS subscribed: channel=orderbook_delta sid=50
2026-05-10 00:30:47-0400 | ETH 💓 alive | WS 0s ago | phase=WAIT_WINDOW | losses=0/2 | pos=— | up=0.57 dn=0.44 strike=2328.32 mins=14.2
2026-05-10 00:31:47-0400 | ETH 💓 alive | WS 0s ago | phase=WAIT_WINDOW | losses=0/2 | pos=— | up=0.72 dn=0.29 strike=2328.32 mins=13.2
2026-05-10 00:32:48-0400 | ETH 💓 alive | WS 1s ago | phase=WAIT_WINDOW | losses=0/2 | pos=— | up=0.84 dn=0.17 strike=2328.32 mins=12.2
2026-05-10 00:33:48-0400 | ETH 💓 alive | WS 0s ago | phase=WAIT_WINDOW | losses=0/2 | pos=— | up=0.72 dn=0.31 strike=2328.32 mins=11.2
2026-05-10 00:34:48-0400 | ETH 💓 alive | WS 0s ago | phase=WAIT_WINDOW | losses=0/2 | pos=— | up=0.80 dn=0.21 strike=2328.32 mins=10.2
2026-05-10 00:35:49-0400 | ETH 💓 alive | WS 1s ago | phase=MONITORING | losses=0/2 | pos=— | up=0.82 dn=0.19 strike=2328.32 mins=9.2
2026-05-10 00:36:49-0400 | ETH 💓 alive | WS 0s ago | phase=MONITORING | losses=0/2 | pos=— | up=0.84 dn=0.18 strike=2328.32 mins=8.2
2026-05-10 00:37:49-0400 | ETH 💓 alive | WS 0s ago | phase=MONITORING | losses=0/2 | pos=— | up=0.74 dn=0.27 strike=2328.32 mins=7.2
2026-05-10 00:38:49-0400 | ETH 💓 alive | WS 0s ago | phase=MONITORING | losses=0/2 | pos=— | up=0.89 dn=0.12 strike=2328.32 mins=6.2
2026-05-10 00:39:50-0400 | ETH 💓 alive | WS 0s ago | phase=MONITORING | losses=0/2 | pos=— | up=0.91 dn=0.11 strike=2328.32 mins=5.2
2026-05-10 00:40:50-0400 | ETH 💓 alive | WS 0s ago | phase=MONITORING | losses=0/2 | pos=— | up=0.94 dn=0.07 strike=2328.32 mins=4.2
2026-05-10 00:41:50-0400 | ETH 💓 alive | WS 0s ago | phase=MONITORING | losses=0/2 | pos=— | up=0.93 dn=0.07 strike=2328.32 mins=3.2
2026-05-10 00:42:51-0400 | ETH 💓 alive | WS 0s ago | phase=MONITORING | losses=0/2 | pos=— | up=0.98 dn=0.04 strike=2328.32 mins=2.1
2026-05-10 00:43:51-0400 | ETH 💓 alive | WS 0s ago | phase=MONITORING | losses=0/2 | pos=— | up=0.84 dn=0.23 strike=2328.32 mins=1.1
2026-05-10 00:44:52-0400 | ETH 💓 alive | WS 1s ago | phase=MONITORING | losses=0/2 | pos=— | up=0.02 dn=0.99 strike=2328.32 mins=0.1
2026-05-10 00:45:09-0400 | ETH New session (KXETH15M-26MAY100100-00)
2026-05-10 00:45:10-0400 | ETH WS re-subscribed to KXETH15M-26MAY100100-00
2026-05-10 00:45:10-0400 | ETH WS subscribed: channel=orderbook_delta sid=51
2026-05-10 00:45:53-0400 | ETH 💓 alive | WS 0s ago | phase=WAIT_WINDOW | losses=0/2 | pos=— | up=0.35 dn=0.70 strike=2328.08 mins=14.1
2026-05-10 00:46:53-0400 | ETH 💓 alive | WS 0s ago | phase=WAIT_WINDOW | losses=0/2 | pos=— | up=0.34 dn=0.67 strike=2328.08 mins=13.1
2026-05-10 00:47:53-0400 | ETH 💓 alive | WS 0s ago | phase=WAIT_WINDOW | losses=0/2 | pos=— | up=0.43 dn=0.58 strike=2328.08 mins=12.1
2026-05-10 00:48:53-0400 | ETH 💓 alive | WS 0s ago | phase=WAIT_WINDOW | losses=0/2 | pos=— | up=0.43 dn=0.58 strike=2328.08 mins=11.1
2026-05-10 00:49:54-0400 | ETH 💓 alive | WS 0s ago | phase=WAIT_WINDOW | losses=0/2 | pos=— | up=0.43 dn=0.59 strike=2328.08 mins=10.1
2026-05-10 00:50:54-0400 | ETH 💓 alive | WS 0s ago | phase=MONITORING | losses=0/2 | pos=— | up=0.42 dn=0.62 strike=2328.08 mins=9.1
2026-05-10 00:51:54-0400 | ETH 💓 alive | WS 0s ago | phase=MONITORING | losses=0/2 | pos=— | up=0.41 dn=0.60 strike=2328.08 mins=8.1
2026-05-10 00:52:54-0400 | ETH 💓 alive | WS 1s ago | phase=MONITORING | losses=0/2 | pos=— | up=0.48 dn=0.55 strike=2328.08 mins=7.1
2026-05-10 00:53:54-0400 | ETH 💓 alive | WS 0s ago | phase=MONITORING | losses=0/2 | pos=— | up=0.68 dn=0.35 strike=2328.08 mins=6.1
2026-05-10 00:54:55-0400 | ETH 💓 alive | WS 1s ago | phase=MONITORING | losses=0/2 | pos=— | up=0.66 dn=0.37 strike=2328.08 mins=5.1
2026-05-10 00:55:55-0400 | ETH 💓 alive | WS 0s ago | phase=MONITORING | losses=0/2 | pos=— | up=0.84 dn=0.19 strike=2328.08 mins=4.1
2026-05-10 00:56:55-0400 | ETH 💓 alive | WS 1s ago | phase=MONITORING | losses=0/2 | pos=— | up=0.71 dn=0.30 strike=2328.08 mins=3.1
2026-05-10 00:57:55-0400 | ETH 💓 alive | WS 0s ago | phase=MONITORING | losses=0/2 | pos=— | up=0.58 dn=0.49 strike=2328.08 mins=2.1
2026-05-10 00:58:55-0400 | ETH 💓 alive | WS 0s ago | phase=MONITORING | losses=0/2 | pos=— | up=0.60 dn=0.44 strike=2328.08 mins=1.1
2026-05-10 00:59:56-0400 | ETH 💓 alive | WS 0s ago | phase=MONITORING | losses=0/2 | pos=— | up=0.99 dn=0.02 strike=2328.08 mins=0.1
2026-05-10 01:00:12-0400 | ETH New session (KXETH15M-26MAY100115-15)
2026-05-10 01:00:13-0400 | ETH WS re-subscribed to KXETH15M-26MAY100115-15
2026-05-10 01:00:13-0400 | ETH WS subscribed: channel=orderbook_delta sid=52
2026-05-10 01:00:56-0400 | ETH 💓 alive | WS 0s ago | phase=WAIT_WINDOW | losses=0/2 | pos=— | up=0.33 dn=0.69 strike=2328.2 mins=14.1
2026-05-10 01:01:56-0400 | ETH 💓 alive | WS 0s ago | phase=WAIT_WINDOW | losses=0/2 | pos=— | up=0.21 dn=0.80 strike=2328.2 mins=13.1
2026-05-10 01:02:56-0400 | ETH 💓 alive | WS 0s ago | phase=WAIT_WINDOW | losses=0/2 | pos=— | up=0.27 dn=0.74 strike=2328.2 mins=12.1
2026-05-10 01:03:57-0400 | ETH 💓 alive | WS 0s ago | phase=WAIT_WINDOW | losses=0/2 | pos=— | up=0.40 dn=0.61 strike=2328.2 mins=11.0
2026-05-10 01:04:57-0400 | ETH 💓 alive | WS 0s ago | phase=WAIT_WINDOW | losses=0/2 | pos=— | up=0.49 dn=0.53 strike=2328.2 mins=10.0
2026-05-10 01:05:57-0400 | ETH 💓 alive | WS 0s ago | phase=MONITORING | losses=0/2 | pos=— | up=0.34 dn=0.70 strike=2328.2 mins=9.0
2026-05-10 01:06:57-0400 | ETH 💓 alive | WS 0s ago | phase=MONITORING | losses=0/2 | pos=— | up=0.35 dn=0.66 strike=2328.2 mins=8.0
2026-05-10 01:07:58-0400 | ETH 💓 alive | WS 0s ago | phase=MONITORING | losses=0/2 | pos=— | up=0.35 dn=0.68 strike=2328.2 mins=7.0
2026-05-10 01:08:58-0400 | ETH 💓 alive | WS 0s ago | phase=MONITORING | losses=0/2 | pos=— | up=0.37 dn=0.66 strike=2328.2 mins=6.0
2026-05-10 01:09:58-0400 | ETH 💓 alive | WS 0s ago | phase=MONITORING | losses=0/2 | pos=— | up=0.41 dn=0.63 strike=2328.2 mins=5.0
2026-05-10 01:10:59-0400 | ETH 💓 alive | WS 0s ago | phase=MONITORING | losses=0/2 | pos=— | up=0.55 dn=0.46 strike=2328.2 mins=4.0
2026-05-10 01:11:59-0400 | ETH 💓 alive | WS 0s ago | phase=MONITORING | losses=0/2 | pos=— | up=0.26 dn=0.80 strike=2328.2 mins=3.0
2026-05-10 01:12:59-0400 | ETH 💓 alive | WS 0s ago | phase=MONITORING | losses=0/2 | pos=— | up=0.07 dn=0.97 strike=2328.2 mins=2.0
2026-05-10 01:13:59-0400 | ETH 💓 alive | WS 0s ago | phase=MONITORING | losses=0/2 | pos=— | up=0.01 dn=1.00 strike=2328.2 mins=1.0
2026-05-10 01:15:00-0400 | ETH 💓 alive | WS 0s ago | phase=MONITORING | losses=0/2 | pos=— | up=0.00 dn=1.00 strike=2328.2 mins=-0.0
2026-05-10 01:15:16-0400 | ETH New session (KXETH15M-26MAY100130-30)
2026-05-10 01:15:16-0400 | ETH WS re-subscribed to KXETH15M-26MAY100130-30
2026-05-10 01:15:16-0400 | ETH WS subscribed: channel=orderbook_delta sid=53
2026-05-10 01:16:00-0400 | ETH 💓 alive | WS 0s ago | phase=WAIT_WINDOW | losses=0/2 | pos=— | up=0.74 dn=0.29 strike=2327.48 mins=14.0
2026-05-10 01:17:00-0400 | ETH 💓 alive | WS 0s ago | phase=WAIT_WINDOW | losses=0/2 | pos=— | up=0.69 dn=0.33 strike=2327.48 mins=13.0
2026-05-10 01:18:01-0400 | ETH 💓 alive | WS 0s ago | phase=WAIT_WINDOW | losses=0/2 | pos=— | up=0.72 dn=0.31 strike=2327.48 mins=12.0
2026-05-10 01:19:01-0400 | ETH 💓 alive | WS 0s ago | phase=WAIT_WINDOW | losses=0/2 | pos=— | up=0.75 dn=0.27 strike=2327.48 mins=11.0
2026-05-10 01:20:01-0400 | ETH 💓 alive | WS 0s ago | phase=MONITORING | losses=0/2 | pos=— | up=0.64 dn=0.39 strike=2327.48 mins=10.0
2026-05-10 01:21:01-0400 | ETH 💓 alive | WS 0s ago | phase=MONITORING | losses=0/2 | pos=— | up=0.80 dn=0.23 strike=2327.48 mins=9.0
2026-05-10 01:22:02-0400 | ETH 💓 alive | WS 0s ago | phase=MONITORING | losses=0/2 | pos=— | up=0.76 dn=0.25 strike=2327.48 mins=8.0
2026-05-10 01:23:02-0400 | ETH 💓 alive | WS 1s ago | phase=MONITORING | losses=0/2 | pos=— | up=0.84 dn=0.20 strike=2327.48 mins=7.0
2026-05-10 01:24:02-0400 | ETH 💓 alive | WS 0s ago | phase=MONITORING | losses=0/2 | pos=— | up=0.85 dn=0.19 strike=2327.48 mins=6.0
2026-05-10 01:25:03-0400 | ETH 💓 alive | WS 0s ago | phase=MONITORING | losses=0/2 | pos=— | up=0.97 dn=0.04 strike=2327.48 mins=4.9
2026-05-10 01:26:03-0400 | ETH 💓 alive | WS 0s ago | phase=MONITORING | losses=0/2 | pos=— | up=0.97 dn=0.04 strike=2327.48 mins=3.9
2026-05-10 01:27:03-0400 | ETH 💓 alive | WS 0s ago | phase=MONITORING | losses=0/2 | pos=— | up=1.00 dn=0.01 strike=2327.48 mins=2.9
2026-05-10 01:28:04-0400 | ETH 💓 alive | WS 0s ago | phase=MONITORING | losses=0/2 | pos=— | up=1.00 dn=0.01 strike=2327.48 mins=1.9
2026-05-10 01:29:04-0400 | ETH 💓 alive | WS 0s ago | phase=MONITORING | losses=0/2 | pos=— | up=1.00 dn=0.01 strike=2327.48 mins=0.9
2026-05-10 01:30:04-0400 | ETH 💓 alive | WS 3s ago | phase=MONITORING | losses=0/2 | pos=— | up=1.00 dn=0.00 strike=2327.48 mins=-0.1
2026-05-10 01:30:21-0400 | ETH New session (KXETH15M-26MAY100145-45)
2026-05-10 01:30:22-0400 | ETH WS re-subscribed to KXETH15M-26MAY100145-45
2026-05-10 01:30:22-0400 | ETH WS subscribed: channel=orderbook_delta sid=54
2026-05-10 01:31:04-0400 | ETH 💓 alive | WS 0s ago | phase=WAIT_WINDOW | losses=0/2 | pos=— | up=0.54 dn=0.51 strike=2329.21 mins=13.9
2026-05-10 01:32:05-0400 | ETH 💓 alive | WS 0s ago | phase=WAIT_WINDOW | losses=0/2 | pos=— | up=0.50 dn=0.53 strike=2329.21 mins=12.9
2026-05-10 01:33:05-0400 | ETH 💓 alive | WS 1s ago | phase=WAIT_WINDOW | losses=0/2 | pos=— | up=0.37 dn=0.64 strike=2329.21 mins=11.9
2026-05-10 01:34:05-0400 | ETH 💓 alive | WS 0s ago | phase=WAIT_WINDOW | losses=0/2 | pos=— | up=0.29 dn=0.74 strike=2329.21 mins=10.9
2026-05-10 01:35:06-0400 | ETH 💓 alive | WS 0s ago | phase=MONITORING | losses=0/2 | pos=— | up=0.42 dn=0.60 strike=2329.21 mins=9.9
2026-05-10 01:36:06-0400 | ETH 💓 alive | WS 0s ago | phase=MONITORING | losses=0/2 | pos=— | up=0.40 dn=0.61 strike=2329.21 mins=8.9
2026-05-10 01:37:06-0400 | ETH 💓 alive | WS 0s ago | phase=MONITORING | losses=0/2 | pos=— | up=0.58 dn=0.44 strike=2329.21 mins=7.9
2026-05-10 01:38:06-0400 | ETH 💓 alive | WS 0s ago | phase=MONITORING | losses=0/2 | pos=— | up=0.39 dn=0.62 strike=2329.21 mins=6.9
2026-05-10 01:39:06-0400 | ETH 💓 alive | WS 0s ago | phase=MONITORING | losses=0/2 | pos=— | up=0.62 dn=0.39 strike=2329.21 mins=5.9
2026-05-10 01:40:06-0400 | ETH 💓 alive | WS 0s ago | phase=MONITORING | losses=0/2 | pos=— | up=0.41 dn=0.60 strike=2329.21 mins=4.9
2026-05-10 01:41:06-0400 | ETH 💓 alive | WS 0s ago | phase=MONITORING | losses=0/2 | pos=— | up=0.22 dn=0.81 strike=2329.21 mins=3.9
2026-05-10 01:42:06-0400 | ETH 💓 alive | WS 0s ago | phase=MONITORING | losses=0/2 | pos=— | up=0.19 dn=0.82 strike=2329.21 mins=2.9
2026-05-10 01:43:06-0400 | ETH 💓 alive | WS 1s ago | phase=MONITORING | losses=0/2 | pos=— | up=0.03 dn=0.98 strike=2329.21 mins=1.9
2026-05-10 01:44:07-0400 | ETH 💓 alive | WS 0s ago | phase=MONITORING | losses=0/2 | pos=— | up=0.01 dn=1.00 strike=2329.21 mins=0.9
2026-05-10 01:45:08-0400 | ETH 💓 alive | WS 7s ago | phase=MONITORING | losses=0/2 | pos=— | up=0.00 dn=1.00 strike=2329.21 mins=-0.1
2026-05-10 01:45:26-0400 | ETH New session (KXETH15M-26MAY100200-00)
2026-05-10 01:45:27-0400 | ETH WS re-subscribed to KXETH15M-26MAY100200-00
2026-05-10 01:45:27-0400 | ETH WS subscribed: channel=orderbook_delta sid=55
2026-05-10 01:46:08-0400 | ETH 💓 alive | WS 0s ago | phase=WAIT_WINDOW | losses=0/2 | pos=— | up=0.50 dn=0.54 strike=2327.97 mins=13.9
2026-05-10 01:47:08-0400 | ETH 💓 alive | WS 1s ago | phase=WAIT_WINDOW | losses=0/2 | pos=— | up=0.66 dn=0.35 strike=2327.97 mins=12.9
2026-05-10 01:48:08-0400 | ETH 💓 alive | WS 0s ago | phase=WAIT_WINDOW | losses=0/2 | pos=— | up=0.47 dn=0.55 strike=2327.97 mins=11.9
2026-05-10 01:49:09-0400 | ETH 💓 alive | WS 0s ago | phase=WAIT_WINDOW | losses=0/2 | pos=— | up=0.54 dn=0.48 strike=2327.97 mins=10.8
2026-05-10 01:50:09-0400 | ETH 💓 alive | WS 0s ago | phase=MONITORING | losses=0/2 | pos=— | up=0.55 dn=0.46 strike=2327.97 mins=9.8
2026-05-10 01:51:09-0400 | ETH 💓 alive | WS 0s ago | phase=MONITORING | losses=0/2 | pos=— | up=0.23 dn=0.78 strike=2327.97 mins=8.8
2026-05-10 01:52:09-0400 | ETH 💓 alive | WS 0s ago | phase=MONITORING | losses=0/2 | pos=— | up=0.14 dn=0.87 strike=2327.97 mins=7.8
2026-05-10 01:53:09-0400 | ETH 💓 alive | WS 0s ago | phase=MONITORING | losses=0/2 | pos=— | up=0.14 dn=0.87 strike=2327.97 mins=6.8
2026-05-10 01:54:09-0400 | ETH 💓 alive | WS 0s ago | phase=MONITORING | losses=0/2 | pos=— | up=0.13 dn=0.89 strike=2327.97 mins=5.8
2026-05-10 01:55:10-0400 | ETH 💓 alive | WS 0s ago | phase=MONITORING | losses=0/2 | pos=— | up=0.06 dn=0.95 strike=2327.97 mins=4.8
2026-05-10 01:56:10-0400 | ETH 💓 alive | WS 0s ago | phase=MONITORING | losses=0/2 | pos=— | up=0.07 dn=0.96 strike=2327.97 mins=3.8
2026-05-10 01:57:10-0400 | ETH 💓 alive | WS 0s ago | phase=MONITORING | losses=0/2 | pos=— | up=0.10 dn=0.94 strike=2327.97 mins=2.8
2026-05-10 01:58:11-0400 | ETH 💓 alive | WS 1s ago | phase=MONITORING | losses=0/2 | pos=— | up=0.04 dn=0.98 strike=2327.97 mins=1.8
2026-05-10 01:59:11-0400 | ETH 💓 alive | WS 0s ago | phase=MONITORING | losses=0/2 | pos=— | up=0.01 dn=1.00 strike=2327.97 mins=0.8
2026-05-10 02:00:12-0400 | ETH 💓 alive | WS 10s ago | phase=MONITORING | losses=0/2 | pos=— | up=0.00 dn=1.00 strike=2327.97 mins=-0.2
2026-05-10 02:00:30-0400 | ETH New session (KXETH15M-26MAY100215-15)
2026-05-10 02:00:30-0400 | ETH WS re-subscribed to KXETH15M-26MAY100215-15
2026-05-10 02:00:30-0400 | ETH WS subscribed: channel=orderbook_delta sid=56
2026-05-10 02:01:12-0400 | ETH 💓 alive | WS 0s ago | phase=WAIT_WINDOW | losses=0/2 | pos=— | up=0.68 dn=0.34 strike=2326.98 mins=13.8
2026-05-10 02:02:13-0400 | ETH 💓 alive | WS 0s ago | phase=WAIT_WINDOW | losses=0/2 | pos=— | up=0.77 dn=0.24 strike=2326.98 mins=12.8
2026-05-10 02:03:13-0400 | ETH 💓 alive | WS 0s ago | phase=WAIT_WINDOW | losses=0/2 | pos=— | up=0.75 dn=0.27 strike=2326.98 mins=11.8
2026-05-10 02:04:13-0400 | ETH 💓 alive | WS 0s ago | phase=WAIT_WINDOW | losses=0/2 | pos=— | up=0.75 dn=0.27 strike=2326.98 mins=10.8
2026-05-10 02:05:14-0400 | ETH 💓 alive | WS 0s ago | phase=MONITORING | losses=0/2 | pos=— | up=0.82 dn=0.19 strike=2326.98 mins=9.8
2026-05-10 02:06:14-0400 | ETH 💓 alive | WS 0s ago | phase=MONITORING | losses=0/2 | pos=— | up=0.85 dn=0.18 strike=2326.98 mins=8.8
2026-05-10 02:07:14-0400 | ETH 💓 alive | WS 0s ago | phase=MONITORING | losses=0/2 | pos=— | up=0.86 dn=0.16 strike=2326.98 mins=7.8
2026-05-10 02:08:14-0400 | ETH 💓 alive | WS 0s ago | phase=MONITORING | losses=0/2 | pos=— | up=0.83 dn=0.18 strike=2326.98 mins=6.8
2026-05-10 02:09:14-0400 | ETH 💓 alive | WS 0s ago | phase=MONITORING | losses=0/2 | pos=— | up=0.94 dn=0.07 strike=2326.98 mins=5.8
2026-05-10 02:10:14-0400 | ETH 💓 alive | WS 0s ago | phase=MONITORING | losses=0/2 | pos=— | up=0.89 dn=0.12 strike=2326.98 mins=4.8
2026-05-10 02:11:15-0400 | ETH 💓 alive | WS 0s ago | phase=MONITORING | losses=0/2 | pos=— | up=0.93 dn=0.08 strike=2326.98 mins=3.7
2026-05-10 02:12:15-0400 | ETH 💓 alive | WS 0s ago | phase=MONITORING | losses=0/2 | pos=— | up=0.57 dn=0.44 strike=2326.98 mins=2.7
2026-05-10 02:13:16-0400 | ETH 💓 alive | WS 0s ago | phase=MONITORING | losses=0/2 | pos=— | up=0.95 dn=0.08 strike=2326.98 mins=1.7
2026-05-10 02:14:16-0400 | ETH 💓 alive | WS 0s ago | phase=MONITORING | losses=0/2 | pos=— | up=1.00 dn=0.00 strike=2326.98 mins=0.7
2026-05-10 02:15:06-0400 | ETH New session (KXETH15M-26MAY100230-30)
2026-05-10 02:15:07-0400 | ETH WS re-subscribed to KXETH15M-26MAY100230-30
2026-05-10 02:15:07-0400 | ETH WS subscribed: channel=orderbook_delta sid=57
2026-05-10 02:15:16-0400 | ETH 💓 alive | WS 0s ago | phase=WAIT_WINDOW | losses=0/2 | pos=— | up=0.59 dn=0.43 strike=2328.03 mins=14.7
2026-05-10 02:16:17-0400 | ETH 💓 alive | WS 0s ago | phase=WAIT_WINDOW | losses=0/2 | pos=— | up=0.59 dn=0.44 strike=2328.03 mins=13.7
2026-05-10 02:17:17-0400 | ETH 💓 alive | WS 0s ago | phase=WAIT_WINDOW | losses=0/2 | pos=— | up=0.51 dn=0.50 strike=2328.03 mins=12.7
2026-05-10 02:18:17-0400 | ETH 💓 alive | WS 0s ago | phase=WAIT_WINDOW | losses=0/2 | pos=— | up=0.43 dn=0.58 strike=2328.03 mins=11.7
2026-05-10 02:19:17-0400 | ETH 💓 alive | WS 0s ago | phase=WAIT_WINDOW | losses=0/2 | pos=— | up=0.56 dn=0.46 strike=2328.03 mins=10.7
2026-05-10 02:20:18-0400 | ETH 💓 alive | WS 0s ago | phase=MONITORING | losses=0/2 | pos=— | up=0.33 dn=0.70 strike=2328.03 mins=9.7
2026-05-10 02:21:18-0400 | ETH 💓 alive | WS 0s ago | phase=MONITORING | losses=0/2 | pos=— | up=0.31 dn=0.72 strike=2328.03 mins=8.7
2026-05-10 02:22:18-0400 | ETH 💓 alive | WS 0s ago | phase=MONITORING | losses=0/2 | pos=— | up=0.62 dn=0.39 strike=2328.03 mins=7.7
2026-05-10 02:23:18-0400 | ETH 💓 alive | WS 0s ago | phase=MONITORING | losses=0/2 | pos=— | up=0.49 dn=0.53 strike=2328.03 mins=6.7
2026-05-10 02:24:18-0400 | ETH 💓 alive | WS 0s ago | phase=MONITORING | losses=0/2 | pos=— | up=0.32 dn=0.70 strike=2328.03 mins=5.7
2026-05-10 02:25:18-0400 | ETH 💓 alive | WS 0s ago | phase=MONITORING | losses=0/2 | pos=— | up=0.21 dn=0.80 strike=2328.03 mins=4.7
2026-05-10 02:26:18-0400 | ETH 💓 alive | WS 0s ago | phase=MONITORING | losses=0/2 | pos=— | up=0.08 dn=0.92 strike=2328.03 mins=3.7
2026-05-10 02:27:18-0400 | ETH 💓 alive | WS 0s ago | phase=MONITORING | losses=0/2 | pos=— | up=0.03 dn=0.98 strike=2328.03 mins=2.7
2026-05-10 02:28:18-0400 | ETH 💓 alive | WS 0s ago | phase=MONITORING | losses=0/2 | pos=— | up=0.03 dn=0.99 strike=2328.03 mins=1.7
2026-05-10 02:29:19-0400 | ETH 💓 alive | WS 0s ago | phase=MONITORING | losses=0/2 | pos=— | up=0.00 dn=1.00 strike=2328.03 mins=0.7
2026-05-10 02:30:11-0400 | ETH New session (KXETH15M-26MAY100245-45)
2026-05-10 02:30:12-0400 | ETH WS re-subscribed to KXETH15M-26MAY100245-45
2026-05-10 02:30:12-0400 | ETH WS subscribed: channel=orderbook_delta sid=58
2026-05-10 02:30:19-0400 | ETH 💓 alive | WS 1s ago | phase=WAIT_WINDOW | losses=0/2 | pos=— | up=0.49 dn=0.65 strike=2326.76 mins=14.7
2026-05-10 02:31:19-0400 | ETH 💓 alive | WS 0s ago | phase=WAIT_WINDOW | losses=0/2 | pos=— | up=0.52 dn=0.49 strike=2326.76 mins=13.7
2026-05-10 02:32:19-0400 | ETH 💓 alive | WS 0s ago | phase=WAIT_WINDOW | losses=0/2 | pos=— | up=0.67 dn=0.34 strike=2326.76 mins=12.7
2026-05-10 02:33:20-0400 | ETH 💓 alive | WS 0s ago | phase=WAIT_WINDOW | losses=0/2 | pos=— | up=0.69 dn=0.33 strike=2326.76 mins=11.7
2026-05-10 02:34:20-0400 | ETH 💓 alive | WS 0s ago | phase=WAIT_WINDOW | losses=0/2 | pos=— | up=0.66 dn=0.37 strike=2326.76 mins=10.7
2026-05-10 02:35:20-0400 | ETH 💓 alive | WS 0s ago | phase=MONITORING | losses=0/2 | pos=— | up=0.85 dn=0.16 strike=2326.76 mins=9.7
2026-05-10 02:36:20-0400 | ETH 💓 alive | WS 0s ago | phase=MONITORING | losses=0/2 | pos=— | up=0.82 dn=0.20 strike=2326.76 mins=8.7
2026-05-10 02:37:20-0400 | ETH 💓 alive | WS 0s ago | phase=MONITORING | losses=0/2 | pos=— | up=0.87 dn=0.14 strike=2326.76 mins=7.7
2026-05-10 02:38:20-0400 | ETH 💓 alive | WS 0s ago | phase=MONITORING | losses=0/2 | pos=— | up=0.98 dn=0.03 strike=2326.76 mins=6.7
2026-05-10 02:39:20-0400 | ETH 💓 alive | WS 0s ago | phase=MONITORING | losses=0/2 | pos=— | up=0.96 dn=0.04 strike=2326.76 mins=5.7
2026-05-10 02:40:20-0400 | ETH 💓 alive | WS 0s ago | phase=MONITORING | losses=0/2 | pos=— | up=0.96 dn=0.04 strike=2326.76 mins=4.7
2026-05-10 02:41:20-0400 | ETH 💓 alive | WS 2s ago | phase=MONITORING | losses=0/2 | pos=— | up=0.98 dn=0.02 strike=2326.76 mins=3.7
2026-05-10 02:42:21-0400 | ETH 💓 alive | WS 0s ago | phase=MONITORING | losses=0/2 | pos=— | up=1.00 dn=0.01 strike=2326.76 mins=2.6
2026-05-10 02:43:21-0400 | ETH 💓 alive | WS 0s ago | phase=MONITORING | losses=0/2 | pos=— | up=1.00 dn=0.01 strike=2326.76 mins=1.6
2026-05-10 02:44:21-0400 | ETH 💓 alive | WS 0s ago | phase=MONITORING | losses=0/2 | pos=— | up=1.00 dn=0.00 strike=2326.76 mins=0.6
2026-05-10 02:45:13-0400 | ETH New session (KXETH15M-26MAY100300-00)
2026-05-10 02:45:14-0400 | ETH WS re-subscribed to KXETH15M-26MAY100300-00
2026-05-10 02:45:14-0400 | ETH WS subscribed: channel=orderbook_delta sid=59
2026-05-10 02:45:22-0400 | ETH 💓 alive | WS 0s ago | phase=WAIT_WINDOW | losses=0/2 | pos=— | up=0.49 dn=0.53 strike=2328.94 mins=14.6
2026-05-10 02:46:22-0400 | ETH 💓 alive | WS 0s ago | phase=WAIT_WINDOW | losses=0/2 | pos=— | up=0.40 dn=0.61 strike=2328.94 mins=13.6
2026-05-10 02:47:22-0400 | ETH 💓 alive | WS 0s ago | phase=WAIT_WINDOW | losses=0/2 | pos=— | up=0.40 dn=0.61 strike=2328.94 mins=12.6
2026-05-10 02:48:22-0400 | ETH 💓 alive | WS 0s ago | phase=WAIT_WINDOW | losses=0/2 | pos=— | up=0.30 dn=0.71 strike=2328.94 mins=11.6
2026-05-10 02:49:22-0400 | ETH 💓 alive | WS 0s ago | phase=WAIT_WINDOW | losses=0/2 | pos=— | up=0.63 dn=0.39 strike=2328.94 mins=10.6
2026-05-10 02:50:22-0400 | ETH 💓 alive | WS 0s ago | phase=MONITORING | losses=0/2 | pos=— | up=0.66 dn=0.36 strike=2328.94 mins=9.6
2026-05-10 02:51:22-0400 | ETH 💓 alive | WS 0s ago | phase=MONITORING | losses=0/2 | pos=— | up=0.57 dn=0.44 strike=2328.94 mins=8.6
2026-05-10 02:52:22-0400 | ETH 💓 alive | WS 0s ago | phase=MONITORING | losses=0/2 | pos=— | up=0.54 dn=0.49 strike=2328.94 mins=7.6
2026-05-10 02:53:23-0400 | ETH 💓 alive | WS 0s ago | phase=MONITORING | losses=0/2 | pos=— | up=0.66 dn=0.37 strike=2328.94 mins=6.6
2026-05-10 02:54:23-0400 | ETH 💓 alive | WS 0s ago | phase=MONITORING | losses=0/2 | pos=— | up=0.69 dn=0.33 strike=2328.94 mins=5.6
2026-05-10 02:55:23-0400 | ETH 💓 alive | WS 0s ago | phase=MONITORING | losses=0/2 | pos=— | up=0.39 dn=0.62 strike=2328.94 mins=4.6
2026-05-10 02:56:23-0400 | ETH 💓 alive | WS 0s ago | phase=MONITORING | losses=0/2 | pos=— | up=0.30 dn=0.74 strike=2328.94 mins=3.6
2026-05-10 02:57:23-0400 | ETH 💓 alive | WS 0s ago | phase=MONITORING | losses=0/2 | pos=— | up=0.33 dn=0.69 strike=2328.94 mins=2.6
2026-05-10 02:58:23-0400 | ETH 💓 alive | WS 0s ago | phase=MONITORING | losses=0/2 | pos=— | up=0.13 dn=0.89 strike=2328.94 mins=1.6
2026-05-10 02:59:23-0400 | ETH 💓 alive | WS 1s ago | phase=MONITORING | losses=0/2 | pos=— | up=0.06 dn=0.97 strike=2328.94 mins=0.6
2026-05-10 03:00:17-0400 | ETH New session (KXETH15M-26MAY100315-15)
2026-05-10 03:00:17-0400 | ETH WS re-subscribed to KXETH15M-26MAY100315-15
2026-05-10 03:00:17-0400 | ETH WS subscribed: channel=orderbook_delta sid=60
2026-05-10 03:00:24-0400 | ETH 💓 alive | WS 0s ago | phase=WAIT_WINDOW | losses=0/2 | pos=— | up=0.63 dn=0.38 strike=2328.69 mins=14.6
2026-05-10 03:01:24-0400 | ETH 💓 alive | WS 0s ago | phase=WAIT_WINDOW | losses=0/2 | pos=— | up=0.79 dn=0.23 strike=2328.69 mins=13.6
2026-05-10 03:02:24-0400 | ETH 💓 alive | WS 0s ago | phase=WAIT_WINDOW | losses=0/2 | pos=— | up=0.83 dn=0.19 strike=2328.69 mins=12.6
2026-05-10 03:03:24-0400 | ETH 💓 alive | WS 0s ago | phase=WAIT_WINDOW | losses=0/2 | pos=— | up=0.89 dn=0.12 strike=2328.69 mins=11.6
2026-05-10 03:04:24-0400 | ETH 💓 alive | WS 0s ago | phase=WAIT_WINDOW | losses=0/2 | pos=— | up=0.65 dn=0.36 strike=2328.69 mins=10.6
2026-05-10 03:05:25-0400 | ETH 💓 alive | WS 1s ago | phase=MONITORING | losses=0/2 | pos=— | up=0.75 dn=0.27 strike=2328.69 mins=9.6
2026-05-10 03:06:25-0400 | ETH 💓 alive | WS 0s ago | phase=MONITORING | losses=0/2 | pos=— | up=0.72 dn=0.30 strike=2328.69 mins=8.6
2026-05-10 03:07:26-0400 | ETH 💓 alive | WS 0s ago | phase=MONITORING | losses=0/2 | pos=— | up=0.72 dn=0.30 strike=2328.69 mins=7.6
2026-05-10 03:08:26-0400 | ETH 💓 alive | WS 0s ago | phase=MONITORING | losses=0/2 | pos=— | up=0.58 dn=0.43 strike=2328.69 mins=6.6
2026-05-10 03:09:26-0400 | ETH 💓 alive | WS 0s ago | phase=MONITORING | losses=0/2 | pos=— | up=0.73 dn=0.31 strike=2328.69 mins=5.6
2026-05-10 03:10:26-0400 | ETH 💓 alive | WS 0s ago | phase=MONITORING | losses=0/2 | pos=— | up=0.71 dn=0.32 strike=2328.69 mins=4.6
2026-05-10 03:11:27-0400 | ETH 💓 alive | WS 0s ago | phase=MONITORING | losses=0/2 | pos=— | up=0.55 dn=0.46 strike=2328.69 mins=3.5
2026-05-10 03:12:27-0400 | ETH 💓 alive | WS 0s ago | phase=MONITORING | losses=0/2 | pos=— | up=0.48 dn=0.57 strike=2328.69 mins=2.5
2026-05-10 03:13:27-0400 | ETH 💓 alive | WS 0s ago | phase=MONITORING | losses=0/2 | pos=— | up=0.06 dn=0.96 strike=2328.69 mins=1.5
2026-05-10 03:14:27-0400 | ETH 💓 alive | WS 1s ago | phase=MONITORING | losses=0/2 | pos=— | up=0.01 dn=0.99 strike=2328.69 mins=0.5
2026-05-10 03:15:20-0400 | ETH New session (KXETH15M-26MAY100330-30)
2026-05-10 03:15:20-0400 | ETH WS re-subscribed to KXETH15M-26MAY100330-30
2026-05-10 03:15:20-0400 | ETH WS subscribed: channel=orderbook_delta sid=61
2026-05-10 03:15:27-0400 | ETH 💓 alive | WS 0s ago | phase=WAIT_WINDOW | losses=0/2 | pos=— | up=0.55 dn=0.51 strike=2327.92 mins=14.5
2026-05-10 03:16:28-0400 | ETH 💓 alive | WS 0s ago | phase=WAIT_WINDOW | losses=0/2 | pos=— | up=0.58 dn=0.43 strike=2327.92 mins=13.5
2026-05-10 03:17:28-0400 | ETH 💓 alive | WS 0s ago | phase=WAIT_WINDOW | losses=0/2 | pos=— | up=0.67 dn=0.37 strike=2327.92 mins=12.5
2026-05-10 03:18:28-0400 | ETH 💓 alive | WS 0s ago | phase=WAIT_WINDOW | losses=0/2 | pos=— | up=0.75 dn=0.26 strike=2327.92 mins=11.5
2026-05-10 03:19:29-0400 | ETH 💓 alive | WS 0s ago | phase=WAIT_WINDOW | losses=0/2 | pos=— | up=0.76 dn=0.27 strike=2327.92 mins=10.5
2026-05-10 03:20:29-0400 | ETH 💓 alive | WS 0s ago | phase=MONITORING | losses=0/2 | pos=— | up=0.66 dn=0.36 strike=2327.92 mins=9.5
2026-05-10 03:21:29-0400 | ETH 💓 alive | WS 0s ago | phase=MONITORING | losses=0/2 | pos=— | up=0.71 dn=0.30 strike=2327.92 mins=8.5
2026-05-10 03:22:29-0400 | ETH 💓 alive | WS 0s ago | phase=MONITORING | losses=0/2 | pos=— | up=0.95 dn=0.07 strike=2327.92 mins=7.5
2026-05-10 03:23:29-0400 | ETH 💓 alive | WS 0s ago | phase=MONITORING | losses=0/2 | pos=— | up=0.93 dn=0.09 strike=2327.92 mins=6.5
2026-05-10 03:24:29-0400 | ETH 💓 alive | WS 0s ago | phase=MONITORING | losses=0/2 | pos=— | up=0.95 dn=0.07 strike=2327.92 mins=5.5
2026-05-10 03:25:30-0400 | ETH 💓 alive | WS 0s ago | phase=MONITORING | losses=0/2 | pos=— | up=0.97 dn=0.03 strike=2327.92 mins=4.5
2026-05-10 03:26:30-0400 | ETH 💓 alive | WS 0s ago | phase=MONITORING | losses=0/2 | pos=— | up=0.99 dn=0.01 strike=2327.92 mins=3.5
2026-05-10 03:27:30-0400 | ETH 💓 alive | WS 1s ago | phase=MONITORING | losses=0/2 | pos=— | up=0.99 dn=0.02 strike=2327.92 mins=2.5
2026-05-10 03:28:30-0400 | ETH 💓 alive | WS 0s ago | phase=MONITORING | losses=0/2 | pos=— | up=0.99 dn=0.01 strike=2327.92 mins=1.5
2026-05-10 03:29:31-0400 | ETH 💓 alive | WS 0s ago | phase=MONITORING | losses=0/2 | pos=— | up=1.00 dn=0.00 strike=2327.92 mins=0.5
2026-05-10 03:30:25-0400 | ETH New session (KXETH15M-26MAY100345-45)
2026-05-10 03:30:25-0400 | ETH WS re-subscribed to KXETH15M-26MAY100345-45
2026-05-10 03:30:25-0400 | ETH WS subscribed: channel=orderbook_delta sid=62
2026-05-10 03:30:32-0400 | ETH 💓 alive | WS 0s ago | phase=WAIT_WINDOW | losses=0/2 | pos=— | up=0.46 dn=0.64 strike=2329.19 mins=14.5
2026-05-10 03:31:32-0400 | ETH 💓 alive | WS 0s ago | phase=WAIT_WINDOW | losses=0/2 | pos=— | up=0.37 dn=0.65 strike=2329.19 mins=13.5
2026-05-10 03:32:32-0400 | ETH 💓 alive | WS 0s ago | phase=WAIT_WINDOW | losses=0/2 | pos=— | up=0.30 dn=0.72 strike=2329.19 mins=12.5
2026-05-10 03:33:33-0400 | ETH 💓 alive | WS 0s ago | phase=WAIT_WINDOW | losses=0/2 | pos=— | up=0.39 dn=0.64 strike=2329.19 mins=11.4
2026-05-10 03:34:33-0400 | ETH 💓 alive | WS 0s ago | phase=WAIT_WINDOW | losses=0/2 | pos=— | up=0.32 dn=0.70 strike=2329.19 mins=10.4
2026-05-10 03:35:33-0400 | ETH 💓 alive | WS 0s ago | phase=MONITORING | losses=0/2 | pos=— | up=0.28 dn=0.73 strike=2329.19 mins=9.4
2026-05-10 03:36:34-0400 | ETH 💓 alive | WS 1s ago | phase=MONITORING | losses=0/2 | pos=— | up=0.26 dn=0.76 strike=2329.19 mins=8.4
2026-05-10 03:37:34-0400 | ETH 💓 alive | WS 0s ago | phase=MONITORING | losses=0/2 | pos=— | up=0.43 dn=0.58 strike=2329.19 mins=7.4
2026-05-10 03:38:34-0400 | ETH 💓 alive | WS 0s ago | phase=MONITORING | losses=0/2 | pos=— | up=0.54 dn=0.47 strike=2329.19 mins=6.4
2026-05-10 03:39:34-0400 | ETH 💓 alive | WS 0s ago | phase=MONITORING | losses=0/2 | pos=— | up=0.36 dn=0.65 strike=2329.19 mins=5.4
2026-05-10 03:40:35-0400 | ETH 💓 alive | WS 0s ago | phase=MONITORING | losses=0/2 | pos=— | up=0.39 dn=0.62 strike=2329.19 mins=4.4
2026-05-10 03:41:35-0400 | ETH 💓 alive | WS 0s ago | phase=MONITORING | losses=0/2 | pos=— | up=0.27 dn=0.74 strike=2329.19 mins=3.4
2026-05-10 03:42:35-0400 | ETH 💓 alive | WS 1s ago | phase=MONITORING | losses=0/2 | pos=— | up=0.05 dn=0.97 strike=2329.19 mins=2.4
2026-05-10 03:43:36-0400 | ETH 💓 alive | WS 0s ago | phase=MONITORING | losses=0/2 | pos=— | up=0.04 dn=0.98 strike=2329.19 mins=1.4
2026-05-10 03:44:36-0400 | ETH 💓 alive | WS 1s ago | phase=MONITORING | losses=0/2 | pos=— | up=0.01 dn=1.00 strike=2329.19 mins=0.4
2026-05-10 03:45:29-0400 | ETH New session (KXETH15M-26MAY100400-00)
2026-05-10 03:45:29-0400 | ETH WS re-subscribed to KXETH15M-26MAY100400-00
2026-05-10 03:45:29-0400 | ETH WS subscribed: channel=orderbook_delta sid=63
2026-05-10 03:45:37-0400 | ETH 💓 alive | WS 0s ago | phase=WAIT_WINDOW | losses=0/2 | pos=— | up=0.59 dn=0.46 strike=2328.58 mins=14.4
2026-05-10 03:46:37-0400 | ETH 💓 alive | WS 0s ago | phase=WAIT_WINDOW | losses=0/2 | pos=— | up=0.60 dn=0.41 strike=2328.58 mins=13.4
2026-05-10 03:47:37-0400 | ETH 💓 alive | WS 0s ago | phase=WAIT_WINDOW | losses=0/2 | pos=— | up=0.72 dn=0.29 strike=2328.58 mins=12.4
2026-05-10 03:48:38-0400 | ETH 💓 alive | WS 0s ago | phase=WAIT_WINDOW | losses=0/2 | pos=— | up=0.72 dn=0.29 strike=2328.58 mins=11.4
2026-05-10 03:49:38-0400 | ETH 💓 alive | WS 0s ago | phase=WAIT_WINDOW | losses=0/2 | pos=— | up=0.68 dn=0.36 strike=2328.58 mins=10.4
2026-05-10 03:50:38-0400 | ETH 💓 alive | WS 0s ago | phase=MONITORING | losses=0/2 | pos=— | up=0.44 dn=0.60 strike=2328.58 mins=9.4
2026-05-10 03:51:38-0400 | ETH 💓 alive | WS 0s ago | phase=MONITORING | losses=0/2 | pos=— | up=0.41 dn=0.62 strike=2328.58 mins=8.4
2026-05-10 03:52:39-0400 | ETH 💓 alive | WS 0s ago | phase=MONITORING | losses=0/2 | pos=— | up=0.26 dn=0.76 strike=2328.58 mins=7.3
2026-05-10 03:53:39-0400 | ETH 💓 alive | WS 0s ago | phase=MONITORING | losses=0/2 | pos=— | up=0.24 dn=0.79 strike=2328.58 mins=6.3
2026-05-10 03:54:39-0400 | ETH 💓 alive | WS 0s ago | phase=MONITORING | losses=0/2 | pos=— | up=0.13 dn=0.88 strike=2328.58 mins=5.3
2026-05-10 03:55:39-0400 | ETH 💓 alive | WS 0s ago | phase=MONITORING | losses=0/2 | pos=— | up=0.17 dn=0.84 strike=2328.58 mins=4.3
2026-05-10 03:56:39-0400 | ETH 💓 alive | WS 0s ago | phase=MONITORING | losses=0/2 | pos=— | up=0.05 dn=0.97 strike=2328.58 mins=3.3
2026-05-10 03:57:39-0400 | ETH 💓 alive | WS 0s ago | phase=MONITORING | losses=0/2 | pos=— | up=0.01 dn=0.99 strike=2328.58 mins=2.3
2026-05-10 03:58:39-0400 | ETH 💓 alive | WS 0s ago | phase=MONITORING | losses=0/2 | pos=— | up=0.00 dn=1.00 strike=2328.58 mins=1.3
2026-05-10 03:59:41-0400 | ETH 💓 alive | WS 1s ago | phase=MONITORING | losses=0/2 | pos=— | up=0.00 dn=1.00 strike=2328.58 mins=0.3
2026-05-10 04:00:03-0400 | ETH New session (KXETH15M-26MAY100415-15)
2026-05-10 04:00:04-0400 | ETH WS re-subscribed to KXETH15M-26MAY100415-15
2026-05-10 04:00:04-0400 | ETH WS subscribed: channel=orderbook_delta sid=64
2026-05-10 04:00:41-0400 | ETH 💓 alive | WS 0s ago | phase=WAIT_WINDOW | losses=0/2 | pos=— | up=0.47 dn=0.56 strike=2327.33 mins=14.3
2026-05-10 04:01:41-0400 | ETH 💓 alive | WS 0s ago | phase=WAIT_WINDOW | losses=0/2 | pos=— | up=0.45 dn=0.56 strike=2327.33 mins=13.3
2026-05-10 04:02:42-0400 | ETH 💓 alive | WS 0s ago | phase=WAIT_WINDOW | losses=0/2 | pos=— | up=0.45 dn=0.56 strike=2327.33 mins=12.3
2026-05-10 04:03:42-0400 | ETH 💓 alive | WS 0s ago | phase=WAIT_WINDOW | losses=0/2 | pos=— | up=0.38 dn=0.64 strike=2327.33 mins=11.3
2026-05-10 04:04:42-0400 | ETH 💓 alive | WS 0s ago | phase=WAIT_WINDOW | losses=0/2 | pos=— | up=0.22 dn=0.79 strike=2327.33 mins=10.3
2026-05-10 04:05:43-0400 | ETH 💓 alive | WS 0s ago | phase=MONITORING | losses=0/2 | pos=— | up=0.41 dn=0.61 strike=2327.33 mins=9.3
2026-05-10 04:06:43-0400 | ETH 💓 alive | WS 0s ago | phase=MONITORING | losses=0/2 | pos=— | up=0.25 dn=0.77 strike=2327.33 mins=8.3
2026-05-10 04:07:43-0400 | ETH 💓 alive | WS 0s ago | phase=MONITORING | losses=0/2 | pos=— | up=0.40 dn=0.62 strike=2327.33 mins=7.3
2026-05-10 04:08:44-0400 | ETH 💓 alive | WS 0s ago | phase=MONITORING | losses=0/2 | pos=— | up=0.62 dn=0.39 strike=2327.33 mins=6.3
2026-05-10 04:09:44-0400 | ETH 💓 alive | WS 0s ago | phase=MONITORING | losses=0/2 | pos=— | up=0.78 dn=0.24 strike=2327.33 mins=5.3
2026-05-10 04:10:17-0400 | ETH UP triggered @ 0.98 [WS] conviction=0.49 ss=+0.40 — placing order
2026-05-10 04:10:17-0400 | ORDER payload: {"ticker": "KXETH15M-26MAY100415-15", "action": "buy", "side": "yes", "count": 40, "type": "limit", "yes_price": 98, "client_order_id": "902277cb-6c24-47dc-96f5-ee965705919b"}
2026-05-10 04:10:17-0400 | ORDER response: HTTP 201 | {"order":{"action":"buy","client_order_id":"902277cb-6c24-47dc-96f5-ee965705919b","created_time":"2026-05-10T08:10:17.055652Z","fill_count_fp":"40.00","initial_count_fp":"40.00","last_update_time":"2026-05-10T08:10:17.055652Z","maker_fees_dollars":"0.000000","maker_fill_cost_dollars":"0.000000","no_
2026-05-10 04:10:19-0400 | ETH Position confirmed
2026-05-10 04:10:19-0400 | ETH Fill ≠ trigger: trigger=0.98 fill=0.97 size=40/40 fees=$0.0810 (4 fills)
2026-05-10 04:10:19-0400 | ETH Holding UP @ 0.97 (fill) — stop-loss @ 0.5
2026-05-10 04:10:44-0400 | ETH 💓 alive | WS 1s ago | phase=IN_POSITION | losses=0/2 | pos=UP@0.97×40 | up=0.95 dn=0.07 strike=2327.33 mins=4.3
2026-05-10 04:11:45-0400 | ETH 💓 alive | WS 0s ago | phase=IN_POSITION | losses=0/2 | pos=UP@0.97×40 | up=0.97 dn=0.04 strike=2327.33 mins=3.2
2026-05-10 04:12:45-0400 | ETH 💓 alive | WS 0s ago | phase=IN_POSITION | losses=0/2 | pos=UP@0.97×40 | up=0.94 dn=0.06 strike=2327.33 mins=2.2
2026-05-10 04:13:45-0400 | ETH 💓 alive | WS 1s ago | phase=IN_POSITION | losses=0/2 | pos=UP@0.97×40 | up=0.99 dn=0.01 strike=2327.33 mins=1.2
2026-05-10 04:14:46-0400 | ETH 💓 alive | WS 0s ago | phase=IN_POSITION | losses=0/2 | pos=UP@0.97×40 | up=1.00 dn=0.00 strike=2327.33 mins=0.2
2026-05-10 04:15:06-0400 | ETH New session (KXETH15M-26MAY100430-30)
2026-05-10 04:15:07-0400 | ETH WS re-subscribed to KXETH15M-26MAY100430-30
2026-05-10 04:15:07-0400 | ETH WS subscribed: channel=orderbook_delta sid=65
2026-05-10 04:15:46-0400 | ETH 💓 alive | WS 0s ago | phase=IN_POSITION | losses=0/2 | pos=UP@0.97×40 | up=0.47 dn=0.58 strike=2328.34 mins=14.2
2026-05-10 04:16:38-0400 | ETH UP held to resolution ✓ win (+$1.06) — streak reset
2026-05-10 04:16:47-0400 | ETH 💓 alive | WS 0s ago | phase=WAIT_WINDOW | losses=0/2 | pos=— | up=0.52 dn=0.50 strike=2328.34 mins=13.2
2026-05-10 04:17:47-0400 | ETH 💓 alive | WS 0s ago | phase=WAIT_WINDOW | losses=0/2 | pos=— | up=0.46 dn=0.56 strike=2328.34 mins=12.2
2026-05-10 04:18:48-0400 | ETH 💓 alive | WS 0s ago | phase=WAIT_WINDOW | losses=0/2 | pos=— | up=0.61 dn=0.40 strike=2328.34 mins=11.2
2026-05-10 04:19:48-0400 | ETH 💓 alive | WS 0s ago | phase=WAIT_WINDOW | losses=0/2 | pos=— | up=0.46 dn=0.55 strike=2328.34 mins=10.2
2026-05-10 04:20:49-0400 | ETH 💓 alive | WS 1s ago | phase=MONITORING | losses=0/2 | pos=— | up=0.60 dn=0.41 strike=2328.34 mins=9.2
2026-05-10 04:21:49-0400 | ETH 💓 alive | WS 0s ago | phase=MONITORING | losses=0/2 | pos=— | up=0.68 dn=0.33 strike=2328.34 mins=8.2
2026-05-10 04:22:49-0400 | ETH 💓 alive | WS 0s ago | phase=MONITORING | losses=0/2 | pos=— | up=0.80 dn=0.21 strike=2328.34 mins=7.2
2026-05-10 04:23:49-0400 | ETH 💓 alive | WS 0s ago | phase=MONITORING | losses=0/2 | pos=— | up=0.89 dn=0.12 strike=2328.34 mins=6.2
2026-05-10 04:24:50-0400 | ETH 💓 alive | WS 0s ago | phase=MONITORING | losses=0/2 | pos=— | up=0.96 dn=0.05 strike=2328.34 mins=5.2
2026-05-10 04:25:50-0400 | ETH 💓 alive | WS 0s ago | phase=MONITORING | losses=0/2 | pos=— | up=1.00 dn=0.01 strike=2328.34 mins=4.2
2026-05-10 04:26:51-0400 | ETH 💓 alive | WS 0s ago | phase=MONITORING | losses=0/2 | pos=— | up=0.99 dn=0.01 strike=2328.34 mins=3.1
2026-05-10 04:27:51-0400 | ETH 💓 alive | WS 2s ago | phase=MONITORING | losses=0/2 | pos=— | up=1.00 dn=0.01 strike=2328.34 mins=2.1
2026-05-10 04:28:52-0400 | ETH 💓 alive | WS 0s ago | phase=MONITORING | losses=0/2 | pos=— | up=1.00 dn=0.01 strike=2328.34 mins=1.1
2026-05-10 04:29:53-0400 | ETH 💓 alive | WS 0s ago | phase=MONITORING | losses=0/2 | pos=— | up=1.00 dn=0.00 strike=2328.34 mins=0.1
2026-05-10 04:30:11-0400 | ETH New session (KXETH15M-26MAY100445-45)
2026-05-10 04:30:11-0400 | ETH WS re-subscribed to KXETH15M-26MAY100445-45
2026-05-10 04:30:11-0400 | ETH WS subscribed: channel=orderbook_delta sid=66
2026-05-10 04:30:53-0400 | ETH 💓 alive | WS 0s ago | phase=WAIT_WINDOW | losses=0/2 | pos=— | up=0.75 dn=0.35 strike=2329.93 mins=14.1
2026-05-10 04:31:54-0400 | ETH 💓 alive | WS 0s ago | phase=WAIT_WINDOW | losses=0/2 | pos=— | up=0.57 dn=0.47 strike=2329.93 mins=13.1
2026-05-10 04:32:54-0400 | ETH 💓 alive | WS 0s ago | phase=WAIT_WINDOW | losses=0/2 | pos=— | up=0.51 dn=0.50 strike=2329.93 mins=12.1
2026-05-10 04:33:54-0400 | ETH 💓 alive | WS 0s ago | phase=WAIT_WINDOW | losses=0/2 | pos=— | up=0.49 dn=0.52 strike=2329.93 mins=11.1
2026-05-10 04:34:54-0400 | ETH 💓 alive | WS 0s ago | phase=WAIT_WINDOW | losses=0/2 | pos=— | up=0.33 dn=0.68 strike=2329.93 mins=10.1
2026-05-10 04:35:55-0400 | ETH 💓 alive | WS 0s ago | phase=MONITORING | losses=0/2 | pos=— | up=0.56 dn=0.45 strike=2329.93 mins=9.1
2026-05-10 04:36:55-0400 | ETH 💓 alive | WS 0s ago | phase=MONITORING | losses=0/2 | pos=— | up=0.34 dn=0.67 strike=2329.93 mins=8.1
2026-05-10 04:37:55-0400 | ETH 💓 alive | WS 0s ago | phase=MONITORING | losses=0/2 | pos=— | up=0.37 dn=0.65 strike=2329.93 mins=7.1
2026-05-10 04:38:55-0400 | ETH 💓 alive | WS 1s ago | phase=MONITORING | losses=0/2 | pos=— | up=0.34 dn=0.69 strike=2329.93 mins=6.1
2026-05-10 04:39:56-0400 | ETH 💓 alive | WS 0s ago | phase=MONITORING | losses=0/2 | pos=— | up=0.32 dn=0.72 strike=2329.93 mins=5.1
2026-05-10 04:40:56-0400 | ETH 💓 alive | WS 0s ago | phase=MONITORING | losses=0/2 | pos=— | up=0.07 dn=0.95 strike=2329.93 mins=4.1
2026-05-10 04:41:56-0400 | ETH 💓 alive | WS 0s ago | phase=MONITORING | losses=0/2 | pos=— | up=0.08 dn=0.92 strike=2329.93 mins=3.1
2026-05-10 04:42:56-0400 | ETH 💓 alive | WS 0s ago | phase=MONITORING | losses=0/2 | pos=— | up=0.04 dn=0.97 strike=2329.93 mins=2.1
2026-05-10 04:43:56-0400 | ETH 💓 alive | WS 0s ago | phase=MONITORING | losses=0/2 | pos=— | up=0.01 dn=1.00 strike=2329.93 mins=1.1
2026-05-10 04:44:57-0400 | ETH 💓 alive | WS 0s ago | phase=MONITORING | losses=0/2 | pos=— | up=0.00 dn=1.00 strike=2329.93 mins=0.0
2026-05-10 04:45:15-0400 | ETH New session (KXETH15M-26MAY100500-00)
2026-05-10 04:45:16-0400 | ETH WS re-subscribed to KXETH15M-26MAY100500-00
2026-05-10 04:45:16-0400 | ETH WS subscribed: channel=orderbook_delta sid=67
2026-05-10 04:45:58-0400 | ETH 💓 alive | WS 0s ago | phase=WAIT_WINDOW | losses=0/2 | pos=— | up=0.55 dn=0.50 strike=2328.84 mins=14.0
2026-05-10 04:46:58-0400 | ETH 💓 alive | WS 0s ago | phase=WAIT_WINDOW | losses=0/2 | pos=— | up=0.43 dn=0.58 strike=2328.84 mins=13.0
2026-05-10 04:47:58-0400 | ETH 💓 alive | WS 0s ago | phase=WAIT_WINDOW | losses=0/2 | pos=— | up=0.73 dn=0.29 strike=2328.84 mins=12.0
2026-05-10 04:48:58-0400 | ETH 💓 alive | WS 0s ago | phase=WAIT_WINDOW | losses=0/2 | pos=— | up=0.69 dn=0.32 strike=2328.84 mins=11.0
2026-05-10 04:49:58-0400 | ETH 💓 alive | WS 0s ago | phase=WAIT_WINDOW | losses=0/2 | pos=— | up=0.71 dn=0.30 strike=2328.84 mins=10.0
2026-05-10 04:50:58-0400 | ETH 💓 alive | WS 0s ago | phase=MONITORING | losses=0/2 | pos=— | up=0.73 dn=0.30 strike=2328.84 mins=9.0
2026-05-10 04:51:59-0400 | ETH 💓 alive | WS 1s ago | phase=MONITORING | losses=0/2 | pos=— | up=0.71 dn=0.33 strike=2328.84 mins=8.0
2026-05-10 04:52:59-0400 | ETH 💓 alive | WS 0s ago | phase=MONITORING | losses=0/2 | pos=— | up=0.77 dn=0.24 strike=2328.84 mins=7.0
2026-05-10 04:53:59-0400 | ETH 💓 alive | WS 0s ago | phase=MONITORING | losses=0/2 | pos=— | up=0.78 dn=0.23 strike=2328.84 mins=6.0
2026-05-10 04:55:00-0400 | ETH 💓 alive | WS 0s ago | phase=MONITORING | losses=0/2 | pos=— | up=0.87 dn=0.15 strike=2328.84 mins=5.0
2026-05-10 04:56:00-0400 | ETH 💓 alive | WS 1s ago | phase=MONITORING | losses=0/2 | pos=— | up=0.94 dn=0.09 strike=2328.84 mins=4.0
2026-05-10 04:57:01-0400 | ETH 💓 alive | WS 0s ago | phase=MONITORING | losses=0/2 | pos=— | up=0.95 dn=0.06 strike=2328.84 mins=3.0
2026-05-10 04:58:01-0400 | ETH 💓 alive | WS 0s ago | phase=MONITORING | losses=0/2 | pos=— | up=0.85 dn=0.16 strike=2328.84 mins=2.0
2026-05-10 04:59:01-0400 | ETH 💓 alive | WS 0s ago | phase=MONITORING | losses=0/2 | pos=— | up=0.99 dn=0.01 strike=2328.84 mins=1.0
2026-05-10 05:00:02-0400 | ETH 💓 alive | WS 0s ago | phase=MONITORING | losses=0/2 | pos=— | up=1.00 dn=0.00 strike=2328.84 mins=-0.0
2026-05-10 05:00:21-0400 | ETH New session (KXETH15M-26MAY100515-15)
2026-05-10 05:00:22-0400 | ETH WS re-subscribed to KXETH15M-26MAY100515-15
2026-05-10 05:00:22-0400 | ETH WS subscribed: channel=orderbook_delta sid=68
2026-05-10 05:01:02-0400 | ETH 💓 alive | WS 0s ago | phase=WAIT_WINDOW | losses=0/2 | pos=— | up=0.80 dn=0.30 strike=2329.45 mins=14.0
2026-05-10 05:02:02-0400 | ETH 💓 alive | WS 0s ago | phase=WAIT_WINDOW | losses=0/2 | pos=— | up=0.79 dn=0.22 strike=2329.45 mins=13.0
2026-05-10 05:03:02-0400 | ETH 💓 alive | WS 0s ago | phase=WAIT_WINDOW | losses=0/2 | pos=— | up=0.86 dn=0.15 strike=2329.45 mins=12.0
2026-05-10 05:04:02-0400 | ETH 💓 alive | WS 0s ago | phase=WAIT_WINDOW | losses=0/2 | pos=— | up=0.94 dn=0.07 strike=2329.45 mins=11.0
2026-05-10 05:05:03-0400 | ETH 💓 alive | WS 0s ago | phase=MONITORING | losses=0/2 | pos=— | up=0.94 dn=0.07 strike=2329.45 mins=9.9
2026-05-10 05:06:03-0400 | ETH 💓 alive | WS 0s ago | phase=MONITORING | losses=0/2 | pos=— | up=0.89 dn=0.12 strike=2329.45 mins=8.9
2026-05-10 05:07:03-0400 | ETH 💓 alive | WS 0s ago | phase=MONITORING | losses=0/2 | pos=— | up=0.94 dn=0.06 strike=2329.45 mins=7.9
2026-05-10 05:08:03-0400 | ETH 💓 alive | WS 0s ago | phase=MONITORING | losses=0/2 | pos=— | up=0.86 dn=0.15 strike=2329.45 mins=6.9
2026-05-10 05:09:04-0400 | ETH 💓 alive | WS 0s ago | phase=MONITORING | losses=0/2 | pos=— | up=0.92 dn=0.10 strike=2329.45 mins=5.9
2026-05-10 05:10:04-0400 | ETH 💓 alive | WS 0s ago | phase=MONITORING | losses=0/2 | pos=— | up=0.89 dn=0.12 strike=2329.45 mins=4.9
2026-05-10 05:11:05-0400 | ETH 💓 alive | WS 0s ago | phase=MONITORING | losses=0/2 | pos=— | up=0.79 dn=0.23 strike=2329.45 mins=3.9
2026-05-10 05:12:05-0400 | ETH 💓 alive | WS 0s ago | phase=MONITORING | losses=0/2 | pos=— | up=0.66 dn=0.39 strike=2329.45 mins=2.9
2026-05-10 05:13:05-0400 | ETH 💓 alive | WS 0s ago | phase=MONITORING | losses=0/2 | pos=— | up=0.95 dn=0.07 strike=2329.45 mins=1.9
2026-05-10 05:14:06-0400 | ETH 💓 alive | WS 0s ago | phase=MONITORING | losses=0/2 | pos=— | up=0.97 dn=0.03 strike=2329.45 mins=0.9
2026-05-10 05:15:06-0400 | ETH 💓 alive | WS 5s ago | phase=MONITORING | losses=0/2 | pos=— | up=1.00 dn=0.00 strike=2329.45 mins=-0.1
2026-05-10 05:15:26-0400 | ETH New session (KXETH15M-26MAY100530-30)
2026-05-10 05:15:26-0400 | ETH WS re-subscribed to KXETH15M-26MAY100530-30
2026-05-10 05:15:26-0400 | ETH WS subscribed: channel=orderbook_delta sid=69
2026-05-10 05:16:07-0400 | ETH 💓 alive | WS 0s ago | phase=WAIT_WINDOW | losses=0/2 | pos=— | up=0.48 dn=0.56 strike=2330.24 mins=13.9
2026-05-10 05:17:07-0400 | ETH 💓 alive | WS 0s ago | phase=WAIT_WINDOW | losses=0/2 | pos=— | up=0.33 dn=0.70 strike=2330.24 mins=12.9
2026-05-10 05:18:07-0400 | ETH 💓 alive | WS 1s ago | phase=WAIT_WINDOW | losses=0/2 | pos=— | up=0.28 dn=0.73 strike=2330.24 mins=11.9
2026-05-10 05:19:08-0400 | ETH 💓 alive | WS 1s ago | phase=WAIT_WINDOW | losses=0/2 | pos=— | up=0.50 dn=0.51 strike=2330.24 mins=10.9
2026-05-10 05:20:08-0400 | ETH 💓 alive | WS 0s ago | phase=MONITORING | losses=0/2 | pos=— | up=0.46 dn=0.55 strike=2330.24 mins=9.9
2026-05-10 05:21:08-0400 | ETH 💓 alive | WS 1s ago | phase=MONITORING | losses=0/2 | pos=— | up=0.19 dn=0.82 strike=2330.24 mins=8.9
2026-05-10 05:22:08-0400 | ETH 💓 alive | WS 0s ago | phase=MONITORING | losses=0/2 | pos=— | up=0.27 dn=0.74 strike=2330.24 mins=7.9
2026-05-10 05:23:08-0400 | ETH 💓 alive | WS 0s ago | phase=MONITORING | losses=0/2 | pos=— | up=0.24 dn=0.79 strike=2330.24 mins=6.9
2026-05-10 05:24:09-0400 | ETH 💓 alive | WS 1s ago | phase=MONITORING | losses=0/2 | pos=— | up=0.14 dn=0.88 strike=2330.24 mins=5.8
2026-05-10 05:25:09-0400 | ETH 💓 alive | WS 0s ago | phase=MONITORING | losses=0/2 | pos=— | up=0.30 dn=0.73 strike=2330.24 mins=4.8
2026-05-10 05:26:09-0400 | ETH 💓 alive | WS 0s ago | phase=MONITORING | losses=0/2 | pos=— | up=0.25 dn=0.76 strike=2330.24 mins=3.8
2026-05-10 05:27:10-0400 | ETH 💓 alive | WS 0s ago | phase=MONITORING | losses=0/2 | pos=— | up=0.16 dn=0.87 strike=2330.24 mins=2.8
2026-05-10 05:28:10-0400 | ETH 💓 alive | WS 0s ago | phase=MONITORING | losses=0/2 | pos=— | up=0.03 dn=0.98 strike=2330.24 mins=1.8
2026-05-10 05:29:10-0400 | ETH 💓 alive | WS 0s ago | phase=MONITORING | losses=0/2 | pos=— | up=0.01 dn=1.00 strike=2330.24 mins=0.8
2026-05-10 05:30:12-0400 | ETH 💓 alive | WS 11s ago | phase=MONITORING | losses=0/2 | pos=— | up=0.00 dn=1.00 strike=2330.24 mins=-0.2
2026-05-10 05:30:30-0400 | ETH New session (KXETH15M-26MAY100545-45)
2026-05-10 05:30:30-0400 | ETH WS re-subscribed to KXETH15M-26MAY100545-45
2026-05-10 05:30:30-0400 | ETH WS subscribed: channel=orderbook_delta sid=70
2026-05-10 05:31:12-0400 | ETH 💓 alive | WS 0s ago | phase=WAIT_WINDOW | losses=0/2 | pos=— | up=0.52 dn=0.50 strike=2329.28 mins=13.8
2026-05-10 05:32:13-0400 | ETH 💓 alive | WS 1s ago | phase=WAIT_WINDOW | losses=0/2 | pos=— | up=0.53 dn=0.51 strike=2329.28 mins=12.8
2026-05-10 05:33:13-0400 | ETH 💓 alive | WS 1s ago | phase=WAIT_WINDOW | losses=0/2 | pos=— | up=0.52 dn=0.50 strike=2329.28 mins=11.8
2026-05-10 05:34:13-0400 | ETH 💓 alive | WS 0s ago | phase=WAIT_WINDOW | losses=0/2 | pos=— | up=0.52 dn=0.50 strike=2329.28 mins=10.8
2026-05-10 05:35:13-0400 | ETH 💓 alive | WS 1s ago | phase=MONITORING | losses=0/2 | pos=— | up=0.21 dn=0.80 strike=2329.28 mins=9.8
2026-05-10 05:36:14-0400 | ETH 💓 alive | WS 0s ago | phase=MONITORING | losses=0/2 | pos=— | up=0.18 dn=0.84 strike=2329.28 mins=8.8
2026-05-10 05:37:14-0400 | ETH 💓 alive | WS 0s ago | phase=MONITORING | losses=0/2 | pos=— | up=0.04 dn=0.97 strike=2329.28 mins=7.8
2026-05-10 05:38:14-0400 | ETH 💓 alive | WS 0s ago | phase=MONITORING | losses=0/2 | pos=— | up=0.05 dn=0.96 strike=2329.28 mins=6.8
2026-05-10 05:39:15-0400 | ETH 💓 alive | WS 0s ago | phase=MONITORING | losses=0/2 | pos=— | up=0.04 dn=0.98 strike=2329.28 mins=5.7
2026-05-10 05:40:15-0400 | ETH 💓 alive | WS 1s ago | phase=MONITORING | losses=0/2 | pos=— | up=0.05 dn=0.96 strike=2329.28 mins=4.7
2026-05-10 05:41:16-0400 | ETH 💓 alive | WS 1s ago | phase=MONITORING | losses=0/2 | pos=— | up=0.02 dn=0.98 strike=2329.28 mins=3.7
2026-05-10 05:42:16-0400 | ETH 💓 alive | WS 0s ago | phase=MONITORING | losses=0/2 | pos=— | up=0.01 dn=0.99 strike=2329.28 mins=2.7
2026-05-10 05:43:16-0400 | ETH 💓 alive | WS 0s ago | phase=MONITORING | losses=0/2 | pos=— | up=0.00 dn=1.00 strike=2329.28 mins=1.7
2026-05-10 05:44:16-0400 | ETH 💓 alive | WS 0s ago | phase=MONITORING | losses=0/2 | pos=— | up=0.00 dn=1.00 strike=2329.28 mins=0.7
2026-05-10 05:45:04-0400 | ETH New session (KXETH15M-26MAY100600-00)
2026-05-10 05:45:04-0400 | ETH WS re-subscribed to KXETH15M-26MAY100600-00
2026-05-10 05:45:04-0400 | ETH WS subscribed: channel=orderbook_delta sid=71
2026-05-10 05:45:17-0400 | ETH 💓 alive | WS 0s ago | phase=WAIT_WINDOW | losses=0/2 | pos=— | up=0.59 dn=0.57 strike=2327.2 mins=14.7
2026-05-10 05:46:18-0400 | ETH 💓 alive | WS 0s ago | phase=WAIT_WINDOW | losses=0/2 | pos=— | up=0.58 dn=0.44 strike=2327.2 mins=13.7
2026-05-10 05:47:18-0400 | ETH 💓 alive | WS 1s ago | phase=WAIT_WINDOW | losses=0/2 | pos=— | up=0.55 dn=0.48 strike=2327.2 mins=12.7
2026-05-10 05:48:18-0400 | ETH 💓 alive | WS 0s ago | phase=WAIT_WINDOW | losses=0/2 | pos=— | up=0.72 dn=0.29 strike=2327.2 mins=11.7
2026-05-10 05:49:18-0400 | ETH 💓 alive | WS 0s ago | phase=WAIT_WINDOW | losses=0/2 | pos=— | up=0.83 dn=0.18 strike=2327.2 mins=10.7
2026-05-10 05:50:19-0400 | ETH 💓 alive | WS 0s ago | phase=MONITORING | losses=0/2 | pos=— | up=0.84 dn=0.17 strike=2327.2 mins=9.7
2026-05-10 05:51:19-0400 | ETH 💓 alive | WS 0s ago | phase=MONITORING | losses=0/2 | pos=— | up=0.81 dn=0.21 strike=2327.2 mins=8.7
2026-05-10 05:52:19-0400 | ETH 💓 alive | WS 0s ago | phase=MONITORING | losses=0/2 | pos=— | up=0.77 dn=0.25 strike=2327.2 mins=7.7
2026-05-10 05:53:19-0400 | ETH 💓 alive | WS 0s ago | phase=MONITORING | losses=0/2 | pos=— | up=0.62 dn=0.39 strike=2327.2 mins=6.7
2026-05-10 05:54:19-0400 | ETH 💓 alive | WS 0s ago | phase=MONITORING | losses=0/2 | pos=— | up=0.38 dn=0.64 strike=2327.2 mins=5.7
2026-05-10 05:55:20-0400 | ETH 💓 alive | WS 1s ago | phase=MONITORING | losses=0/2 | pos=— | up=0.84 dn=0.18 strike=2327.2 mins=4.7
2026-05-10 05:56:20-0400 | ETH 💓 alive | WS 0s ago | phase=MONITORING | losses=0/2 | pos=— | up=0.89 dn=0.13 strike=2327.2 mins=3.7
2026-05-10 05:57:20-0400 | ETH 💓 alive | WS 0s ago | phase=MONITORING | losses=0/2 | pos=— | up=0.94 dn=0.09 strike=2327.2 mins=2.7
2026-05-10 05:58:20-0400 | ETH 💓 alive | WS 1s ago | phase=MONITORING | losses=0/2 | pos=— | up=0.94 dn=0.07 strike=2327.2 mins=1.7
2026-05-10 05:59:20-0400 | ETH 💓 alive | WS 0s ago | phase=MONITORING | losses=0/2 | pos=— | up=1.00 dn=0.00 strike=2327.2 mins=0.7
2026-05-10 06:00:07-0400 | ETH New session (KXETH15M-26MAY100615-15)
2026-05-10 06:00:08-0400 | ETH WS re-subscribed to KXETH15M-26MAY100615-15
2026-05-10 06:00:08-0400 | ETH WS subscribed: channel=orderbook_delta sid=72
2026-05-10 06:00:22-0400 | ETH 💓 alive | WS 0s ago | phase=WAIT_WINDOW | losses=0/2 | pos=— | up=0.59 dn=0.69 strike=2327.9 mins=14.6
2026-05-10 06:01:22-0400 | ETH 💓 alive | WS 0s ago | phase=WAIT_WINDOW | losses=0/2 | pos=— | up=0.49 dn=0.52 strike=2327.9 mins=13.6
2026-05-10 06:02:22-0400 | ETH 💓 alive | WS 0s ago | phase=WAIT_WINDOW | losses=0/2 | pos=— | up=0.27 dn=0.74 strike=2327.9 mins=12.6
2026-05-10 06:03:22-0400 | ETH 💓 alive | WS 0s ago | phase=WAIT_WINDOW | losses=0/2 | pos=— | up=0.26 dn=0.75 strike=2327.9 mins=11.6
2026-05-10 06:04:23-0400 | ETH 💓 alive | WS 1s ago | phase=WAIT_WINDOW | losses=0/2 | pos=— | up=0.14 dn=0.87 strike=2327.9 mins=10.6
2026-05-10 06:05:23-0400 | ETH 💓 alive | WS 0s ago | phase=MONITORING | losses=0/2 | pos=— | up=0.06 dn=0.94 strike=2327.9 mins=9.6
2026-05-10 06:06:23-0400 | ETH 💓 alive | WS 1s ago | phase=MONITORING | losses=0/2 | pos=— | up=0.05 dn=0.95 strike=2327.9 mins=8.6
2026-05-10 06:07:23-0400 | ETH 💓 alive | WS 0s ago | phase=MONITORING | losses=0/2 | pos=— | up=0.04 dn=0.96 strike=2327.9 mins=7.6
2026-05-10 06:08:23-0400 | ETH 💓 alive | WS 0s ago | phase=MONITORING | losses=0/2 | pos=— | up=0.02 dn=0.98 strike=2327.9 mins=6.6
2026-05-10 06:09:24-0400 | ETH 💓 alive | WS 0s ago | phase=MONITORING | losses=0/2 | pos=— | up=0.02 dn=0.98 strike=2327.9 mins=5.6
2026-05-10 06:10:24-0400 | ETH 💓 alive | WS 0s ago | phase=MONITORING | losses=0/2 | pos=— | up=0.09 dn=0.93 strike=2327.9 mins=4.6
2026-05-10 06:11:24-0400 | ETH 💓 alive | WS 0s ago | phase=MONITORING | losses=0/2 | pos=— | up=0.09 dn=0.92 strike=2327.9 mins=3.6
2026-05-10 06:12:25-0400 | ETH 💓 alive | WS 2s ago | phase=MONITORING | losses=0/2 | pos=— | up=0.01 dn=0.99 strike=2327.9 mins=2.6
2026-05-10 06:13:25-0400 | ETH 💓 alive | WS 0s ago | phase=MONITORING | losses=0/2 | pos=— | up=0.01 dn=0.99 strike=2327.9 mins=1.6
2026-05-10 06:14:25-0400 | ETH 💓 alive | WS 2s ago | phase=MONITORING | losses=0/2 | pos=— | up=0.01 dn=1.00 strike=2327.9 mins=0.6
2026-05-10 06:15:11-0400 | ETH New session (KXETH15M-26MAY100630-30)
2026-05-10 06:15:11-0400 | ETH WS re-subscribed to KXETH15M-26MAY100630-30
2026-05-10 06:15:11-0400 | ETH WS subscribed: channel=orderbook_delta sid=73
2026-05-10 06:15:25-0400 | ETH 💓 alive | WS 0s ago | phase=WAIT_WINDOW | losses=0/2 | pos=— | up=0.58 dn=0.53 strike=2324.58 mins=14.6
2026-05-10 06:16:26-0400 | ETH 💓 alive | WS 0s ago | phase=WAIT_WINDOW | losses=0/2 | pos=— | up=0.33 dn=0.71 strike=2324.58 mins=13.6
2026-05-10 06:17:26-0400 | ETH 💓 alive | WS 0s ago | phase=WAIT_WINDOW | losses=0/2 | pos=— | up=0.41 dn=0.62 strike=2324.58 mins=12.6
2026-05-10 06:18:26-0400 | ETH 💓 alive | WS 0s ago | phase=WAIT_WINDOW | losses=0/2 | pos=— | up=0.50 dn=0.52 strike=2324.58 mins=11.6
2026-05-10 06:19:27-0400 | ETH 💓 alive | WS 1s ago | phase=WAIT_WINDOW | losses=0/2 | pos=— | up=0.42 dn=0.60 strike=2324.58 mins=10.5
2026-05-10 06:20:27-0400 | ETH 💓 alive | WS 0s ago | phase=MONITORING | losses=0/2 | pos=— | up=0.37 dn=0.65 strike=2324.58 mins=9.5
2026-05-10 06:21:27-0400 | ETH 💓 alive | WS 0s ago | phase=MONITORING | losses=0/2 | pos=— | up=0.74 dn=0.28 strike=2324.58 mins=8.5
2026-05-10 06:22:27-0400 | ETH 💓 alive | WS 0s ago | phase=MONITORING | losses=0/2 | pos=— | up=0.60 dn=0.41 strike=2324.58 mins=7.5
2026-05-10 06:23:27-0400 | ETH 💓 alive | WS 0s ago | phase=MONITORING | losses=0/2 | pos=— | up=0.76 dn=0.26 strike=2324.58 mins=6.5
2026-05-10 06:24:27-0400 | ETH 💓 alive | WS 0s ago | phase=MONITORING | losses=0/2 | pos=— | up=0.75 dn=0.27 strike=2324.58 mins=5.5
2026-05-10 06:25:27-0400 | ETH 💓 alive | WS 1s ago | phase=MONITORING | losses=0/2 | pos=— | up=0.94 dn=0.07 strike=2324.58 mins=4.5
2026-05-10 06:26:28-0400 | ETH 💓 alive | WS 1s ago | phase=MONITORING | losses=0/2 | pos=— | up=0.94 dn=0.08 strike=2324.58 mins=3.5
2026-05-10 06:27:28-0400 | ETH 💓 alive | WS 0s ago | phase=MONITORING | losses=0/2 | pos=— | up=0.99 dn=0.01 strike=2324.58 mins=2.5
2026-05-10 06:28:28-0400 | ETH 💓 alive | WS 0s ago | phase=MONITORING | losses=0/2 | pos=— | up=1.00 dn=0.00 strike=2324.58 mins=1.5
2026-05-10 06:29:29-0400 | ETH 💓 alive | WS 1s ago | phase=MONITORING | losses=0/2 | pos=— | up=1.00 dn=0.00 strike=2324.58 mins=0.5
2026-05-10 06:30:15-0400 | ETH New session (KXETH15M-26MAY100645-45)
2026-05-10 06:30:16-0400 | ETH WS re-subscribed to KXETH15M-26MAY100645-45
2026-05-10 06:30:16-0400 | ETH WS subscribed: channel=orderbook_delta sid=74
2026-05-10 06:30:29-0400 | ETH 💓 alive | WS 1s ago | phase=WAIT_WINDOW | losses=0/2 | pos=— | up=0.46 dn=0.55 strike=2326.11 mins=14.5
2026-05-10 06:31:29-0400 | ETH 💓 alive | WS 0s ago | phase=WAIT_WINDOW | losses=0/2 | pos=— | up=0.32 dn=0.71 strike=2326.11 mins=13.5
2026-05-10 06:32:29-0400 | ETH 💓 alive | WS 1s ago | phase=WAIT_WINDOW | losses=0/2 | pos=— | up=0.35 dn=0.66 strike=2326.11 mins=12.5
2026-05-10 06:33:30-0400 | ETH 💓 alive | WS 0s ago | phase=WAIT_WINDOW | losses=0/2 | pos=— | up=0.47 dn=0.54 strike=2326.11 mins=11.5
2026-05-10 06:34:30-0400 | ETH 💓 alive | WS 0s ago | phase=WAIT_WINDOW | losses=0/2 | pos=— | up=0.64 dn=0.37 strike=2326.11 mins=10.5
2026-05-10 06:35:30-0400 | ETH 💓 alive | WS 0s ago | phase=MONITORING | losses=0/2 | pos=— | up=0.44 dn=0.57 strike=2326.11 mins=9.5
2026-05-10 06:36:30-0400 | ETH 💓 alive | WS 0s ago | phase=MONITORING | losses=0/2 | pos=— | up=0.44 dn=0.58 strike=2326.11 mins=8.5
2026-05-10 06:37:30-0400 | ETH 💓 alive | WS 0s ago | phase=MONITORING | losses=0/2 | pos=— | up=0.27 dn=0.74 strike=2326.11 mins=7.5
2026-05-10 06:38:30-0400 | ETH 💓 alive | WS 0s ago | phase=MONITORING | losses=0/2 | pos=— | up=0.19 dn=0.82 strike=2326.11 mins=6.5
2026-05-10 06:39:30-0400 | ETH 💓 alive | WS 0s ago | phase=MONITORING | losses=0/2 | pos=— | up=0.17 dn=0.85 strike=2326.11 mins=5.5
2026-05-10 06:40:31-0400 | ETH 💓 alive | WS 0s ago | phase=MONITORING | losses=0/2 | pos=— | up=0.12 dn=0.89 strike=2326.11 mins=4.5
2026-05-10 06:41:31-0400 | ETH 💓 alive | WS 0s ago | phase=MONITORING | losses=0/2 | pos=— | up=0.02 dn=0.98 strike=2326.11 mins=3.5
2026-05-10 06:42:31-0400 | ETH 💓 alive | WS 0s ago | phase=MONITORING | losses=0/2 | pos=— | up=0.00 dn=1.00 strike=2326.11 mins=2.5
2026-05-10 06:43:32-0400 | ETH 💓 alive | WS 1s ago | phase=MONITORING | losses=0/2 | pos=— | up=0.01 dn=1.00 strike=2326.11 mins=1.5
2026-05-10 06:44:32-0400 | ETH 💓 alive | WS 0s ago | phase=MONITORING | losses=0/2 | pos=— | up=0.00 dn=1.00 strike=2326.11 mins=0.5
2026-05-10 06:45:20-0400 | ETH New session (KXETH15M-26MAY100700-00)
2026-05-10 06:45:21-0400 | ETH WS re-subscribed to KXETH15M-26MAY100700-00
2026-05-10 06:45:21-0400 | ETH WS subscribed: channel=orderbook_delta sid=75
2026-05-10 06:45:32-0400 | ETH 💓 alive | WS 0s ago | phase=WAIT_WINDOW | losses=0/2 | pos=— | up=0.57 dn=0.44 strike=2323.39 mins=14.5
2026-05-10 06:46:32-0400 | ETH 💓 alive | WS 0s ago | phase=WAIT_WINDOW | losses=0/2 | pos=— | up=0.66 dn=0.36 strike=2323.39 mins=13.5
2026-05-10 06:47:33-0400 | ETH 💓 alive | WS 0s ago | phase=WAIT_WINDOW | losses=0/2 | pos=— | up=0.67 dn=0.35 strike=2323.39 mins=12.4
2026-05-10 06:48:33-0400 | ETH 💓 alive | WS 0s ago | phase=WAIT_WINDOW | losses=0/2 | pos=— | up=0.67 dn=0.34 strike=2323.39 mins=11.4
2026-05-10 06:49:33-0400 | ETH 💓 alive | WS 0s ago | phase=WAIT_WINDOW | losses=0/2 | pos=— | up=0.61 dn=0.41 strike=2323.39 mins=10.4
2026-05-10 06:50:34-0400 | ETH 💓 alive | WS 0s ago | phase=MONITORING | losses=0/2 | pos=— | up=0.67 dn=0.35 strike=2323.39 mins=9.4
2026-05-10 06:51:34-0400 | ETH 💓 alive | WS 1s ago | phase=MONITORING | losses=0/2 | pos=— | up=0.69 dn=0.32 strike=2323.39 mins=8.4
2026-05-10 06:52:35-0400 | ETH 💓 alive | WS 0s ago | phase=MONITORING | losses=0/2 | pos=— | up=0.89 dn=0.14 strike=2323.39 mins=7.4
2026-05-10 06:53:35-0400 | ETH 💓 alive | WS 1s ago | phase=MONITORING | losses=0/2 | pos=— | up=0.96 dn=0.05 strike=2323.39 mins=6.4
2026-05-10 06:54:35-0400 | ETH 💓 alive | WS 1s ago | phase=MONITORING | losses=0/2 | pos=— | up=0.97 dn=0.04 strike=2323.39 mins=5.4
2026-05-10 06:55:36-0400 | ETH 💓 alive | WS 0s ago | phase=MONITORING | losses=0/2 | pos=— | up=0.98 dn=0.03 strike=2323.39 mins=4.4
2026-05-10 06:56:36-0400 | ETH 💓 alive | WS 1s ago | phase=MONITORING | losses=0/2 | pos=— | up=0.99 dn=0.01 strike=2323.39 mins=3.4
2026-05-10 06:57:36-0400 | ETH 💓 alive | WS 0s ago | phase=MONITORING | losses=0/2 | pos=— | up=1.00 dn=0.00 strike=2323.39 mins=2.4
2026-05-10 06:58:36-0400 | ETH 💓 alive | WS 0s ago | phase=MONITORING | losses=0/2 | pos=— | up=1.00 dn=0.00 strike=2323.39 mins=1.4
2026-05-10 06:59:36-0400 | ETH 💓 alive | WS 0s ago | phase=MONITORING | losses=0/2 | pos=— | up=1.00 dn=0.00 strike=2323.39 mins=0.4
2026-05-10 07:00:25-0400 | ETH New session (KXETH15M-26MAY100715-15)
2026-05-10 07:00:25-0400 | ETH WS re-subscribed to KXETH15M-26MAY100715-15
2026-05-10 07:00:25-0400 | ETH WS subscribed: channel=orderbook_delta sid=76
2026-05-10 07:00:37-0400 | ETH 💓 alive | WS 0s ago | phase=WAIT_WINDOW | losses=0/2 | pos=— | up=0.51 dn=0.60 strike=2325.21 mins=14.4
2026-05-10 07:01:37-0400 | ETH 💓 alive | WS 1s ago | phase=WAIT_WINDOW | losses=0/2 | pos=— | up=0.52 dn=0.51 strike=2325.21 mins=13.4
2026-05-10 07:02:38-0400 | ETH 💓 alive | WS 0s ago | phase=WAIT_WINDOW | losses=0/2 | pos=— | up=0.84 dn=0.17 strike=2325.21 mins=12.4
2026-05-10 07:03:38-0400 | ETH 💓 alive | WS 0s ago | phase=WAIT_WINDOW | losses=0/2 | pos=— | up=0.83 dn=0.18 strike=2325.21 mins=11.4
2026-05-10 07:04:38-0400 | ETH 💓 alive | WS 0s ago | phase=WAIT_WINDOW | losses=0/2 | pos=— | up=0.73 dn=0.29 strike=2325.21 mins=10.4
2026-05-10 07:05:38-0400 | ETH 💓 alive | WS 0s ago | phase=MONITORING | losses=0/2 | pos=— | up=0.65 dn=0.37 strike=2325.21 mins=9.4
2026-05-10 07:06:38-0400 | ETH 💓 alive | WS 0s ago | phase=MONITORING | losses=0/2 | pos=— | up=0.62 dn=0.40 strike=2325.21 mins=8.4
2026-05-10 07:07:39-0400 | ETH 💓 alive | WS 0s ago | phase=MONITORING | losses=0/2 | pos=— | up=0.78 dn=0.24 strike=2325.21 mins=7.3
2026-05-10 07:08:39-0400 | ETH 💓 alive | WS 0s ago | phase=MONITORING | losses=0/2 | pos=— | up=0.50 dn=0.51 strike=2325.21 mins=6.3
2026-05-10 07:09:39-0400 | ETH 💓 alive | WS 0s ago | phase=MONITORING | losses=0/2 | pos=— | up=0.29 dn=0.72 strike=2325.21 mins=5.3
2026-05-10 07:10:40-0400 | ETH 💓 alive | WS 0s ago | phase=MONITORING | losses=0/2 | pos=— | up=0.09 dn=0.93 strike=2325.21 mins=4.3
2026-05-10 07:11:40-0400 | ETH 💓 alive | WS 0s ago | phase=MONITORING | losses=0/2 | pos=— | up=0.03 dn=0.97 strike=2325.21 mins=3.3
2026-05-10 07:12:40-0400 | ETH 💓 alive | WS 0s ago | phase=MONITORING | losses=0/2 | pos=— | up=0.04 dn=0.97 strike=2325.21 mins=2.3
2026-05-10 07:13:41-0400 | ETH 💓 alive | WS 0s ago | phase=MONITORING | losses=0/2 | pos=— | up=0.05 dn=0.97 strike=2325.21 mins=1.3
2026-05-10 07:14:41-0400 | ETH 💓 alive | WS 0s ago | phase=MONITORING | losses=0/2 | pos=— | up=0.00 dn=1.00 strike=2325.21 mins=0.3
2026-05-10 07:15:26-0400 | ETH New session (KXETH15M-26MAY100730-30)
2026-05-10 07:15:27-0400 | ETH WS re-subscribed to KXETH15M-26MAY100730-30
2026-05-10 07:15:27-0400 | ETH WS subscribed: channel=orderbook_delta sid=77
2026-05-10 07:15:41-0400 | ETH 💓 alive | WS 0s ago | phase=WAIT_WINDOW | losses=0/2 | pos=— | up=0.58 dn=0.50 strike=2324.21 mins=14.3
2026-05-10 07:16:41-0400 | ETH 💓 alive | WS 0s ago | phase=WAIT_WINDOW | losses=0/2 | pos=— | up=0.61 dn=0.41 strike=2324.21 mins=13.3
2026-05-10 07:17:42-0400 | ETH 💓 alive | WS 0s ago | phase=WAIT_WINDOW | losses=0/2 | pos=— | up=0.67 dn=0.34 strike=2324.21 mins=12.3
2026-05-10 07:18:42-0400 | ETH 💓 alive | WS 0s ago | phase=WAIT_WINDOW | losses=0/2 | pos=— | up=0.49 dn=0.52 strike=2324.21 mins=11.3
2026-05-10 07:19:43-0400 | ETH 💓 alive | WS 0s ago | phase=WAIT_WINDOW | losses=0/2 | pos=— | up=0.29 dn=0.72 strike=2324.21 mins=10.3
2026-05-10 07:20:43-0400 | ETH 💓 alive | WS 0s ago | phase=MONITORING | losses=0/2 | pos=— | up=0.22 dn=0.79 strike=2324.21 mins=9.3
2026-05-10 07:21:43-0400 | ETH 💓 alive | WS 0s ago | phase=MONITORING | losses=0/2 | pos=— | up=0.12 dn=0.90 strike=2324.21 mins=8.3
2026-05-10 07:22:44-0400 | ETH 💓 alive | WS 0s ago | phase=MONITORING | losses=0/2 | pos=— | up=0.05 dn=0.96 strike=2324.21 mins=7.3
2026-05-10 07:23:28-0400 | ETH DOWN triggered @ 0.98 [WS] conviction=0.48 ss=-0.50 — placing order
2026-05-10 07:23:28-0400 | ORDER payload: {"ticker": "KXETH15M-26MAY100730-30", "action": "buy", "side": "no", "count": 40, "type": "limit", "no_price": 98, "client_order_id": "5a543ae9-abf7-48b8-8b09-66edf2f05115"}
2026-05-10 07:23:28-0400 | ORDER response: HTTP 201 | {"order":{"action":"buy","client_order_id":"5a543ae9-abf7-48b8-8b09-66edf2f05115","created_time":"2026-05-10T11:23:28.697648Z","fill_count_fp":"0.00","initial_count_fp":"40.00","last_update_time":"2026-05-10T11:23:28.697648Z","maker_fees_dollars":"0.000000","maker_fill_cost_dollars":"0.000000","no_p
2026-05-10 07:23:30-0400 | ETH Position confirmed
2026-05-10 07:23:30-0400 | ETH Holding DOWN @ 0.98 (fill) — stop-loss @ 0.5
2026-05-10 07:23:44-0400 | ETH 💓 alive | WS 0s ago | phase=IN_POSITION | losses=0/2 | pos=DOWN@0.98×40 | up=0.01 dn=0.99 strike=2324.21 mins=6.3
2026-05-10 07:24:45-0400 | ETH 💓 alive | WS 0s ago | phase=IN_POSITION | losses=0/2 | pos=DOWN@0.98×40 | up=0.03 dn=0.98 strike=2324.21 mins=5.2
2026-05-10 07:25:45-0400 | ETH 💓 alive | WS 0s ago | phase=IN_POSITION | losses=0/2 | pos=DOWN@0.98×40 | up=0.01 dn=0.99 strike=2324.21 mins=4.2
2026-05-10 07:26:45-0400 | ETH 💓 alive | WS 0s ago | phase=IN_POSITION | losses=0/2 | pos=DOWN@0.98×40 | up=0.01 dn=0.99 strike=2324.21 mins=3.2
2026-05-10 07:27:45-0400 | ETH 💓 alive | WS 0s ago | phase=IN_POSITION | losses=0/2 | pos=DOWN@0.98×40 | up=0.01 dn=0.99 strike=2324.21 mins=2.2
2026-05-10 07:28:45-0400 | ETH 💓 alive | WS 0s ago | phase=IN_POSITION | losses=0/2 | pos=DOWN@0.98×40 | up=0.01 dn=0.99 strike=2324.21 mins=1.2
2026-05-10 07:29:47-0400 | ETH 💓 alive | WS 1s ago | phase=IN_POSITION | losses=0/2 | pos=DOWN@0.98×40 | up=0.00 dn=1.00 strike=2324.21 mins=0.2
2026-05-10 07:30:29-0400 | ETH New session (KXETH15M-26MAY100745-45)
2026-05-10 07:30:29-0400 | ETH WS re-subscribed to KXETH15M-26MAY100745-45
2026-05-10 07:30:29-0400 | ETH WS subscribed: channel=orderbook_delta sid=78
2026-05-10 07:30:47-0400 | ETH 💓 alive | WS 0s ago | phase=IN_POSITION | losses=0/2 | pos=DOWN@0.98×40 | up=0.52 dn=0.52 strike=2321.89 mins=14.2
2026-05-10 07:31:47-0400 | ETH 💓 alive | WS 0s ago | phase=IN_POSITION | losses=0/2 | pos=DOWN@0.98×40 | up=0.53 dn=0.49 strike=2321.89 mins=13.2
2026-05-10 07:31:47-0400 | ETH DOWN held to resolution ✓ win (+$0.8) — streak reset
2026-05-10 07:32:48-0400 | ETH 💓 alive | WS 0s ago | phase=WAIT_WINDOW | losses=0/2 | pos=— | up=0.52 dn=0.49 strike=2321.89 mins=12.2
2026-05-10 07:33:48-0400 | ETH 💓 alive | WS 0s ago | phase=WAIT_WINDOW | losses=0/2 | pos=— | up=0.56 dn=0.45 strike=2321.89 mins=11.2
2026-05-10 07:34:48-0400 | ETH 💓 alive | WS 0s ago | phase=WAIT_WINDOW | losses=0/2 | pos=— | up=0.48 dn=0.53 strike=2321.89 mins=10.2
2026-05-10 07:35:48-0400 | ETH 💓 alive | WS 0s ago | phase=MONITORING | losses=0/2 | pos=— | up=0.60 dn=0.41 strike=2321.89 mins=9.2
2026-05-10 07:36:49-0400 | ETH 💓 alive | WS 0s ago | phase=MONITORING | losses=0/2 | pos=— | up=0.35 dn=0.66 strike=2321.89 mins=8.2
2026-05-10 07:37:49-0400 | ETH 💓 alive | WS 0s ago | phase=MONITORING | losses=0/2 | pos=— | up=0.20 dn=0.82 strike=2321.89 mins=7.2
2026-05-10 07:38:49-0400 | ETH 💓 alive | WS 0s ago | phase=MONITORING | losses=0/2 | pos=— | up=0.13 dn=0.88 strike=2321.89 mins=6.2
2026-05-10 07:39:49-0400 | ETH 💓 alive | WS 0s ago | phase=MONITORING | losses=0/2 | pos=— | up=0.07 dn=0.93 strike=2321.89 mins=5.2
2026-05-10 07:40:50-0400 | ETH 💓 alive | WS 0s ago | phase=MONITORING | losses=0/2 | pos=— | up=0.11 dn=0.90 strike=2321.89 mins=4.2
2026-05-10 07:41:50-0400 | ETH 💓 alive | WS 0s ago | phase=MONITORING | losses=0/2 | pos=— | up=0.03 dn=0.98 strike=2321.89 mins=3.2
2026-05-10 07:42:50-0400 | ETH 💓 alive | WS 0s ago | phase=MONITORING | losses=0/2 | pos=— | up=0.01 dn=0.99 strike=2321.89 mins=2.2
2026-05-10 07:43:51-0400 | ETH 💓 alive | WS 0s ago | phase=MONITORING | losses=0/2 | pos=— | up=0.01 dn=1.00 strike=2321.89 mins=1.1
2026-05-10 07:44:52-0400 | ETH 💓 alive | WS 0s ago | phase=MONITORING | losses=0/2 | pos=— | up=0.01 dn=1.00 strike=2321.89 mins=0.1
2026-05-10 07:45:05-0400 | ETH New session (KXETH15M-26MAY100800-00)
2026-05-10 07:45:06-0400 | ETH WS re-subscribed to KXETH15M-26MAY100800-00
2026-05-10 07:45:06-0400 | ETH WS subscribed: channel=orderbook_delta sid=79
2026-05-10 07:45:52-0400 | ETH 💓 alive | WS 0s ago | phase=WAIT_WINDOW | losses=0/2 | pos=— | up=0.53 dn=0.48 strike=2321.34 mins=14.1
2026-05-10 07:46:52-0400 | ETH 💓 alive | WS 0s ago | phase=WAIT_WINDOW | losses=0/2 | pos=— | up=0.60 dn=0.42 strike=2321.34 mins=13.1
2026-05-10 07:47:53-0400 | ETH 💓 alive | WS 0s ago | phase=WAIT_WINDOW | losses=0/2 | pos=— | up=0.55 dn=0.47 strike=2321.34 mins=12.1
2026-05-10 07:48:53-0400 | ETH 💓 alive | WS 0s ago | phase=WAIT_WINDOW | losses=0/2 | pos=— | up=0.50 dn=0.52 strike=2321.34 mins=11.1
2026-05-10 07:49:54-0400 | ETH 💓 alive | WS 0s ago | phase=WAIT_WINDOW | losses=0/2 | pos=— | up=0.52 dn=0.51 strike=2321.34 mins=10.1
2026-05-10 07:50:54-0400 | ETH 💓 alive | WS 0s ago | phase=MONITORING | losses=0/2 | pos=— | up=0.55 dn=0.46 strike=2321.34 mins=9.1
2026-05-10 07:51:54-0400 | ETH 💓 alive | WS 0s ago | phase=MONITORING | losses=0/2 | pos=— | up=0.55 dn=0.46 strike=2321.34 mins=8.1
2026-05-10 07:52:54-0400 | ETH 💓 alive | WS 0s ago | phase=MONITORING | losses=0/2 | pos=— | up=0.68 dn=0.34 strike=2321.34 mins=7.1
2026-05-10 07:53:55-0400 | ETH 💓 alive | WS 0s ago | phase=MONITORING | losses=0/2 | pos=— | up=0.69 dn=0.32 strike=2321.34 mins=6.1
2026-05-10 07:54:55-0400 | ETH 💓 alive | WS 0s ago | phase=MONITORING | losses=0/2 | pos=— | up=0.73 dn=0.31 strike=2321.34 mins=5.1
2026-05-10 07:55:55-0400 | ETH 💓 alive | WS 0s ago | phase=MONITORING | losses=0/2 | pos=— | up=0.78 dn=0.26 strike=2321.34 mins=4.1
2026-05-10 07:56:55-0400 | ETH 💓 alive | WS 0s ago | phase=MONITORING | losses=0/2 | pos=— | up=0.82 dn=0.19 strike=2321.34 mins=3.1
2026-05-10 07:57:56-0400 | ETH 💓 alive | WS 0s ago | phase=MONITORING | losses=0/2 | pos=— | up=0.85 dn=0.19 strike=2321.34 mins=2.1
2026-05-10 07:58:56-0400 | ETH 💓 alive | WS 0s ago | phase=MONITORING | losses=0/2 | pos=— | up=0.95 dn=0.07 strike=2321.34 mins=1.1
2026-05-10 07:59:57-0400 | ETH 💓 alive | WS 0s ago | phase=MONITORING | losses=0/2 | pos=— | up=1.00 dn=0.00 strike=2321.34 mins=0.0
2026-05-10 08:00:08-0400 | ETH New session (KXETH15M-26MAY100815-15)
2026-05-10 08:00:08-0400 | ETH WS re-subscribed to KXETH15M-26MAY100815-15
2026-05-10 08:00:08-0400 | ETH WS subscribed: channel=orderbook_delta sid=80
2026-05-10 08:00:57-0400 | ETH 💓 alive | WS 0s ago | phase=WAIT_WINDOW | losses=0/2 | pos=— | up=0.66 dn=0.37 strike=2322.06 mins=14.0
2026-05-10 08:01:58-0400 | ETH 💓 alive | WS 2s ago | phase=WAIT_WINDOW | losses=0/2 | pos=— | up=0.60 dn=0.44 strike=2322.06 mins=13.0
2026-05-10 08:02:58-0400 | ETH 💓 alive | WS 0s ago | phase=WAIT_WINDOW | losses=0/2 | pos=— | up=0.51 dn=0.50 strike=2322.06 mins=12.0
2026-05-10 08:03:58-0400 | ETH 💓 alive | WS 0s ago | phase=WAIT_WINDOW | losses=0/2 | pos=— | up=0.23 dn=0.78 strike=2322.06 mins=11.0
2026-05-10 08:04:59-0400 | ETH 💓 alive | WS 0s ago | phase=WAIT_WINDOW | losses=0/2 | pos=— | up=0.36 dn=0.67 strike=2322.06 mins=10.0
2026-05-10 08:05:59-0400 | ETH 💓 alive | WS 0s ago | phase=MONITORING | losses=0/2 | pos=— | up=0.36 dn=0.67 strike=2322.06 mins=9.0
2026-05-10 08:06:59-0400 | ETH 💓 alive | WS 0s ago | phase=MONITORING | losses=0/2 | pos=— | up=0.27 dn=0.75 strike=2322.06 mins=8.0
2026-05-10 08:07:59-0400 | ETH 💓 alive | WS 0s ago | phase=MONITORING | losses=0/2 | pos=— | up=0.24 dn=0.79 strike=2322.06 mins=7.0
2026-05-10 08:09:00-0400 | ETH 💓 alive | WS 0s ago | phase=MONITORING | losses=0/2 | pos=— | up=0.34 dn=0.68 strike=2322.06 mins=6.0
2026-05-10 08:10:00-0400 | ETH 💓 alive | WS 0s ago | phase=MONITORING | losses=0/2 | pos=— | up=0.31 dn=0.74 strike=2322.06 mins=5.0
2026-05-10 08:11:00-0400 | ETH 💓 alive | WS 0s ago | phase=MONITORING | losses=0/2 | pos=— | up=0.20 dn=0.84 strike=2322.06 mins=4.0
2026-05-10 08:12:01-0400 | ETH 💓 alive | WS 1s ago | phase=MONITORING | losses=0/2 | pos=— | up=0.47 dn=0.57 strike=2322.06 mins=3.0
2026-05-10 08:13:01-0400 | ETH 💓 alive | WS 0s ago | phase=MONITORING | losses=0/2 | pos=— | up=0.39 dn=0.63 strike=2322.06 mins=2.0
2026-05-10 08:14:01-0400 | ETH 💓 alive | WS 0s ago | phase=MONITORING | losses=0/2 | pos=— | up=0.73 dn=0.28 strike=2322.06 mins=1.0
2026-05-10 08:15:04-0400 | ETH 💓 alive | WS 3s ago | phase=MONITORING | losses=0/2 | pos=— | up=1.00 dn=0.01 strike=2322.06 mins=-0.1
2026-05-10 08:15:13-0400 | ETH New session (KXETH15M-26MAY100830-30)
2026-05-10 08:15:14-0400 | ETH WS re-subscribed to KXETH15M-26MAY100830-30
2026-05-10 08:15:14-0400 | ETH WS subscribed: channel=orderbook_delta sid=81
2026-05-10 08:16:04-0400 | ETH 💓 alive | WS 0s ago | phase=WAIT_WINDOW | losses=0/2 | pos=— | up=0.68 dn=0.43 strike=2322.7 mins=13.9
2026-05-10 08:17:04-0400 | ETH 💓 alive | WS 1s ago | phase=WAIT_WINDOW | losses=0/2 | pos=— | up=0.69 dn=0.32 strike=2322.7 mins=12.9
2026-05-10 08:18:04-0400 | ETH 💓 alive | WS 0s ago | phase=WAIT_WINDOW | losses=0/2 | pos=— | up=0.71 dn=0.33 strike=2322.7 mins=11.9
2026-05-10 08:19:05-0400 | ETH 💓 alive | WS 1s ago | phase=WAIT_WINDOW | losses=0/2 | pos=— | up=0.74 dn=0.28 strike=2322.7 mins=10.9
2026-05-10 08:20:05-0400 | ETH 💓 alive | WS 0s ago | phase=MONITORING | losses=0/2 | pos=— | up=0.58 dn=0.44 strike=2322.7 mins=9.9
2026-05-10 08:21:05-0400 | ETH 💓 alive | WS 0s ago | phase=MONITORING | losses=0/2 | pos=— | up=0.68 dn=0.36 strike=2322.7 mins=8.9
2026-05-10 08:22:06-0400 | ETH 💓 alive | WS 0s ago | phase=MONITORING | losses=0/2 | pos=— | up=0.71 dn=0.32 strike=2322.7 mins=7.9
2026-05-10 08:23:06-0400 | ETH 💓 alive | WS 0s ago | phase=MONITORING | losses=0/2 | pos=— | up=0.70 dn=0.32 strike=2322.7 mins=6.9
2026-05-10 08:24:07-0400 | ETH 💓 alive | WS 0s ago | phase=MONITORING | losses=0/2 | pos=— | up=0.94 dn=0.07 strike=2322.7 mins=5.9
2026-05-10 08:25:07-0400 | ETH 💓 alive | WS 0s ago | phase=MONITORING | losses=0/2 | pos=— | up=0.97 dn=0.04 strike=2322.7 mins=4.9
2026-05-10 08:26:07-0400 | ETH 💓 alive | WS 0s ago | phase=MONITORING | losses=0/2 | pos=— | up=0.94 dn=0.09 strike=2322.7 mins=3.9
2026-05-10 08:27:08-0400 | ETH 💓 alive | WS 0s ago | phase=MONITORING | losses=0/2 | pos=— | up=0.87 dn=0.16 strike=2322.7 mins=2.9
2026-05-10 08:28:08-0400 | ETH 💓 alive | WS 1s ago | phase=MONITORING | losses=0/2 | pos=— | up=0.98 dn=0.04 strike=2322.7 mins=1.9
2026-05-10 08:29:08-0400 | ETH 💓 alive | WS 0s ago | phase=MONITORING | losses=0/2 | pos=— | up=1.00 dn=0.01 strike=2322.7 mins=0.9
2026-05-10 08:30:08-0400 | ETH 💓 alive | WS 7s ago | phase=MONITORING | losses=0/2 | pos=— | up=1.00 dn=0.00 strike=2322.7 mins=-0.1
2026-05-10 08:30:16-0400 | ETH New session (KXETH15M-26MAY100845-45)
2026-05-10 08:30:17-0400 | ETH WS re-subscribed to KXETH15M-26MAY100845-45
2026-05-10 08:30:17-0400 | ETH WS subscribed: channel=orderbook_delta sid=82
2026-05-10 08:31:08-0400 | ETH 💓 alive | WS 0s ago | phase=WAIT_WINDOW | losses=0/2 | pos=— | up=0.54 dn=0.53 strike=2323.73 mins=13.9
2026-05-10 08:32:08-0400 | ETH 💓 alive | WS 1s ago | phase=WAIT_WINDOW | losses=0/2 | pos=— | up=0.63 dn=0.38 strike=2323.73 mins=12.9
2026-05-10 08:33:09-0400 | ETH 💓 alive | WS 0s ago | phase=WAIT_WINDOW | losses=0/2 | pos=— | up=0.68 dn=0.34 strike=2323.73 mins=11.8
2026-05-10 08:34:09-0400 | ETH 💓 alive | WS 0s ago | phase=WAIT_WINDOW | losses=0/2 | pos=— | up=0.61 dn=0.41 strike=2323.73 mins=10.8
2026-05-10 08:35:09-0400 | ETH 💓 alive | WS 0s ago | phase=MONITORING | losses=0/2 | pos=— | up=0.39 dn=0.62 strike=2323.73 mins=9.8
2026-05-10 08:36:10-0400 | ETH 💓 alive | WS 0s ago | phase=MONITORING | losses=0/2 | pos=— | up=0.25 dn=0.76 strike=2323.73 mins=8.8
2026-05-10 08:37:10-0400 | ETH 💓 alive | WS 0s ago | phase=MONITORING | losses=0/2 | pos=— | up=0.40 dn=0.62 strike=2323.73 mins=7.8
2026-05-10 08:38:11-0400 | ETH 💓 alive | WS 0s ago | phase=MONITORING | losses=0/2 | pos=— | up=0.25 dn=0.77 strike=2323.73 mins=6.8
2026-05-10 08:39:11-0400 | ETH 💓 alive | WS 0s ago | phase=MONITORING | losses=0/2 | pos=— | up=0.20 dn=0.81 strike=2323.73 mins=5.8
2026-05-10 08:40:11-0400 | ETH 💓 alive | WS 0s ago | phase=MONITORING | losses=0/2 | pos=— | up=0.33 dn=0.69 strike=2323.73 mins=4.8
2026-05-10 08:41:11-0400 | ETH 💓 alive | WS 0s ago | phase=MONITORING | losses=0/2 | pos=— | up=0.34 dn=0.70 strike=2323.73 mins=3.8
2026-05-10 08:42:12-0400 | ETH 💓 alive | WS 0s ago | phase=MONITORING | losses=0/2 | pos=— | up=0.26 dn=0.76 strike=2323.73 mins=2.8
2026-05-10 08:43:12-0400 | ETH 💓 alive | WS 0s ago | phase=MONITORING | losses=0/2 | pos=— | up=0.28 dn=0.75 strike=2323.73 mins=1.8
2026-05-10 08:44:12-0400 | ETH 💓 alive | WS 0s ago | phase=MONITORING | losses=0/2 | pos=— | up=0.05 dn=0.95 strike=2323.73 mins=0.8
2026-05-10 08:45:14-0400 | ETH 💓 alive | WS 13s ago | phase=MONITORING | losses=0/2 | pos=— | up=0.00 dn=1.00 strike=2323.73 mins=-0.2
2026-05-10 08:45:20-0400 | ETH New session (KXETH15M-26MAY100900-00)
2026-05-10 08:45:21-0400 | ETH WS re-subscribed to KXETH15M-26MAY100900-00
2026-05-10 08:45:21-0400 | ETH WS subscribed: channel=orderbook_delta sid=83
2026-05-10 08:46:14-0400 | ETH 💓 alive | WS 0s ago | phase=WAIT_WINDOW | losses=0/2 | pos=— | up=0.60 dn=0.46 strike=2323.46 mins=13.8
2026-05-10 08:47:14-0400 | ETH 💓 alive | WS 0s ago | phase=WAIT_WINDOW | losses=0/2 | pos=— | up=0.54 dn=0.48 strike=2323.46 mins=12.8
2026-05-10 08:48:15-0400 | ETH 💓 alive | WS 0s ago | phase=WAIT_WINDOW | losses=0/2 | pos=— | up=0.54 dn=0.47 strike=2323.46 mins=11.7
2026-05-10 08:49:15-0400 | ETH 💓 alive | WS 0s ago | phase=WAIT_WINDOW | losses=0/2 | pos=— | up=0.46 dn=0.56 strike=2323.46 mins=10.7
2026-05-10 08:50:15-0400 | ETH 💓 alive | WS 0s ago | phase=MONITORING | losses=0/2 | pos=— | up=0.48 dn=0.57 strike=2323.46 mins=9.7
2026-05-10 08:51:15-0400 | ETH 💓 alive | WS 0s ago | phase=MONITORING | losses=0/2 | pos=— | up=0.55 dn=0.46 strike=2323.46 mins=8.7
2026-05-10 08:52:15-0400 | ETH 💓 alive | WS 0s ago | phase=MONITORING | losses=0/2 | pos=— | up=0.42 dn=0.61 strike=2323.46 mins=7.7
2026-05-10 08:53:15-0400 | ETH 💓 alive | WS 0s ago | phase=MONITORING | losses=0/2 | pos=— | up=0.57 dn=0.44 strike=2323.46 mins=6.7
2026-05-10 08:54:16-0400 | ETH 💓 alive | WS 0s ago | phase=MONITORING | losses=0/2 | pos=— | up=0.51 dn=0.50 strike=2323.46 mins=5.7
2026-05-10 08:55:16-0400 | ETH 💓 alive | WS 1s ago | phase=MONITORING | losses=0/2 | pos=— | up=0.37 dn=0.64 strike=2323.46 mins=4.7
2026-05-10 08:56:16-0400 | ETH 💓 alive | WS 0s ago | phase=MONITORING | losses=0/2 | pos=— | up=0.28 dn=0.73 strike=2323.46 mins=3.7
2026-05-10 08:57:17-0400 | ETH 💓 alive | WS 0s ago | phase=MONITORING | losses=0/2 | pos=— | up=0.40 dn=0.65 strike=2323.46 mins=2.7
2026-05-10 08:58:17-0400 | ETH 💓 alive | WS 0s ago | phase=MONITORING | losses=0/2 | pos=— | up=0.20 dn=0.84 strike=2323.46 mins=1.7
2026-05-10 08:59:17-0400 | ETH 💓 alive | WS 0s ago | phase=MONITORING | losses=0/2 | pos=— | up=0.06 dn=0.98 strike=2323.46 mins=0.7
2026-05-10 09:00:19-0400 | ETH 💓 alive | WS 15s ago | phase=MONITORING | losses=0/2 | pos=— | up=0.01 dn=0.99 strike=2323.46 mins=-0.3
2026-05-10 09:00:24-0400 | ETH New session (KXETH15M-26MAY100915-15)
2026-05-10 09:00:24-0400 | ETH WS re-subscribed to KXETH15M-26MAY100915-15
2026-05-10 09:00:24-0400 | ETH WS subscribed: channel=orderbook_delta sid=84
2026-05-10 09:01:19-0400 | ETH 💓 alive | WS 0s ago | phase=WAIT_WINDOW | losses=0/2 | pos=— | up=0.57 dn=0.47 strike=2323.33 mins=13.7
2026-05-10 09:02:19-0400 | ETH 💓 alive | WS 0s ago | phase=WAIT_WINDOW | losses=0/2 | pos=— | up=0.71 dn=0.32 strike=2323.33 mins=12.7
2026-05-10 09:03:19-0400 | ETH 💓 alive | WS 0s ago | phase=WAIT_WINDOW | losses=0/2 | pos=— | up=0.74 dn=0.27 strike=2323.33 mins=11.7
2026-05-10 09:04:20-0400 | ETH 💓 alive | WS 1s ago | phase=WAIT_WINDOW | losses=0/2 | pos=— | up=0.82 dn=0.19 strike=2323.33 mins=10.7
2026-05-10 09:05:20-0400 | ETH 💓 alive | WS 0s ago | phase=MONITORING | losses=0/2 | pos=— | up=0.85 dn=0.16 strike=2323.33 mins=9.7
2026-05-10 09:06:20-0400 | ETH 💓 alive | WS 0s ago | phase=MONITORING | losses=0/2 | pos=— | up=0.92 dn=0.09 strike=2323.33 mins=8.7
2026-05-10 09:07:21-0400 | ETH 💓 alive | WS 0s ago | phase=MONITORING | losses=0/2 | pos=— | up=0.80 dn=0.22 strike=2323.33 mins=7.6
2026-05-10 09:08:21-0400 | ETH 💓 alive | WS 0s ago | phase=MONITORING | losses=0/2 | pos=— | up=0.86 dn=0.17 strike=2323.33 mins=6.6
2026-05-10 09:09:22-0400 | ETH 💓 alive | WS 0s ago | phase=MONITORING | losses=0/2 | pos=— | up=0.97 dn=0.03 strike=2323.33 mins=5.6
2026-05-10 09:10:22-0400 | ETH 💓 alive | WS 0s ago | phase=MONITORING | losses=0/2 | pos=— | up=0.97 dn=0.05 strike=2323.33 mins=4.6
2026-05-10 09:11:22-0400 | ETH 💓 alive | WS 0s ago | phase=MONITORING | losses=0/2 | pos=— | up=0.99 dn=0.01 strike=2323.33 mins=3.6
2026-05-10 09:12:22-0400 | ETH 💓 alive | WS 0s ago | phase=MONITORING | losses=0/2 | pos=— | up=0.99 dn=0.01 strike=2323.33 mins=2.6
2026-05-10 09:13:22-0400 | ETH 💓 alive | WS 0s ago | phase=MONITORING | losses=0/2 | pos=— | up=0.99 dn=0.01 strike=2323.33 mins=1.6
2026-05-10 09:14:23-0400 | ETH 💓 alive | WS 0s ago | phase=MONITORING | losses=0/2 | pos=— | up=1.00 dn=0.00 strike=2323.33 mins=0.6
2026-05-10 09:15:23-0400 | ETH 💓 alive | WS 22s ago | phase=MONITORING | losses=0/2 | pos=— | up=1.00 dn=0.00 strike=2323.33 mins=-0.4
2026-05-10 09:15:27-0400 | ETH New session (KXETH15M-26MAY100930-30)
2026-05-10 09:15:28-0400 | ETH WS re-subscribed to KXETH15M-26MAY100930-30
2026-05-10 09:15:28-0400 | ETH WS subscribed: channel=orderbook_delta sid=85
2026-05-10 09:16:23-0400 | ETH 💓 alive | WS 1s ago | phase=WAIT_WINDOW | losses=0/2 | pos=— | up=0.56 dn=0.48 strike=2327.85 mins=13.6
2026-05-10 09:17:24-0400 | ETH 💓 alive | WS 0s ago | phase=WAIT_WINDOW | losses=0/2 | pos=— | up=0.45 dn=0.56 strike=2327.85 mins=12.6
2026-05-10 09:18:24-0400 | ETH 💓 alive | WS 1s ago | phase=WAIT_WINDOW | losses=0/2 | pos=— | up=0.59 dn=0.44 strike=2327.85 mins=11.6
2026-05-10 09:19:25-0400 | ETH 💓 alive | WS 0s ago | phase=WAIT_WINDOW | losses=0/2 | pos=— | up=0.71 dn=0.30 strike=2327.85 mins=10.6
2026-05-10 09:20:25-0400 | ETH 💓 alive | WS 0s ago | phase=MONITORING | losses=0/2 | pos=— | up=0.82 dn=0.21 strike=2327.85 mins=9.6
2026-05-10 09:21:25-0400 | ETH 💓 alive | WS 0s ago | phase=MONITORING | losses=0/2 | pos=— | up=0.89 dn=0.12 strike=2327.85 mins=8.6
2026-05-10 09:22:25-0400 | ETH 💓 alive | WS 0s ago | phase=MONITORING | losses=0/2 | pos=— | up=0.94 dn=0.06 strike=2327.85 mins=7.6
2026-05-10 09:23:26-0400 | ETH 💓 alive | WS 0s ago | phase=MONITORING | losses=0/2 | pos=— | up=0.92 dn=0.08 strike=2327.85 mins=6.6
2026-05-10 09:24:26-0400 | ETH 💓 alive | WS 0s ago | phase=MONITORING | losses=0/2 | pos=— | up=0.96 dn=0.04 strike=2327.85 mins=5.6
2026-05-10 09:25:26-0400 | ETH 💓 alive | WS 1s ago | phase=MONITORING | losses=0/2 | pos=— | up=0.97 dn=0.03 strike=2327.85 mins=4.6
2026-05-10 09:26:27-0400 | ETH 💓 alive | WS 0s ago | phase=MONITORING | losses=0/2 | pos=— | up=0.99 dn=0.01 strike=2327.85 mins=3.5
2026-05-10 09:27:27-0400 | ETH 💓 alive | WS 0s ago | phase=MONITORING | losses=0/2 | pos=— | up=1.00 dn=0.00 strike=2327.85 mins=2.5
2026-05-10 09:28:28-0400 | ETH 💓 alive | WS 1s ago | phase=MONITORING | losses=0/2 | pos=— | up=1.00 dn=0.00 strike=2327.85 mins=1.5
2026-05-10 09:29:28-0400 | ETH 💓 alive | WS 1s ago | phase=MONITORING | losses=0/2 | pos=— | up=1.00 dn=0.01 strike=2327.85 mins=0.5
2026-05-10 09:30:03-0400 | ETH ⚠ Strike fallback for KXETH15M-26MAY100945-45: proxy=$2,329.20 (Kalshi floor_strike not yet published; using current ETH composite as BRTI baseline)
2026-05-10 09:30:03-0400 | ETH New session (KXETH15M-26MAY100945-45)
2026-05-10 09:30:04-0400 | ETH WS re-subscribed to KXETH15M-26MAY100945-45
2026-05-10 09:30:04-0400 | ETH WS subscribed: channel=orderbook_delta sid=86
2026-05-10 09:30:28-0400 | ETH 💓 alive | WS 0s ago | phase=WAIT_WINDOW | losses=0/2 | pos=— | up=0.49 dn=0.61 strike=2329.2 mins=14.5
2026-05-10 09:31:28-0400 | ETH 💓 alive | WS 0s ago | phase=WAIT_WINDOW | losses=0/2 | pos=— | up=0.50 dn=0.52 strike=2329.1 mins=13.5
2026-05-10 09:32:29-0400 | ETH 💓 alive | WS 0s ago | phase=WAIT_WINDOW | losses=0/2 | pos=— | up=0.40 dn=0.62 strike=2329.1 mins=12.5
2026-05-10 09:33:29-0400 | ETH 💓 alive | WS 0s ago | phase=WAIT_WINDOW | losses=0/2 | pos=— | up=0.48 dn=0.54 strike=2329.1 mins=11.5
2026-05-10 09:34:29-0400 | ETH 💓 alive | WS 0s ago | phase=WAIT_WINDOW | losses=0/2 | pos=— | up=0.69 dn=0.33 strike=2329.1 mins=10.5
2026-05-10 09:35:29-0400 | ETH 💓 alive | WS 0s ago | phase=MONITORING | losses=0/2 | pos=— | up=0.71 dn=0.31 strike=2329.1 mins=9.5
2026-05-10 09:36:30-0400 | ETH 💓 alive | WS 0s ago | phase=MONITORING | losses=0/2 | pos=— | up=0.70 dn=0.32 strike=2329.1 mins=8.5
2026-05-10 09:37:30-0400 | ETH 💓 alive | WS 0s ago | phase=MONITORING | losses=0/2 | pos=— | up=0.68 dn=0.33 strike=2329.1 mins=7.5
2026-05-10 09:38:30-0400 | ETH 💓 alive | WS 0s ago | phase=MONITORING | losses=0/2 | pos=— | up=0.67 dn=0.36 strike=2329.1 mins=6.5
2026-05-10 09:39:31-0400 | ETH 💓 alive | WS 0s ago | phase=MONITORING | losses=0/2 | pos=— | up=0.68 dn=0.37 strike=2329.1 mins=5.5
2026-05-10 09:40:31-0400 | ETH 💓 alive | WS 0s ago | phase=MONITORING | losses=0/2 | pos=— | up=0.30 dn=0.71 strike=2329.1 mins=4.5
2026-05-10 09:41:31-0400 | ETH 💓 alive | WS 0s ago | phase=MONITORING | losses=0/2 | pos=— | up=0.66 dn=0.35 strike=2329.1 mins=3.5
2026-05-10 09:42:31-0400 | ETH 💓 alive | WS 1s ago | phase=MONITORING | losses=0/2 | pos=— | up=0.60 dn=0.41 strike=2329.1 mins=2.5
2026-05-10 09:43:32-0400 | ETH 💓 alive | WS 0s ago | phase=MONITORING | losses=0/2 | pos=— | up=0.58 dn=0.45 strike=2329.1 mins=1.5
2026-05-10 09:44:34-0400 | ETH 💓 alive | WS 0s ago | phase=MONITORING | losses=0/2 | pos=— | up=0.84 dn=0.20 strike=2329.1 mins=0.4
2026-05-10 09:45:06-0400 | ETH New session (KXETH15M-26MAY101000-00)
2026-05-10 09:45:07-0400 | ETH WS re-subscribed to KXETH15M-26MAY101000-00
2026-05-10 09:45:07-0400 | ETH WS subscribed: channel=orderbook_delta sid=87
2026-05-10 09:45:35-0400 | ETH 💓 alive | WS 0s ago | phase=WAIT_WINDOW | losses=0/2 | pos=— | up=0.63 dn=0.52 strike=2329.28 mins=14.4
2026-05-10 09:46:35-0400 | ETH 💓 alive | WS 0s ago | phase=WAIT_WINDOW | losses=0/2 | pos=— | up=0.52 dn=0.51 strike=2329.28 mins=13.4
2026-05-10 09:47:35-0400 | ETH 💓 alive | WS 0s ago | phase=WAIT_WINDOW | losses=0/2 | pos=— | up=0.53 dn=0.48 strike=2329.28 mins=12.4
2026-05-10 09:48:35-0400 | ETH 💓 alive | WS 1s ago | phase=WAIT_WINDOW | losses=0/2 | pos=— | up=0.69 dn=0.34 strike=2329.28 mins=11.4
2026-05-10 09:49:36-0400 | ETH 💓 alive | WS 0s ago | phase=WAIT_WINDOW | losses=0/2 | pos=— | up=0.61 dn=0.41 strike=2329.28 mins=10.4
2026-05-10 09:50:36-0400 | ETH 💓 alive | WS 0s ago | phase=MONITORING | losses=0/2 | pos=— | up=0.58 dn=0.44 strike=2329.28 mins=9.4
2026-05-10 09:51:36-0400 | ETH 💓 alive | WS 0s ago | phase=MONITORING | losses=0/2 | pos=— | up=0.71 dn=0.32 strike=2329.28 mins=8.4
2026-05-10 09:52:37-0400 | ETH 💓 alive | WS 0s ago | phase=MONITORING | losses=0/2 | pos=— | up=0.49 dn=0.52 strike=2329.28 mins=7.4
2026-05-10 09:53:37-0400 | ETH 💓 alive | WS 0s ago | phase=MONITORING | losses=0/2 | pos=— | up=0.59 dn=0.43 strike=2329.28 mins=6.4
2026-05-10 09:54:37-0400 | ETH 💓 alive | WS 0s ago | phase=MONITORING | losses=0/2 | pos=— | up=0.45 dn=0.57 strike=2329.28 mins=5.4
2026-05-10 09:55:38-0400 | ETH 💓 alive | WS 0s ago | phase=MONITORING | losses=0/2 | pos=— | up=0.58 dn=0.45 strike=2329.28 mins=4.4
2026-05-10 09:56:38-0400 | ETH 💓 alive | WS 0s ago | phase=MONITORING | losses=0/2 | pos=— | up=0.20 dn=0.81 strike=2329.28 mins=3.4
2026-05-10 09:57:38-0400 | ETH 💓 alive | WS 0s ago | phase=MONITORING | losses=0/2 | pos=— | up=0.19 dn=0.82 strike=2329.28 mins=2.4
2026-05-10 09:58:38-0400 | ETH 💓 alive | WS 0s ago | phase=MONITORING | losses=0/2 | pos=— | up=0.43 dn=0.59 strike=2329.28 mins=1.4
2026-05-10 09:59:38-0400 | ETH 💓 alive | WS 0s ago | phase=MONITORING | losses=0/2 | pos=— | up=0.71 dn=0.30 strike=2329.28 mins=0.4
2026-05-10 10:00:11-0400 | ETH New session (KXETH15M-26MAY101015-15)
2026-05-10 10:00:11-0400 | ETH WS re-subscribed to KXETH15M-26MAY101015-15
2026-05-10 10:00:11-0400 | ETH WS subscribed: channel=orderbook_delta sid=88
2026-05-10 10:00:39-0400 | ETH 💓 alive | WS 0s ago | phase=WAIT_WINDOW | losses=0/2 | pos=— | up=0.60 dn=0.58 strike=2329.54 mins=14.3
2026-05-10 10:01:39-0400 | ETH 💓 alive | WS 0s ago | phase=WAIT_WINDOW | losses=0/2 | pos=— | up=0.48 dn=0.53 strike=2329.54 mins=13.3
2026-05-10 10:02:39-0400 | ETH 💓 alive | WS 0s ago | phase=WAIT_WINDOW | losses=0/2 | pos=— | up=0.42 dn=0.59 strike=2329.54 mins=12.3
2026-05-10 10:03:40-0400 | ETH 💓 alive | WS 0s ago | phase=WAIT_WINDOW | losses=0/2 | pos=— | up=0.65 dn=0.40 strike=2329.54 mins=11.3
2026-05-10 10:04:40-0400 | ETH 💓 alive | WS 0s ago | phase=WAIT_WINDOW | losses=0/2 | pos=— | up=0.58 dn=0.44 strike=2329.54 mins=10.3
2026-05-10 10:05:40-0400 | ETH 💓 alive | WS 0s ago | phase=MONITORING | losses=0/2 | pos=— | up=0.55 dn=0.48 strike=2329.54 mins=9.3
2026-05-10 10:06:40-0400 | ETH 💓 alive | WS 0s ago | phase=MONITORING | losses=0/2 | pos=— | up=0.44 dn=0.57 strike=2329.54 mins=8.3
2026-05-10 10:07:40-0400 | ETH 💓 alive | WS 0s ago | phase=MONITORING | losses=0/2 | pos=— | up=0.47 dn=0.56 strike=2329.54 mins=7.3
2026-05-10 10:08:40-0400 | ETH 💓 alive | WS 0s ago | phase=MONITORING | losses=0/2 | pos=— | up=0.25 dn=0.77 strike=2329.54 mins=6.3
2026-05-10 10:09:41-0400 | ETH 💓 alive | WS 1s ago | phase=MONITORING | losses=0/2 | pos=— | up=0.37 dn=0.65 strike=2329.54 mins=5.3
2026-05-10 10:10:41-0400 | ETH 💓 alive | WS 0s ago | phase=MONITORING | losses=0/2 | pos=— | up=0.41 dn=0.60 strike=2329.54 mins=4.3
2026-05-10 10:11:41-0400 | ETH 💓 alive | WS 0s ago | phase=MONITORING | losses=0/2 | pos=— | up=0.80 dn=0.21 strike=2329.54 mins=3.3
2026-05-10 10:12:41-0400 | ETH 💓 alive | WS 0s ago | phase=MONITORING | losses=0/2 | pos=— | up=0.46 dn=0.55 strike=2329.54 mins=2.3
2026-05-10 10:13:41-0400 | ETH 💓 alive | WS 0s ago | phase=MONITORING | losses=0/2 | pos=— | up=0.76 dn=0.26 strike=2329.54 mins=1.3
2026-05-10 10:14:43-0400 | ETH 💓 alive | WS 1s ago | phase=MONITORING | losses=0/2 | pos=— | up=0.09 dn=0.92 strike=2329.54 mins=0.3
2026-05-10 10:15:15-0400 | ETH New session (KXETH15M-26MAY101030-30)
2026-05-10 10:15:15-0400 | ETH WS re-subscribed to KXETH15M-26MAY101030-30
2026-05-10 10:15:15-0400 | ETH WS subscribed: channel=orderbook_delta sid=89
2026-05-10 10:15:43-0400 | ETH 💓 alive | WS 0s ago | phase=WAIT_WINDOW | losses=0/2 | pos=— | up=0.44 dn=0.69 strike=2329.24 mins=14.3
2026-05-10 10:16:44-0400 | ETH 💓 alive | WS 0s ago | phase=WAIT_WINDOW | losses=0/2 | pos=— | up=0.39 dn=0.63 strike=2329.24 mins=13.3
2026-05-10 10:17:44-0400 | ETH 💓 alive | WS 1s ago | phase=WAIT_WINDOW | losses=0/2 | pos=— | up=0.45 dn=0.56 strike=2329.24 mins=12.3
2026-05-10 10:18:44-0400 | ETH 💓 alive | WS 0s ago | phase=WAIT_WINDOW | losses=0/2 | pos=— | up=0.37 dn=0.66 strike=2329.24 mins=11.3
2026-05-10 10:19:45-0400 | ETH 💓 alive | WS 0s ago | phase=WAIT_WINDOW | losses=0/2 | pos=— | up=0.29 dn=0.73 strike=2329.24 mins=10.2
2026-05-10 10:20:45-0400 | ETH 💓 alive | WS 0s ago | phase=MONITORING | losses=0/2 | pos=— | up=0.25 dn=0.77 strike=2329.24 mins=9.2
2026-05-10 10:21:46-0400 | ETH 💓 alive | WS 0s ago | phase=MONITORING | losses=0/2 | pos=— | up=0.14 dn=0.88 strike=2329.24 mins=8.2
2026-05-10 10:22:46-0400 | ETH 💓 alive | WS 0s ago | phase=MONITORING | losses=0/2 | pos=— | up=0.18 dn=0.85 strike=2329.24 mins=7.2
2026-05-10 10:23:46-0400 | ETH 💓 alive | WS 0s ago | phase=MONITORING | losses=0/2 | pos=— | up=0.23 dn=0.80 strike=2329.24 mins=6.2
2026-05-10 10:24:46-0400 | ETH 💓 alive | WS 0s ago | phase=MONITORING | losses=0/2 | pos=— | up=0.23 dn=0.78 strike=2329.24 mins=5.2
2026-05-10 10:25:47-0400 | ETH 💓 alive | WS 0s ago | phase=MONITORING | losses=0/2 | pos=— | up=0.26 dn=0.75 strike=2329.24 mins=4.2
2026-05-10 10:26:47-0400 | ETH 💓 alive | WS 0s ago | phase=MONITORING | losses=0/2 | pos=— | up=0.08 dn=0.96 strike=2329.24 mins=3.2
2026-05-10 10:27:47-0400 | ETH 💓 alive | WS 0s ago | phase=MONITORING | losses=0/2 | pos=— | up=0.02 dn=0.99 strike=2329.24 mins=2.2
2026-05-10 10:28:47-0400 | ETH 💓 alive | WS 0s ago | phase=MONITORING | losses=0/2 | pos=— | up=0.01 dn=1.00 strike=2329.24 mins=1.2
2026-05-10 10:29:48-0400 | ETH 💓 alive | WS 1s ago | phase=MONITORING | losses=0/2 | pos=— | up=0.01 dn=1.00 strike=2329.24 mins=0.2
2026-05-10 10:30:20-0400 | ETH New session (KXETH15M-26MAY101045-45)
2026-05-10 10:30:20-0400 | ETH WS re-subscribed to KXETH15M-26MAY101045-45
2026-05-10 10:30:20-0400 | ETH WS subscribed: channel=orderbook_delta sid=90
2026-05-10 10:30:48-0400 | ETH 💓 alive | WS 0s ago | phase=WAIT_WINDOW | losses=0/2 | pos=— | up=0.53 dn=0.49 strike=2327.49 mins=14.2
2026-05-10 10:31:49-0400 | ETH 💓 alive | WS 0s ago | phase=WAIT_WINDOW | losses=0/2 | pos=— | up=0.56 dn=0.46 strike=2327.49 mins=13.2
2026-05-10 10:32:49-0400 | ETH 💓 alive | WS 1s ago | phase=WAIT_WINDOW | losses=0/2 | pos=— | up=0.72 dn=0.30 strike=2327.49 mins=12.2
2026-05-10 10:33:50-0400 | ETH 💓 alive | WS 0s ago | phase=WAIT_WINDOW | losses=0/2 | pos=— | up=0.85 dn=0.16 strike=2327.49 mins=11.2
2026-05-10 10:34:50-0400 | ETH 💓 alive | WS 0s ago | phase=WAIT_WINDOW | losses=0/2 | pos=— | up=0.83 dn=0.18 strike=2327.49 mins=10.2
2026-05-10 10:35:51-0400 | ETH 💓 alive | WS 0s ago | phase=MONITORING | losses=0/2 | pos=— | up=0.93 dn=0.08 strike=2327.49 mins=9.1
2026-05-10 10:36:51-0400 | ETH 💓 alive | WS 0s ago | phase=MONITORING | losses=0/2 | pos=— | up=0.89 dn=0.12 strike=2327.49 mins=8.1
2026-05-10 10:37:51-0400 | ETH 💓 alive | WS 0s ago | phase=MONITORING | losses=0/2 | pos=— | up=0.96 dn=0.04 strike=2327.49 mins=7.1
2026-05-10 10:38:51-0400 | ETH 💓 alive | WS 0s ago | phase=MONITORING | losses=0/2 | pos=— | up=0.98 dn=0.03 strike=2327.49 mins=6.1
2026-05-10 10:39:52-0400 | ETH 💓 alive | WS 2s ago | phase=MONITORING | losses=0/2 | pos=— | up=0.98 dn=0.02 strike=2327.49 mins=5.1
2026-05-10 10:40:52-0400 | ETH 💓 alive | WS 0s ago | phase=MONITORING | losses=0/2 | pos=— | up=1.00 dn=0.00 strike=2327.49 mins=4.1
2026-05-10 10:41:52-0400 | ETH 💓 alive | WS 0s ago | phase=MONITORING | losses=0/2 | pos=— | up=1.00 dn=0.01 strike=2327.49 mins=3.1
2026-05-10 10:42:52-0400 | ETH 💓 alive | WS 1s ago | phase=MONITORING | losses=0/2 | pos=— | up=1.00 dn=0.01 strike=2327.49 mins=2.1
2026-05-10 10:43:52-0400 | ETH 💓 alive | WS 0s ago | phase=MONITORING | losses=0/2 | pos=— | up=1.00 dn=0.00 strike=2327.49 mins=1.1
2026-05-10 10:44:53-0400 | ETH 💓 alive | WS 1s ago | phase=MONITORING | losses=0/2 | pos=— | up=1.00 dn=0.00 strike=2327.49 mins=0.1
2026-05-10 10:45:24-0400 | ETH New session (KXETH15M-26MAY101100-00)
2026-05-10 10:45:25-0400 | ETH WS re-subscribed to KXETH15M-26MAY101100-00
2026-05-10 10:45:25-0400 | ETH WS subscribed: channel=orderbook_delta sid=91
2026-05-10 10:45:53-0400 | ETH 💓 alive | WS 0s ago | phase=WAIT_WINDOW | losses=0/2 | pos=— | up=0.46 dn=0.56 strike=2330.78 mins=14.1
2026-05-10 10:46:53-0400 | ETH 💓 alive | WS 0s ago | phase=WAIT_WINDOW | losses=0/2 | pos=— | up=0.42 dn=0.59 strike=2330.78 mins=13.1
2026-05-10 10:47:53-0400 | ETH 💓 alive | WS 0s ago | phase=WAIT_WINDOW | losses=0/2 | pos=— | up=0.16 dn=0.85 strike=2330.78 mins=12.1
2026-05-10 10:48:54-0400 | ETH 💓 alive | WS 0s ago | phase=WAIT_WINDOW | losses=0/2 | pos=— | up=0.09 dn=0.91 strike=2330.78 mins=11.1
2026-05-10 10:49:54-0400 | ETH 💓 alive | WS 0s ago | phase=WAIT_WINDOW | losses=0/2 | pos=— | up=0.16 dn=0.86 strike=2330.78 mins=10.1
2026-05-10 10:50:54-0400 | ETH 💓 alive | WS 0s ago | phase=MONITORING | losses=0/2 | pos=— | up=0.16 dn=0.86 strike=2330.78 mins=9.1
2026-05-10 10:51:55-0400 | ETH 💓 alive | WS 0s ago | phase=MONITORING | losses=0/2 | pos=— | up=0.41 dn=0.61 strike=2330.78 mins=8.1
2026-05-10 10:52:55-0400 | ETH 💓 alive | WS 0s ago | phase=MONITORING | losses=0/2 | pos=— | up=0.42 dn=0.61 strike=2330.78 mins=7.1
2026-05-10 10:53:55-0400 | ETH 💓 alive | WS 0s ago | phase=MONITORING | losses=0/2 | pos=— | up=0.76 dn=0.27 strike=2330.78 mins=6.1
2026-05-10 10:54:56-0400 | ETH 💓 alive | WS 0s ago | phase=MONITORING | losses=0/2 | pos=— | up=0.85 dn=0.17 strike=2330.78 mins=5.1
2026-05-10 10:55:56-0400 | ETH 💓 alive | WS 0s ago | phase=MONITORING | losses=0/2 | pos=— | up=0.74 dn=0.27 strike=2330.78 mins=4.1
2026-05-10 10:56:56-0400 | ETH 💓 alive | WS 0s ago | phase=MONITORING | losses=0/2 | pos=— | up=0.66 dn=0.35 strike=2330.78 mins=3.1
2026-05-10 10:57:56-0400 | ETH 💓 alive | WS 0s ago | phase=MONITORING | losses=0/2 | pos=— | up=0.77 dn=0.25 strike=2330.78 mins=2.1
2026-05-10 10:58:56-0400 | ETH 💓 alive | WS 0s ago | phase=MONITORING | losses=0/2 | pos=— | up=0.33 dn=0.70 strike=2330.78 mins=1.1
2026-05-10 10:59:57-0400 | ETH 💓 alive | WS 0s ago | phase=MONITORING | losses=0/2 | pos=— | up=0.03 dn=0.99 strike=2330.78 mins=0.0
2026-05-10 11:00:29-0400 | ETH New session (KXETH15M-26MAY101115-15)
2026-05-10 11:00:29-0400 | ETH WS re-subscribed to KXETH15M-26MAY101115-15
2026-05-10 11:00:29-0400 | ETH WS subscribed: channel=orderbook_delta sid=92
2026-05-10 11:00:57-0400 | ETH 💓 alive | WS 0s ago | phase=WAIT_WINDOW | losses=0/2 | pos=— | up=0.62 dn=0.42 strike=2330.35 mins=14.0
2026-05-10 11:01:57-0400 | ETH 💓 alive | WS 0s ago | phase=WAIT_WINDOW | losses=0/2 | pos=— | up=0.74 dn=0.29 strike=2330.35 mins=13.0
2026-05-10 11:02:58-0400 | ETH 💓 alive | WS 0s ago | phase=WAIT_WINDOW | losses=0/2 | pos=— | up=0.93 dn=0.08 strike=2330.35 mins=12.0
2026-05-10 11:03:58-0400 | ETH 💓 alive | WS 0s ago | phase=WAIT_WINDOW | losses=0/2 | pos=— | up=0.93 dn=0.07 strike=2330.35 mins=11.0
2026-05-10 11:04:59-0400 | ETH 💓 alive | WS 0s ago | phase=WAIT_WINDOW | losses=0/2 | pos=— | up=0.93 dn=0.08 strike=2330.35 mins=10.0
2026-05-10 11:05:02-0400 | ETH UP triggered @ 0.96 [WS] conviction=0.46 ss=+0.45 — placing order
2026-05-10 11:05:02-0400 | ORDER payload: {"ticker": "KXETH15M-26MAY101115-15", "action": "buy", "side": "yes", "count": 40, "type": "limit", "yes_price": 98, "client_order_id": "49aa8a39-bdac-496c-9462-657fe8487598"}
2026-05-10 11:05:02-0400 | ORDER response: HTTP 201 | {"order":{"action":"buy","client_order_id":"49aa8a39-bdac-496c-9462-657fe8487598","created_time":"2026-05-10T15:05:02.594614Z","fill_count_fp":"40.00","initial_count_fp":"40.00","last_update_time":"2026-05-10T15:05:02.594614Z","maker_fees_dollars":"0.000000","maker_fill_cost_dollars":"0.000000","no_
2026-05-10 11:05:04-0400 | ETH Position confirmed
2026-05-10 11:05:04-0400 | ETH Holding UP @ 0.96 (fill) — stop-loss @ 0.5
2026-05-10 11:05:59-0400 | ETH 💓 alive | WS 0s ago | phase=IN_POSITION | losses=0/2 | pos=UP@0.96×40 | up=0.97 dn=0.03 strike=2330.35 mins=9.0
2026-05-10 11:06:59-0400 | ETH 💓 alive | WS 0s ago | phase=IN_POSITION | losses=0/2 | pos=UP@0.96×40 | up=0.97 dn=0.03 strike=2330.35 mins=8.0
2026-05-10 11:08:00-0400 | ETH 💓 alive | WS 0s ago | phase=IN_POSITION | losses=0/2 | pos=UP@0.96×40 | up=0.98 dn=0.03 strike=2330.35 mins=7.0
2026-05-10 11:09:00-0400 | ETH 💓 alive | WS 0s ago | phase=IN_POSITION | losses=0/2 | pos=UP@0.96×40 | up=0.95 dn=0.06 strike=2330.35 mins=6.0
2026-05-10 11:10:00-0400 | ETH 💓 alive | WS 0s ago | phase=IN_POSITION | losses=0/2 | pos=UP@0.96×40 | up=0.94 dn=0.06 strike=2330.35 mins=5.0
2026-05-10 11:11:01-0400 | ETH 💓 alive | WS 0s ago | phase=IN_POSITION | losses=0/2 | pos=UP@0.96×40 | up=0.96 dn=0.04 strike=2330.35 mins=4.0
2026-05-10 11:12:01-0400 | ETH 💓 alive | WS 0s ago | phase=IN_POSITION | losses=0/2 | pos=UP@0.96×40 | up=0.99 dn=0.02 strike=2330.35 mins=3.0
2026-05-10 11:13:01-0400 | ETH 💓 alive | WS 0s ago | phase=IN_POSITION | losses=0/2 | pos=UP@0.96×40 | up=0.99 dn=0.01 strike=2330.35 mins=2.0
2026-05-10 11:14:01-0400 | ETH 💓 alive | WS 1s ago | phase=IN_POSITION | losses=0/2 | pos=UP@0.96×40 | up=1.00 dn=0.00 strike=2330.35 mins=1.0
2026-05-10 11:15:03-0400 | ETH 💓 alive | WS 2s ago | phase=IN_POSITION | losses=0/2 | pos=UP@0.96×40 | up=1.00 dn=0.00 strike=2330.35 mins=-0.1
2026-05-10 11:15:04-0400 | ETH New session (KXETH15M-26MAY101130-30)
2026-05-10 11:15:05-0400 | ETH WS re-subscribed to KXETH15M-26MAY101130-30
2026-05-10 11:15:05-0400 | ETH WS subscribed: channel=orderbook_delta sid=93
2026-05-10 11:15:13-0400 | ETH UP held to resolution ✓ win (+$1.6) — streak reset
2026-05-10 11:16:03-0400 | ETH 💓 alive | WS 0s ago | phase=WAIT_WINDOW | losses=0/2 | pos=— | up=0.40 dn=0.62 strike=2335.18 mins=13.9
2026-05-10 11:17:04-0400 | ETH 💓 alive | WS 0s ago | phase=WAIT_WINDOW | losses=0/2 | pos=— | up=0.38 dn=0.63 strike=2335.18 mins=12.9
2026-05-10 11:18:04-0400 | ETH 💓 alive | WS 0s ago | phase=WAIT_WINDOW | losses=0/2 | pos=— | up=0.42 dn=0.59 strike=2335.18 mins=11.9
2026-05-10 11:19:04-0400 | ETH 💓 alive | WS 0s ago | phase=WAIT_WINDOW | losses=0/2 | pos=— | up=0.54 dn=0.49 strike=2335.18 mins=10.9
2026-05-10 11:20:05-0400 | ETH 💓 alive | WS 0s ago | phase=MONITORING | losses=0/2 | pos=— | up=0.40 dn=0.62 strike=2335.18 mins=9.9
2026-05-10 11:21:05-0400 | ETH 💓 alive | WS 0s ago | phase=MONITORING | losses=0/2 | pos=— | up=0.36 dn=0.67 strike=2335.18 mins=8.9
2026-05-10 11:22:05-0400 | ETH 💓 alive | WS 0s ago | phase=MONITORING | losses=0/2 | pos=— | up=0.46 dn=0.55 strike=2335.18 mins=7.9
2026-05-10 11:23:05-0400 | ETH 💓 alive | WS 0s ago | phase=MONITORING | losses=0/2 | pos=— | up=0.56 dn=0.48 strike=2335.18 mins=6.9
2026-05-10 11:24:06-0400 | ETH 💓 alive | WS 1s ago | phase=MONITORING | losses=0/2 | pos=— | up=0.38 dn=0.64 strike=2335.18 mins=5.9
2026-05-10 11:25:06-0400 | ETH 💓 alive | WS 0s ago | phase=MONITORING | losses=0/2 | pos=— | up=0.26 dn=0.75 strike=2335.18 mins=4.9
2026-05-10 11:26:07-0400 | ETH 💓 alive | WS 0s ago | phase=MONITORING | losses=0/2 | pos=— | up=0.22 dn=0.80 strike=2335.18 mins=3.9
2026-05-10 11:27:07-0400 | ETH 💓 alive | WS 0s ago | phase=MONITORING | losses=0/2 | pos=— | up=0.25 dn=0.78 strike=2335.18 mins=2.9
2026-05-10 11:28:07-0400 | ETH 💓 alive | WS 0s ago | phase=MONITORING | losses=0/2 | pos=— | up=0.09 dn=0.91 strike=2335.18 mins=1.9
2026-05-10 11:29:07-0400 | ETH 💓 alive | WS 0s ago | phase=MONITORING | losses=0/2 | pos=— | up=0.01 dn=1.00 strike=2335.18 mins=0.9
2026-05-10 11:30:07-0400 | ETH 💓 alive | WS 7s ago | phase=MONITORING | losses=0/2 | pos=— | up=0.01 dn=1.00 strike=2335.18 mins=-0.1
2026-05-10 11:30:09-0400 | ETH New session (KXETH15M-26MAY101145-45)
2026-05-10 11:30:09-0400 | ETH WS re-subscribed to KXETH15M-26MAY101145-45
2026-05-10 11:30:09-0400 | ETH WS subscribed: channel=orderbook_delta sid=94
2026-05-10 11:31:08-0400 | ETH 💓 alive | WS 0s ago | phase=WAIT_WINDOW | losses=0/2 | pos=— | up=0.67 dn=0.37 strike=2334.36 mins=13.9
2026-05-10 11:32:08-0400 | ETH 💓 alive | WS 0s ago | phase=WAIT_WINDOW | losses=0/2 | pos=— | up=0.70 dn=0.33 strike=2334.36 mins=12.9
2026-05-10 11:33:09-0400 | ETH 💓 alive | WS 0s ago | phase=WAIT_WINDOW | losses=0/2 | pos=— | up=0.79 dn=0.22 strike=2334.36 mins=11.8
2026-05-10 11:34:09-0400 | ETH 💓 alive | WS 0s ago | phase=WAIT_WINDOW | losses=0/2 | pos=— | up=0.85 dn=0.16 strike=2334.36 mins=10.8
2026-05-10 11:35:09-0400 | ETH 💓 alive | WS 0s ago | phase=MONITORING | losses=0/2 | pos=— | up=0.78 dn=0.23 strike=2334.36 mins=9.8
2026-05-10 11:36:09-0400 | ETH 💓 alive | WS 0s ago | phase=MONITORING | losses=0/2 | pos=— | up=0.87 dn=0.14 strike=2334.36 mins=8.8
2026-05-10 11:36:21-0400 | ETH UP triggered @ 0.93 [WS] conviction=0.56 ss=+0.43 — placing order
2026-05-10 11:36:21-0400 | ORDER payload: {"ticker": "KXETH15M-26MAY101145-45", "action": "buy", "side": "yes", "count": 40, "type": "limit", "yes_price": 95, "client_order_id": "c0879c3d-8cdf-4d79-86e9-21a40224a218"}
2026-05-10 11:36:22-0400 | ORDER response: HTTP 201 | {"order":{"action":"buy","client_order_id":"c0879c3d-8cdf-4d79-86e9-21a40224a218","created_time":"2026-05-10T15:36:22.086299Z","fill_count_fp":"40.00","initial_count_fp":"40.00","last_update_time":"2026-05-10T15:36:22.086299Z","maker_fees_dollars":"0.000000","maker_fill_cost_dollars":"0.000000","no_
2026-05-10 11:36:24-0400 | ETH Position confirmed
2026-05-10 11:36:24-0400 | ETH Fill ≠ trigger: trigger=0.93 fill=0.95 size=40/40 fees=$0.1450 (4 fills)
2026-05-10 11:36:24-0400 | ETH Holding UP @ 0.95 (fill) — stop-loss @ 0.5
2026-05-10 11:37:10-0400 | ETH 💓 alive | WS 0s ago | phase=IN_POSITION | losses=0/2 | pos=UP@0.95×40 | up=0.96 dn=0.06 strike=2334.36 mins=7.8
2026-05-10 11:38:10-0400 | ETH 💓 alive | WS 0s ago | phase=IN_POSITION | losses=0/2 | pos=UP@0.95×40 | up=0.97 dn=0.04 strike=2334.36 mins=6.8
2026-05-10 11:39:10-0400 | ETH 💓 alive | WS 0s ago | phase=IN_POSITION | losses=0/2 | pos=UP@0.95×40 | up=0.98 dn=0.02 strike=2334.36 mins=5.8
2026-05-10 11:40:10-0400 | ETH 💓 alive | WS 0s ago | phase=IN_POSITION | losses=0/2 | pos=UP@0.95×40 | up=0.99 dn=0.01 strike=2334.36 mins=4.8
2026-05-10 11:41:10-0400 | ETH 💓 alive | WS 1s ago | phase=IN_POSITION | losses=0/2 | pos=UP@0.95×40 | up=1.00 dn=0.00 strike=2334.36 mins=3.8
2026-05-10 11:42:11-0400 | ETH 💓 alive | WS 0s ago | phase=IN_POSITION | losses=0/2 | pos=UP@0.95×40 | up=1.00 dn=0.01 strike=2334.36 mins=2.8
2026-05-10 11:43:11-0400 | ETH 💓 alive | WS 0s ago | phase=IN_POSITION | losses=0/2 | pos=UP@0.95×40 | up=1.00 dn=0.00 strike=2334.36 mins=1.8
2026-05-10 11:44:12-0400 | ETH 💓 alive | WS 0s ago | phase=IN_POSITION | losses=0/2 | pos=UP@0.95×40 | up=1.00 dn=0.00 strike=2334.36 mins=0.8
2026-05-10 11:45:10-0400 | ETH UP held to resolution ✓ win (+$2.11) — streak reset
2026-05-10 11:45:12-0400 | ETH 💓 alive | WS 11s ago | phase=WAIT_WINDOW | losses=0/2 | pos=— | up=1.00 dn=0.00 strike=2334.36 mins=-0.2
2026-05-10 11:45:12-0400 | ETH New session (KXETH15M-26MAY101200-00)
2026-05-10 11:45:13-0400 | ETH WS re-subscribed to KXETH15M-26MAY101200-00
2026-05-10 11:45:13-0400 | ETH WS subscribed: channel=orderbook_delta sid=95
2026-05-10 11:46:12-0400 | ETH 💓 alive | WS 0s ago | phase=WAIT_WINDOW | losses=0/2 | pos=— | up=0.68 dn=0.33 strike=2341.1 mins=13.8
2026-05-10 11:47:12-0400 | ETH 💓 alive | WS 0s ago | phase=WAIT_WINDOW | losses=0/2 | pos=— | up=0.97 dn=0.03 strike=2341.1 mins=12.8
2026-05-10 11:48:13-0400 | ETH 💓 alive | WS 0s ago | phase=WAIT_WINDOW | losses=0/2 | pos=— | up=0.90 dn=0.11 strike=2341.1 mins=11.8
2026-05-10 11:49:13-0400 | ETH 💓 alive | WS 0s ago | phase=WAIT_WINDOW | losses=0/2 | pos=— | up=0.88 dn=0.13 strike=2341.1 mins=10.8
2026-05-10 11:50:13-0400 | ETH 💓 alive | WS 0s ago | phase=MONITORING | losses=0/2 | pos=— | up=0.91 dn=0.09 strike=2341.1 mins=9.8
2026-05-10 11:51:13-0400 | ETH 💓 alive | WS 1s ago | phase=MONITORING | losses=0/2 | pos=— | up=0.93 dn=0.07 strike=2341.1 mins=8.8
2026-05-10 11:52:14-0400 | ETH 💓 alive | WS 0s ago | phase=MONITORING | losses=0/2 | pos=— | up=0.96 dn=0.04 strike=2341.1 mins=7.8
2026-05-10 11:53:14-0400 | ETH 💓 alive | WS 0s ago | phase=MONITORING | losses=0/2 | pos=— | up=0.97 dn=0.03 strike=2341.1 mins=6.8
2026-05-10 11:54:14-0400 | ETH 💓 alive | WS 0s ago | phase=MONITORING | losses=0/2 | pos=— | up=0.97 dn=0.04 strike=2341.1 mins=5.8
2026-05-10 11:55:15-0400 | ETH 💓 alive | WS 0s ago | phase=MONITORING | losses=0/2 | pos=— | up=0.98 dn=0.02 strike=2341.1 mins=4.7
2026-05-10 11:56:15-0400 | ETH 💓 alive | WS 0s ago | phase=MONITORING | losses=0/2 | pos=— | up=0.99 dn=0.03 strike=2341.1 mins=3.7
2026-05-10 11:57:15-0400 | ETH 💓 alive | WS 0s ago | phase=MONITORING | losses=0/2 | pos=— | up=1.00 dn=0.01 strike=2341.1 mins=2.7
2026-05-10 11:58:15-0400 | ETH 💓 alive | WS 0s ago | phase=MONITORING | losses=0/2 | pos=— | up=1.00 dn=0.01 strike=2341.1 mins=1.7
2026-05-10 11:59:15-0400 | ETH 💓 alive | WS 1s ago | phase=MONITORING | losses=0/2 | pos=— | up=1.00 dn=0.00 strike=2341.1 mins=0.7
2026-05-10 12:00:15-0400 | ETH 💓 alive | WS 12s ago | phase=MONITORING | losses=0/2 | pos=— | up=0.65 dn=0.40 strike=2347.8 mins=14.7
2026-05-10 12:00:15-0400 | ETH New session (KXETH15M-26MAY101215-15)
2026-05-10 12:00:16-0400 | ETH WS re-subscribed to KXETH15M-26MAY101215-15
2026-05-10 12:00:16-0400 | ETH WS subscribed: channel=orderbook_delta sid=96
2026-05-10 12:01:16-0400 | ETH 💓 alive | WS 0s ago | phase=WAIT_WINDOW | losses=0/2 | pos=— | up=0.69 dn=0.33 strike=2347.8 mins=13.7
2026-05-10 12:02:16-0400 | ETH 💓 alive | WS 0s ago | phase=WAIT_WINDOW | losses=0/2 | pos=— | up=0.72 dn=0.29 strike=2347.8 mins=12.7
2026-05-10 12:03:16-0400 | ETH 💓 alive | WS 0s ago | phase=WAIT_WINDOW | losses=0/2 | pos=— | up=0.53 dn=0.50 strike=2347.8 mins=11.7
2026-05-10 12:04:17-0400 | ETH 💓 alive | WS 0s ago | phase=WAIT_WINDOW | losses=0/2 | pos=— | up=0.54 dn=0.49 strike=2347.8 mins=10.7
2026-05-10 12:05:17-0400 | ETH 💓 alive | WS 0s ago | phase=MONITORING | losses=0/2 | pos=— | up=0.34 dn=0.67 strike=2347.8 mins=9.7
2026-05-10 12:06:17-0400 | ETH 💓 alive | WS 0s ago | phase=MONITORING | losses=0/2 | pos=— | up=0.19 dn=0.83 strike=2347.8 mins=8.7
2026-05-10 12:07:18-0400 | ETH 💓 alive | WS 0s ago | phase=MONITORING | losses=0/2 | pos=— | up=0.36 dn=0.67 strike=2347.8 mins=7.7
2026-05-10 12:08:18-0400 | ETH 💓 alive | WS 0s ago | phase=MONITORING | losses=0/2 | pos=— | up=0.21 dn=0.81 strike=2347.8 mins=6.7
2026-05-10 12:09:18-0400 | ETH 💓 alive | WS 0s ago | phase=MONITORING | losses=0/2 | pos=— | up=0.11 dn=0.90 strike=2347.8 mins=5.7
2026-05-10 12:10:18-0400 | ETH 💓 alive | WS 0s ago | phase=MONITORING | losses=0/2 | pos=— | up=0.21 dn=0.80 strike=2347.8 mins=4.7
2026-05-10 12:11:18-0400 | ETH 💓 alive | WS 0s ago | phase=MONITORING | losses=0/2 | pos=— | up=0.23 dn=0.80 strike=2347.8 mins=3.7
2026-05-10 12:12:19-0400 | ETH 💓 alive | WS 0s ago | phase=MONITORING | losses=0/2 | pos=— | up=0.52 dn=0.51 strike=2347.8 mins=2.7
2026-05-10 12:13:19-0400 | ETH 💓 alive | WS 0s ago | phase=MONITORING | losses=0/2 | pos=— | up=0.06 dn=0.94 strike=2347.8 mins=1.7
2026-05-10 12:14:19-0400 | ETH 💓 alive | WS 1s ago | phase=MONITORING | losses=0/2 | pos=— | up=0.01 dn=1.00 strike=2347.8 mins=0.7
2026-05-10 12:15:20-0400 | ETH 💓 alive | WS 19s ago | phase=MONITORING | losses=0/2 | pos=— | up=0.00 dn=1.00 strike=2347.8 mins=-0.3
2026-05-10 12:15:21-0400 | ETH New session (KXETH15M-26MAY101230-30)
2026-05-10 12:15:21-0400 | ETH WS re-subscribed to KXETH15M-26MAY101230-30
2026-05-10 12:15:21-0400 | ETH WS subscribed: channel=orderbook_delta sid=97
2026-05-10 12:16:21-0400 | ETH 💓 alive | WS 0s ago | phase=WAIT_WINDOW | losses=0/2 | pos=— | up=0.39 dn=0.64 strike=2345.76 mins=13.6
2026-05-10 12:17:21-0400 | ETH 💓 alive | WS 0s ago | phase=WAIT_WINDOW | losses=0/2 | pos=— | up=0.35 dn=0.66 strike=2345.76 mins=12.6
2026-05-10 12:18:21-0400 | ETH 💓 alive | WS 1s ago | phase=WAIT_WINDOW | losses=0/2 | pos=— | up=0.20 dn=0.81 strike=2345.76 mins=11.6
2026-05-10 12:19:21-0400 | ETH 💓 alive | WS 0s ago | phase=WAIT_WINDOW | losses=0/2 | pos=— | up=0.18 dn=0.83 strike=2345.76 mins=10.6
2026-05-10 12:20:21-0400 | ETH 💓 alive | WS 1s ago | phase=MONITORING | losses=0/2 | pos=— | up=0.17 dn=0.84 strike=2345.76 mins=9.6
2026-05-10 12:21:21-0400 | ETH 💓 alive | WS 0s ago | phase=MONITORING | losses=0/2 | pos=— | up=0.15 dn=0.87 strike=2345.76 mins=8.6
2026-05-10 12:22:22-0400 | ETH 💓 alive | WS 0s ago | phase=MONITORING | losses=0/2 | pos=— | up=0.04 dn=0.96 strike=2345.76 mins=7.6
2026-05-10 12:23:22-0400 | ETH 💓 alive | WS 0s ago | phase=MONITORING | losses=0/2 | pos=— | up=0.04 dn=0.96 strike=2345.76 mins=6.6
2026-05-10 12:23:59-0400 | ETH DOWN triggered @ 0.98 [WS] conviction=0.54 ss=-0.42 — placing order
2026-05-10 12:23:59-0400 | ORDER payload: {"ticker": "KXETH15M-26MAY101230-30", "action": "buy", "side": "no", "count": 40, "type": "limit", "no_price": 98, "client_order_id": "0b4dd26f-3553-4d49-b3fc-ae3ea11e54c8"}
2026-05-10 12:24:00-0400 | ORDER response: HTTP 201 | {"order":{"action":"buy","client_order_id":"0b4dd26f-3553-4d49-b3fc-ae3ea11e54c8","created_time":"2026-05-10T16:24:00.190599Z","fill_count_fp":"40.00","initial_count_fp":"40.00","last_update_time":"2026-05-10T16:24:00.190599Z","maker_fees_dollars":"0.000000","maker_fill_cost_dollars":"0.000000","no_
2026-05-10 12:24:02-0400 | ETH Position confirmed
2026-05-10 12:24:02-0400 | ETH Holding DOWN @ 0.98 (fill) — stop-loss @ 0.5
2026-05-10 12:24:22-0400 | ETH 💓 alive | WS 0s ago | phase=IN_POSITION | losses=0/2 | pos=DOWN@0.98×40 | up=0.03 dn=0.97 strike=2345.76 mins=5.6
2026-05-10 12:25:23-0400 | ETH 💓 alive | WS 0s ago | phase=IN_POSITION | losses=0/2 | pos=DOWN@0.98×40 | up=0.01 dn=0.99 strike=2345.76 mins=4.6
2026-05-10 12:26:23-0400 | ETH 💓 alive | WS 0s ago | phase=IN_POSITION | losses=0/2 | pos=DOWN@0.98×40 | up=0.00 dn=1.00 strike=2345.76 mins=3.6
2026-05-10 12:27:23-0400 | ETH 💓 alive | WS 0s ago | phase=IN_POSITION | losses=0/2 | pos=DOWN@0.98×40 | up=0.04 dn=0.98 strike=2345.76 mins=2.6
2026-05-10 12:28:23-0400 | ETH 💓 alive | WS 0s ago | phase=IN_POSITION | losses=0/2 | pos=DOWN@0.98×40 | up=0.03 dn=0.99 strike=2345.76 mins=1.6
2026-05-10 12:29:24-0400 | ETH 💓 alive | WS 0s ago | phase=IN_POSITION | losses=0/2 | pos=DOWN@0.98×40 | up=0.05 dn=0.98 strike=2345.76 mins=0.6
2026-05-10 12:30:09-0400 | ETH DOWN held to resolution ✓ win (+$0.92) — streak reset
2026-05-10 12:30:24-0400 | ETH 💓 alive | WS 23s ago | phase=MONITORING | losses=0/2 | pos=— | up=0.00 dn=1.00 strike=2345.76 mins=-0.4
2026-05-10 12:30:25-0400 | ETH New session (KXETH15M-26MAY101245-45)
2026-05-10 12:30:25-0400 | ETH WS re-subscribed to KXETH15M-26MAY101245-45
2026-05-10 12:30:25-0400 | ETH WS subscribed: channel=orderbook_delta sid=98
2026-05-10 12:31:24-0400 | ETH 💓 alive | WS 0s ago | phase=WAIT_WINDOW | losses=0/2 | pos=— | up=0.60 dn=0.43 strike=2344.76 mins=13.6
2026-05-10 12:32:24-0400 | ETH 💓 alive | WS 0s ago | phase=WAIT_WINDOW | losses=0/2 | pos=— | up=0.48 dn=0.54 strike=2344.76 mins=12.6
2026-05-10 12:33:24-0400 | ETH 💓 alive | WS 0s ago | phase=WAIT_WINDOW | losses=0/2 | pos=— | up=0.53 dn=0.50 strike=2344.76 mins=11.6
2026-05-10 12:34:24-0400 | ETH 💓 alive | WS 0s ago | phase=WAIT_WINDOW | losses=0/2 | pos=— | up=0.43 dn=0.60 strike=2344.76 mins=10.6
2026-05-10 12:35:24-0400 | ETH 💓 alive | WS 0s ago | phase=MONITORING | losses=0/2 | pos=— | up=0.64 dn=0.39 strike=2344.76 mins=9.6
2026-05-10 12:36:24-0400 | ETH 💓 alive | WS 0s ago | phase=MONITORING | losses=0/2 | pos=— | up=0.62 dn=0.39 strike=2344.76 mins=8.6
2026-05-10 12:37:25-0400 | ETH 💓 alive | WS 0s ago | phase=MONITORING | losses=0/2 | pos=— | up=0.55 dn=0.47 strike=2344.76 mins=7.6
2026-05-10 12:38:25-0400 | ETH 💓 alive | WS 0s ago | phase=MONITORING | losses=0/2 | pos=— | up=0.73 dn=0.30 strike=2344.76 mins=6.6
2026-05-10 12:39:26-0400 | ETH 💓 alive | WS 0s ago | phase=MONITORING | losses=0/2 | pos=— | up=0.89 dn=0.14 strike=2344.76 mins=5.6
2026-05-10 12:39:43-0400 | ETH UP triggered @ 0.94 [WS] conviction=0.49 ss=+0.46 — placing order
2026-05-10 12:39:43-0400 | ORDER payload: {"ticker": "KXETH15M-26MAY101245-45", "action": "buy", "side": "yes", "count": 40, "type": "limit", "yes_price": 96, "client_order_id": "9c0bc550-640e-416e-bff5-c806d7fded9d"}
2026-05-10 12:39:43-0400 | ORDER response: HTTP 201 | {"order":{"action":"buy","client_order_id":"9c0bc550-640e-416e-bff5-c806d7fded9d","created_time":"2026-05-10T16:39:43.462265Z","fill_count_fp":"40.00","initial_count_fp":"40.00","last_update_time":"2026-05-10T16:39:43.462265Z","maker_fees_dollars":"0.000000","maker_fill_cost_dollars":"0.000000","no_
2026-05-10 12:39:45-0400 | ETH Position confirmed
2026-05-10 12:39:45-0400 | ETH Fill ≠ trigger: trigger=0.94 fill=0.95 size=40/40 fees=$0.1500 (3 fills)
2026-05-10 12:39:45-0400 | ETH Holding UP @ 0.95 (fill) — stop-loss @ 0.5
2026-05-10 12:40:26-0400 | ETH 💓 alive | WS 0s ago | phase=IN_POSITION | losses=0/2 | pos=UP@0.95×40 | up=0.94 dn=0.08 strike=2344.76 mins=4.6
2026-05-10 12:41:26-0400 | ETH 💓 alive | WS 0s ago | phase=IN_POSITION | losses=0/2 | pos=UP@0.95×40 | up=0.98 dn=0.02 strike=2344.76 mins=3.6
2026-05-10 12:42:26-0400 | ETH 💓 alive | WS 1s ago | phase=IN_POSITION | losses=0/2 | pos=UP@0.95×40 | up=0.99 dn=0.02 strike=2344.76 mins=2.6
2026-05-10 12:43:27-0400 | ETH 💓 alive | WS 0s ago | phase=IN_POSITION | losses=0/2 | pos=UP@0.95×40 | up=0.99 dn=0.03 strike=2344.76 mins=1.5
2026-05-10 12:44:27-0400 | ETH 💓 alive | WS 0s ago | phase=IN_POSITION | losses=0/2 | pos=UP@0.95×40 | up=1.00 dn=0.00 strike=2344.76 mins=0.5
2026-05-10 12:45:08-0400 | ETH UP held to resolution ✓ win (+$2.13) — streak reset
2026-05-10 12:45:28-0400 | ETH 💓 alive | WS 27s ago | phase=MONITORING | losses=0/2 | pos=— | up=1.00 dn=0.00 strike=2344.76 mins=-0.5
2026-05-10 12:45:30-0400 | ETH New session (KXETH15M-26MAY101300-00)
2026-05-10 12:45:30-0400 | ETH WS re-subscribed to KXETH15M-26MAY101300-00
2026-05-10 12:45:30-0400 | ETH WS subscribed: channel=orderbook_delta sid=99
2026-05-10 12:46:28-0400 | ETH 💓 alive | WS 0s ago | phase=WAIT_WINDOW | losses=0/2 | pos=— | up=0.43 dn=0.58 strike=2346.45 mins=13.5
2026-05-10 12:47:28-0400 | ETH 💓 alive | WS 0s ago | phase=WAIT_WINDOW | losses=0/2 | pos=— | up=0.74 dn=0.29 strike=2346.45 mins=12.5
2026-05-10 12:48:28-0400 | ETH 💓 alive | WS 0s ago | phase=WAIT_WINDOW | losses=0/2 | pos=— | up=0.81 dn=0.22 strike=2346.45 mins=11.5
2026-05-10 12:49:29-0400 | ETH 💓 alive | WS 0s ago | phase=WAIT_WINDOW | losses=0/2 | pos=— | up=0.79 dn=0.24 strike=2346.45 mins=10.5
2026-05-10 12:50:29-0400 | ETH 💓 alive | WS 0s ago | phase=MONITORING | losses=0/2 | pos=— | up=0.89 dn=0.12 strike=2346.45 mins=9.5
2026-05-10 12:51:29-0400 | ETH 💓 alive | WS 0s ago | phase=MONITORING | losses=0/2 | pos=— | up=0.77 dn=0.24 strike=2346.45 mins=8.5
2026-05-10 12:52:29-0400 | ETH 💓 alive | WS 0s ago | phase=MONITORING | losses=0/2 | pos=— | up=0.77 dn=0.24 strike=2346.45 mins=7.5
2026-05-10 12:53:30-0400 | ETH 💓 alive | WS 0s ago | phase=MONITORING | losses=0/2 | pos=— | up=0.92 dn=0.10 strike=2346.45 mins=6.5
2026-05-10 12:54:30-0400 | ETH 💓 alive | WS 0s ago | phase=MONITORING | losses=0/2 | pos=— | up=0.90 dn=0.10 strike=2346.45 mins=5.5
2026-05-10 12:55:30-0400 | ETH 💓 alive | WS 0s ago | phase=MONITORING | losses=0/2 | pos=— | up=0.97 dn=0.03 strike=2346.45 mins=4.5
2026-05-10 12:56:31-0400 | ETH 💓 alive | WS 0s ago | phase=MONITORING | losses=0/2 | pos=— | up=0.95 dn=0.05 strike=2346.45 mins=3.5
2026-05-10 12:57:31-0400 | ETH 💓 alive | WS 0s ago | phase=MONITORING | losses=0/2 | pos=— | up=0.98 dn=0.05 strike=2346.45 mins=2.5
2026-05-10 12:58:31-0400 | ETH 💓 alive | WS 0s ago | phase=MONITORING | losses=0/2 | pos=— | up=0.99 dn=0.02 strike=2346.45 mins=1.5
2026-05-10 12:59:31-0400 | ETH 💓 alive | WS 0s ago | phase=MONITORING | losses=0/2 | pos=— | up=1.00 dn=0.00 strike=2346.45 mins=0.5
2026-05-10 13:00:04-0400 | ETH New session (KXETH15M-26MAY101315-15)
2026-05-10 13:00:04-0400 | ETH WS re-subscribed to KXETH15M-26MAY101315-15
2026-05-10 13:00:04-0400 | ETH WS subscribed: channel=orderbook_delta sid=100
2026-05-10 13:00:32-0400 | ETH 💓 alive | WS 0s ago | phase=WAIT_WINDOW | losses=0/2 | pos=— | up=0.49 dn=0.61 strike=2349.77 mins=14.5
2026-05-10 13:01:32-0400 | ETH 💓 alive | WS 0s ago | phase=WAIT_WINDOW | losses=0/2 | pos=— | up=0.47 dn=0.55 strike=2349.77 mins=13.5
2026-05-10 13:02:33-0400 | ETH 💓 alive | WS 0s ago | phase=WAIT_WINDOW | losses=0/2 | pos=— | up=0.52 dn=0.51 strike=2349.77 mins=12.4
2026-05-10 13:03:33-0400 | ETH 💓 alive | WS 0s ago | phase=WAIT_WINDOW | losses=0/2 | pos=— | up=0.55 dn=0.46 strike=2349.77 mins=11.4
2026-05-10 13:04:33-0400 | ETH 💓 alive | WS 0s ago | phase=WAIT_WINDOW | losses=0/2 | pos=— | up=0.56 dn=0.45 strike=2349.77 mins=10.4
2026-05-10 13:05:33-0400 | ETH 💓 alive | WS 0s ago | phase=MONITORING | losses=0/2 | pos=— | up=0.60 dn=0.42 strike=2349.77 mins=9.4
2026-05-10 13:06:34-0400 | ETH 💓 alive | WS 0s ago | phase=MONITORING | losses=0/2 | pos=— | up=0.67 dn=0.34 strike=2349.77 mins=8.4
2026-05-10 13:07:34-0400 | ETH 💓 alive | WS 0s ago | phase=MONITORING | losses=0/2 | pos=— | up=0.55 dn=0.47 strike=2349.77 mins=7.4
2026-05-10 13:08:34-0400 | ETH 💓 alive | WS 0s ago | phase=MONITORING | losses=0/2 | pos=— | up=0.21 dn=0.80 strike=2349.77 mins=6.4
2026-05-10 13:09:34-0400 | ETH 💓 alive | WS 0s ago | phase=MONITORING | losses=0/2 | pos=— | up=0.19 dn=0.82 strike=2349.77 mins=5.4
2026-05-10 13:10:34-0400 | ETH 💓 alive | WS 0s ago | phase=MONITORING | losses=0/2 | pos=— | up=0.10 dn=0.91 strike=2349.77 mins=4.4
2026-05-10 13:11:34-0400 | ETH 💓 alive | WS 0s ago | phase=MONITORING | losses=0/2 | pos=— | up=0.05 dn=0.95 strike=2349.77 mins=3.4
2026-05-10 13:12:34-0400 | ETH 💓 alive | WS 0s ago | phase=MONITORING | losses=0/2 | pos=— | up=0.08 dn=0.93 strike=2349.77 mins=2.4
2026-05-10 13:13:34-0400 | ETH 💓 alive | WS 0s ago | phase=MONITORING | losses=0/2 | pos=— | up=0.07 dn=0.94 strike=2349.77 mins=1.4
2026-05-10 13:14:36-0400 | ETH 💓 alive | WS 0s ago | phase=MONITORING | losses=0/2 | pos=— | up=0.04 dn=0.98 strike=2349.77 mins=0.4
2026-05-10 13:15:08-0400 | ETH New session (KXETH15M-26MAY101330-30)
2026-05-10 13:15:08-0400 | ETH WS re-subscribed to KXETH15M-26MAY101330-30
2026-05-10 13:15:08-0400 | ETH WS subscribed: channel=orderbook_delta sid=101
2026-05-10 13:15:36-0400 | ETH 💓 alive | WS 0s ago | phase=WAIT_WINDOW | losses=0/2 | pos=— | up=0.58 dn=0.59 strike=2348.63 mins=14.4
2026-05-10 13:16:36-0400 | ETH 💓 alive | WS 0s ago | phase=WAIT_WINDOW | losses=0/2 | pos=— | up=0.73 dn=0.28 strike=2348.63 mins=13.4
2026-05-10 13:17:36-0400 | ETH 💓 alive | WS 0s ago | phase=WAIT_WINDOW | losses=0/2 | pos=— | up=0.55 dn=0.47 strike=2348.63 mins=12.4
2026-05-10 13:18:36-0400 | ETH 💓 alive | WS 0s ago | phase=WAIT_WINDOW | losses=0/2 | pos=— | up=0.56 dn=0.47 strike=2348.63 mins=11.4
2026-05-10 13:19:36-0400 | ETH 💓 alive | WS 0s ago | phase=WAIT_WINDOW | losses=0/2 | pos=— | up=0.69 dn=0.32 strike=2348.63 mins=10.4
2026-05-10 13:20:37-0400 | ETH 💓 alive | WS 1s ago | phase=MONITORING | losses=0/2 | pos=— | up=0.68 dn=0.33 strike=2348.63 mins=9.4
2026-05-10 13:21:37-0400 | ETH 💓 alive | WS 0s ago | phase=MONITORING | losses=0/2 | pos=— | up=0.70 dn=0.32 strike=2348.63 mins=8.4
2026-05-10 13:22:37-0400 | ETH 💓 alive | WS 0s ago | phase=MONITORING | losses=0/2 | pos=— | up=0.90 dn=0.12 strike=2348.63 mins=7.4
2026-05-10 13:23:37-0400 | ETH 💓 alive | WS 0s ago | phase=MONITORING | losses=0/2 | pos=— | up=0.95 dn=0.05 strike=2348.63 mins=6.4
2026-05-10 13:24:05-0400 | ETH UP triggered @ 0.97 [WS] conviction=0.60 ss=+0.75 — placing order
2026-05-10 13:24:05-0400 | ORDER payload: {"ticker": "KXETH15M-26MAY101330-30", "action": "buy", "side": "yes", "count": 40, "type": "limit", "yes_price": 98, "client_order_id": "9531c3c5-2dc2-45c6-9948-64cbff6aaf7c"}
2026-05-10 13:24:05-0400 | ORDER response: HTTP 201 | {"order":{"action":"buy","client_order_id":"9531c3c5-2dc2-45c6-9948-64cbff6aaf7c","created_time":"2026-05-10T17:24:05.930148Z","fill_count_fp":"40.00","initial_count_fp":"40.00","last_update_time":"2026-05-10T17:24:05.930148Z","maker_fees_dollars":"0.000000","maker_fill_cost_dollars":"0.000000","no_
2026-05-10 13:24:08-0400 | ETH Position confirmed
2026-05-10 13:24:08-0400 | ETH Fill ≠ trigger: trigger=0.97 fill=0.97 size=40/40 fees=$0.0700 (1 fills)
2026-05-10 13:24:08-0400 | ETH Holding UP @ 0.97 (fill) — stop-loss @ 0.5
2026-05-10 13:24:37-0400 | ETH 💓 alive | WS 0s ago | phase=IN_POSITION | losses=0/2 | pos=UP@0.97×40 | up=0.98 dn=0.03 strike=2348.63 mins=5.4
2026-05-10 13:25:37-0400 | ETH 💓 alive | WS 0s ago | phase=IN_POSITION | losses=0/2 | pos=UP@0.97×40 | up=0.99 dn=0.02 strike=2348.63 mins=4.4
2026-05-10 13:26:38-0400 | ETH 💓 alive | WS 1s ago | phase=IN_POSITION | losses=0/2 | pos=UP@0.97×40 | up=0.99 dn=0.03 strike=2348.63 mins=3.4
2026-05-10 13:27:38-0400 | ETH 💓 alive | WS 0s ago | phase=IN_POSITION | losses=0/2 | pos=UP@0.97×40 | up=1.00 dn=0.01 strike=2348.63 mins=2.4
2026-05-10 13:28:38-0400 | ETH 💓 alive | WS 0s ago | phase=IN_POSITION | losses=0/2 | pos=UP@0.97×40 | up=1.00 dn=0.00 strike=2348.63 mins=1.4
2026-05-10 13:29:40-0400 | ETH 💓 alive | WS 0s ago | phase=IN_POSITION | losses=0/2 | pos=UP@0.97×40 | up=1.00 dn=0.00 strike=2348.63 mins=0.3
2026-05-10 13:30:11-0400 | ETH New session (KXETH15M-26MAY101345-45)
2026-05-10 13:30:12-0400 | ETH WS re-subscribed to KXETH15M-26MAY101345-45
2026-05-10 13:30:12-0400 | ETH WS subscribed: channel=orderbook_delta sid=102
2026-05-10 13:30:13-0400 | ETH UP held to resolution ✓ win (+$1.0) — streak reset
2026-05-10 13:30:40-0400 | ETH 💓 alive | WS 0s ago | phase=WAIT_WINDOW | losses=0/2 | pos=— | up=0.58 dn=0.51 strike=2355.01 mins=14.3
2026-05-10 13:31:41-0400 | ETH 💓 alive | WS 0s ago | phase=WAIT_WINDOW | losses=0/2 | pos=— | up=0.55 dn=0.48 strike=2355.01 mins=13.3
2026-05-10 13:32:41-0400 | ETH 💓 alive | WS 0s ago | phase=WAIT_WINDOW | losses=0/2 | pos=— | up=0.62 dn=0.39 strike=2355.01 mins=12.3
2026-05-10 13:33:42-0400 | ETH 💓 alive | WS 0s ago | phase=WAIT_WINDOW | losses=0/2 | pos=— | up=0.52 dn=0.49 strike=2355.01 mins=11.3
2026-05-10 13:34:42-0400 | ETH 💓 alive | WS 0s ago | phase=WAIT_WINDOW | losses=0/2 | pos=— | up=0.64 dn=0.39 strike=2355.01 mins=10.3
2026-05-10 13:35:42-0400 | ETH 💓 alive | WS 0s ago | phase=MONITORING | losses=0/2 | pos=— | up=0.41 dn=0.60 strike=2355.01 mins=9.3
2026-05-10 13:36:42-0400 | ETH 💓 alive | WS 0s ago | phase=MONITORING | losses=0/2 | pos=— | up=0.39 dn=0.63 strike=2355.01 mins=8.3
2026-05-10 13:37:42-0400 | ETH 💓 alive | WS 0s ago | phase=MONITORING | losses=0/2 | pos=— | up=0.28 dn=0.73 strike=2355.01 mins=7.3
2026-05-10 13:38:42-0400 | ETH 💓 alive | WS 1s ago | phase=MONITORING | losses=0/2 | pos=— | up=0.20 dn=0.81 strike=2355.01 mins=6.3
2026-05-10 13:39:42-0400 | ETH 💓 alive | WS 0s ago | phase=MONITORING | losses=0/2 | pos=— | up=0.14 dn=0.88 strike=2355.01 mins=5.3
2026-05-10 13:40:43-0400 | ETH 💓 alive | WS 0s ago | phase=MONITORING | losses=0/2 | pos=— | up=0.12 dn=0.91 strike=2355.01 mins=4.3
2026-05-10 13:41:43-0400 | ETH 💓 alive | WS 0s ago | phase=MONITORING | losses=0/2 | pos=— | up=0.08 dn=0.93 strike=2355.01 mins=3.3
2026-05-10 13:42:43-0400 | ETH 💓 alive | WS 0s ago | phase=MONITORING | losses=0/2 | pos=— | up=0.06 dn=0.95 strike=2355.01 mins=2.3
2026-05-10 13:43:44-0400 | ETH 💓 alive | WS 0s ago | phase=MONITORING | losses=0/2 | pos=— | up=0.04 dn=0.98 strike=2355.01 mins=1.3
2026-05-10 13:44:45-0400 | ETH 💓 alive | WS 0s ago | phase=MONITORING | losses=0/2 | pos=— | up=0.00 dn=1.00 strike=2355.01 mins=0.2
2026-05-10 13:45:15-0400 | ETH New session (KXETH15M-26MAY101400-00)
2026-05-10 13:45:15-0400 | ETH WS re-subscribed to KXETH15M-26MAY101400-00
2026-05-10 13:45:15-0400 | ETH WS subscribed: channel=orderbook_delta sid=103
2026-05-10 13:45:46-0400 | ETH 💓 alive | WS 0s ago | phase=WAIT_WINDOW | losses=0/2 | pos=— | up=0.54 dn=0.48 strike=2353.75 mins=14.2
2026-05-10 13:46:46-0400 | ETH 💓 alive | WS 0s ago | phase=WAIT_WINDOW | losses=0/2 | pos=— | up=0.64 dn=0.38 strike=2353.75 mins=13.2
2026-05-10 13:47:46-0400 | ETH 💓 alive | WS 0s ago | phase=WAIT_WINDOW | losses=0/2 | pos=— | up=0.78 dn=0.25 strike=2353.75 mins=12.2
2026-05-10 13:48:46-0400 | ETH 💓 alive | WS 0s ago | phase=WAIT_WINDOW | losses=0/2 | pos=— | up=0.86 dn=0.16 strike=2353.75 mins=11.2
2026-05-10 13:49:47-0400 | ETH 💓 alive | WS 0s ago | phase=WAIT_WINDOW | losses=0/2 | pos=— | up=0.83 dn=0.18 strike=2353.75 mins=10.2
2026-05-10 13:50:47-0400 | ETH 💓 alive | WS 0s ago | phase=MONITORING | losses=0/2 | pos=— | up=0.90 dn=0.11 strike=2353.75 mins=9.2
2026-05-10 13:51:41-0400 | ETH UP triggered @ 0.98 [WS] conviction=0.65 ss=+0.72 — placing order
2026-05-10 13:51:41-0400 | ORDER payload: {"ticker": "KXETH15M-26MAY101400-00", "action": "buy", "side": "yes", "count": 40, "type": "limit", "yes_price": 98, "client_order_id": "840440fb-e12b-42ea-a646-a34eea902208"}
2026-05-10 13:51:41-0400 | ORDER response: HTTP 201 | {"order":{"action":"buy","client_order_id":"840440fb-e12b-42ea-a646-a34eea902208","created_time":"2026-05-10T17:51:41.601665Z","fill_count_fp":"0.00","initial_count_fp":"40.00","last_update_time":"2026-05-10T17:51:41.601665Z","maker_fees_dollars":"0.000000","maker_fill_cost_dollars":"0.000000","no_p
2026-05-10 13:51:44-0400 | ETH Retry 1/3
2026-05-10 13:51:45-0400 | ORDER payload: {"ticker": "KXETH15M-26MAY101400-00", "action": "buy", "side": "yes", "count": 40, "type": "limit", "yes_price": 98, "client_order_id": "840440fb-e12b-42ea-a646-a34eea902208"}
2026-05-10 13:51:45-0400 | ORDER response: HTTP 409 | {"error":{"code":"order_already_exists","message":"order already exists","service":"exchange"}}
2026-05-10 13:51:45-0400 | ETH Retry 2/3
2026-05-10 13:51:46-0400 | ORDER payload: {"ticker": "KXETH15M-26MAY101400-00", "action": "buy", "side": "yes", "count": 40, "type": "limit", "yes_price": 98, "client_order_id": "840440fb-e12b-42ea-a646-a34eea902208"}
2026-05-10 13:51:46-0400 | ORDER response: HTTP 409 | {"error":{"code":"order_already_exists","message":"order already exists","service":"exchange"}}
2026-05-10 13:51:46-0400 | ETH Retry 3/3
2026-05-10 13:51:47-0400 | ORDER payload: {"ticker": "KXETH15M-26MAY101400-00", "action": "buy", "side": "yes", "count": 40, "type": "limit", "yes_price": 98, "client_order_id": "840440fb-e12b-42ea-a646-a34eea902208"}
2026-05-10 13:51:48-0400 | ORDER response: HTTP 409 | {"error":{"code":"order_already_exists","message":"order already exists","service":"exchange"}}
2026-05-10 13:51:48-0400 | ETH Order not filled after 4 attempts, skipping session
2026-05-10 13:51:48-0400 | ETH 💓 alive | WS 0s ago | phase=BUY_FAILED | losses=0/2 | pos=— | up=0.98 dn=0.02 strike=2353.75 mins=8.2
2026-05-10 13:52:48-0400 | ETH 💓 alive | WS 0s ago | phase=BUY_FAILED | losses=0/2 | pos=— | up=0.99 dn=0.01 strike=2353.75 mins=7.2
2026-05-10 13:53:49-0400 | ETH 💓 alive | WS 1s ago | phase=BUY_FAILED | losses=0/2 | pos=— | up=1.00 dn=0.00 strike=2353.75 mins=6.2
2026-05-10 13:54:49-0400 | ETH 💓 alive | WS 0s ago | phase=BUY_FAILED | losses=0/2 | pos=— | up=1.00 dn=0.00 strike=2353.75 mins=5.2
2026-05-10 13:55:49-0400 | ETH 💓 alive | WS 1s ago | phase=BUY_FAILED | losses=0/2 | pos=— | up=1.00 dn=0.00 strike=2353.75 mins=4.2
2026-05-10 13:56:49-0400 | ETH 💓 alive | WS 1s ago | phase=BUY_FAILED | losses=0/2 | pos=— | up=1.00 dn=0.00 strike=2353.75 mins=3.2
2026-05-10 13:57:49-0400 | ETH 💓 alive | WS 0s ago | phase=BUY_FAILED | losses=0/2 | pos=— | up=1.00 dn=0.00 strike=2353.75 mins=2.2
2026-05-10 13:58:50-0400 | ETH 💓 alive | WS 1s ago | phase=BUY_FAILED | losses=0/2 | pos=— | up=1.00 dn=0.00 strike=2353.75 mins=1.2
2026-05-10 13:59:51-0400 | ETH 💓 alive | WS 2s ago | phase=BUY_FAILED | losses=0/2 | pos=— | up=1.00 dn=0.00 strike=2353.75 mins=0.1
2026-05-10 14:00:19-0400 | ETH New session (KXETH15M-26MAY101415-15)
2026-05-10 14:00:19-0400 | ETH WS re-subscribed to KXETH15M-26MAY101415-15
2026-05-10 14:00:19-0400 | ETH WS subscribed: channel=orderbook_delta sid=104
2026-05-10 14:00:51-0400 | ETH 💓 alive | WS 0s ago | phase=WAIT_WINDOW | losses=0/2 | pos=— | up=0.47 dn=0.56 strike=2363.12 mins=14.1
2026-05-10 14:01:51-0400 | ETH 💓 alive | WS 0s ago | phase=WAIT_WINDOW | losses=0/2 | pos=— | up=0.52 dn=0.52 strike=2363.12 mins=13.1
2026-05-10 14:02:52-0400 | ETH 💓 alive | WS 0s ago | phase=WAIT_WINDOW | losses=0/2 | pos=— | up=0.66 dn=0.35 strike=2363.12 mins=12.1
2026-05-10 14:03:52-0400 | ETH 💓 alive | WS 0s ago | phase=WAIT_WINDOW | losses=0/2 | pos=— | up=0.60 dn=0.43 strike=2363.12 mins=11.1
2026-05-10 14:04:52-0400 | ETH 💓 alive | WS 0s ago | phase=WAIT_WINDOW | losses=0/2 | pos=— | up=0.71 dn=0.30 strike=2363.12 mins=10.1
2026-05-10 14:05:52-0400 | ETH 💓 alive | WS 0s ago | phase=MONITORING | losses=0/2 | pos=— | up=0.69 dn=0.33 strike=2363.12 mins=9.1
2026-05-10 14:06:52-0400 | ETH 💓 alive | WS 0s ago | phase=MONITORING | losses=0/2 | pos=— | up=0.59 dn=0.43 strike=2363.12 mins=8.1
2026-05-10 14:07:53-0400 | ETH 💓 alive | WS 0s ago | phase=MONITORING | losses=0/2 | pos=— | up=0.62 dn=0.40 strike=2363.12 mins=7.1
2026-05-10 14:08:53-0400 | ETH 💓 alive | WS 0s ago | phase=MONITORING | losses=0/2 | pos=— | up=0.62 dn=0.39 strike=2363.12 mins=6.1
2026-05-10 14:09:53-0400 | ETH 💓 alive | WS 0s ago | phase=MONITORING | losses=0/2 | pos=— | up=0.57 dn=0.45 strike=2363.12 mins=5.1
2026-05-10 14:10:53-0400 | ETH 💓 alive | WS 0s ago | phase=MONITORING | losses=0/2 | pos=— | up=0.73 dn=0.28 strike=2363.12 mins=4.1
2026-05-10 14:11:53-0400 | ETH 💓 alive | WS 0s ago | phase=MONITORING | losses=0/2 | pos=— | up=0.84 dn=0.20 strike=2363.12 mins=3.1
2026-05-10 14:12:54-0400 | ETH 💓 alive | WS 0s ago | phase=MONITORING | losses=0/2 | pos=— | up=0.95 dn=0.06 strike=2363.12 mins=2.1
2026-05-10 14:13:54-0400 | ETH 💓 alive | WS 0s ago | phase=MONITORING | losses=0/2 | pos=— | up=0.97 dn=0.06 strike=2363.12 mins=1.1
2026-05-10 14:14:55-0400 | ETH 💓 alive | WS 0s ago | phase=MONITORING | losses=0/2 | pos=— | up=1.00 dn=0.00 strike=2363.12 mins=0.1
2026-05-10 14:15:23-0400 | ETH New session (KXETH15M-26MAY101430-30)
2026-05-10 14:15:23-0400 | ETH WS re-subscribed to KXETH15M-26MAY101430-30
2026-05-10 14:15:23-0400 | ETH WS subscribed: channel=orderbook_delta sid=105
2026-05-10 14:15:55-0400 | ETH 💓 alive | WS 0s ago | phase=WAIT_WINDOW | losses=0/2 | pos=— | up=0.50 dn=0.53 strike=2364.3 mins=14.1
2026-05-10 14:16:56-0400 | ETH 💓 alive | WS 0s ago | phase=WAIT_WINDOW | losses=0/2 | pos=— | up=0.45 dn=0.59 strike=2364.3 mins=13.1
2026-05-10 14:17:56-0400 | ETH 💓 alive | WS 0s ago | phase=WAIT_WINDOW | losses=0/2 | pos=— | up=0.36 dn=0.65 strike=2364.3 mins=12.1
2026-05-10 14:18:56-0400 | ETH 💓 alive | WS 0s ago | phase=WAIT_WINDOW | losses=0/2 | pos=— | up=0.33 dn=0.69 strike=2364.3 mins=11.1
2026-05-10 14:19:57-0400 | ETH 💓 alive | WS 0s ago | phase=WAIT_WINDOW | losses=0/2 | pos=— | up=0.15 dn=0.86 strike=2364.3 mins=10.0
2026-05-10 14:20:57-0400 | ETH 💓 alive | WS 0s ago | phase=MONITORING | losses=0/2 | pos=— | up=0.16 dn=0.86 strike=2364.3 mins=9.0
2026-05-10 14:21:57-0400 | ETH 💓 alive | WS 0s ago | phase=MONITORING | losses=0/2 | pos=— | up=0.41 dn=0.62 strike=2364.3 mins=8.0
2026-05-10 14:22:57-0400 | ETH 💓 alive | WS 0s ago | phase=MONITORING | losses=0/2 | pos=— | up=0.25 dn=0.77 strike=2364.3 mins=7.0
2026-05-10 14:23:57-0400 | ETH 💓 alive | WS 0s ago | phase=MONITORING | losses=0/2 | pos=— | up=0.15 dn=0.86 strike=2364.3 mins=6.0
2026-05-10 14:24:58-0400 | ETH 💓 alive | WS 0s ago | phase=MONITORING | losses=0/2 | pos=— | up=0.25 dn=0.76 strike=2364.3 mins=5.0
2026-05-10 14:25:58-0400 | ETH 💓 alive | WS 0s ago | phase=MONITORING | losses=0/2 | pos=— | up=0.29 dn=0.74 strike=2364.3 mins=4.0
2026-05-10 14:26:58-0400 | ETH 💓 alive | WS 0s ago | phase=MONITORING | losses=0/2 | pos=— | up=0.10 dn=0.91 strike=2364.3 mins=3.0
2026-05-10 14:28:00-0400 | ETH 💓 alive | WS 0s ago | phase=MONITORING | losses=0/2 | pos=— | up=0.02 dn=0.99 strike=2364.3 mins=2.0
2026-05-10 14:29:01-0400 | ETH 💓 alive | WS 0s ago | phase=MONITORING | losses=0/2 | pos=— | up=0.01 dn=1.00 strike=2364.3 mins=1.0
2026-05-10 14:30:02-0400 | ETH 💓 alive | WS 2s ago | phase=MONITORING | losses=0/2 | pos=— | up=0.00 dn=1.00 strike=2364.3 mins=-0.0
2026-05-10 14:30:27-0400 | ETH New session (KXETH15M-26MAY101445-45)
2026-05-10 14:30:28-0400 | ETH WS re-subscribed to KXETH15M-26MAY101445-45
2026-05-10 14:30:28-0400 | ETH WS subscribed: channel=orderbook_delta sid=106
2026-05-10 14:31:02-0400 | ETH 💓 alive | WS 0s ago | phase=WAIT_WINDOW | losses=0/2 | pos=— | up=0.48 dn=0.53 strike=2361.55 mins=14.0
2026-05-10 14:32:03-0400 | ETH 💓 alive | WS 0s ago | phase=WAIT_WINDOW | losses=0/2 | pos=— | up=0.68 dn=0.34 strike=2361.55 mins=12.9
2026-05-10 14:33:03-0400 | ETH 💓 alive | WS 0s ago | phase=WAIT_WINDOW | losses=0/2 | pos=— | up=0.37 dn=0.65 strike=2361.55 mins=11.9
2026-05-10 14:34:03-0400 | ETH 💓 alive | WS 0s ago | phase=WAIT_WINDOW | losses=0/2 | pos=— | up=0.41 dn=0.60 strike=2361.55 mins=10.9
2026-05-10 14:35:03-0400 | ETH 💓 alive | WS 1s ago | phase=MONITORING | losses=0/2 | pos=— | up=0.26 dn=0.77 strike=2361.55 mins=9.9
2026-05-10 14:36:04-0400 | ETH 💓 alive | WS 0s ago | phase=MONITORING | losses=0/2 | pos=— | up=0.24 dn=0.79 strike=2361.55 mins=8.9
2026-05-10 14:37:04-0400 | ETH 💓 alive | WS 0s ago | phase=MONITORING | losses=0/2 | pos=— | up=0.12 dn=0.89 strike=2361.55 mins=7.9
2026-05-10 14:38:04-0400 | ETH 💓 alive | WS 0s ago | phase=MONITORING | losses=0/2 | pos=— | up=0.08 dn=0.93 strike=2361.55 mins=6.9
2026-05-10 14:39:04-0400 | ETH 💓 alive | WS 0s ago | phase=MONITORING | losses=0/2 | pos=— | up=0.10 dn=0.91 strike=2361.55 mins=5.9
2026-05-10 14:40:04-0400 | ETH 💓 alive | WS 0s ago | phase=MONITORING | losses=0/2 | pos=— | up=0.02 dn=0.98 strike=2361.55 mins=4.9
2026-05-10 14:41:04-0400 | ETH 💓 alive | WS 0s ago | phase=MONITORING | losses=0/2 | pos=— | up=0.01 dn=0.99 strike=2361.55 mins=3.9
2026-05-10 14:42:05-0400 | ETH 💓 alive | WS 0s ago | phase=MONITORING | losses=0/2 | pos=— | up=0.03 dn=0.99 strike=2361.55 mins=2.9
2026-05-10 14:43:05-0400 | ETH 💓 alive | WS 0s ago | phase=MONITORING | losses=0/2 | pos=— | up=0.01 dn=1.00 strike=2361.55 mins=1.9
2026-05-10 14:44:05-0400 | ETH 💓 alive | WS 1s ago | phase=MONITORING | losses=0/2 | pos=— | up=0.00 dn=1.00 strike=2361.55 mins=0.9
2026-05-10 14:45:06-0400 | ETH 💓 alive | snapshot=None (Kalshi API issue?)
2026-05-10 14:45:30-0400 | ETH New session (KXETH15M-26MAY101500-00)
2026-05-10 14:45:30-0400 | ETH WS re-subscribed to KXETH15M-26MAY101500-00
2026-05-10 14:45:30-0400 | ETH WS subscribed: channel=orderbook_delta sid=107
2026-05-10 14:46:06-0400 | ETH 💓 alive | WS 0s ago | phase=WAIT_WINDOW | losses=0/2 | pos=— | up=0.55 dn=0.46 strike=2356.91 mins=13.9
2026-05-10 14:47:06-0400 | ETH 💓 alive | WS 0s ago | phase=WAIT_WINDOW | losses=0/2 | pos=— | up=0.52 dn=0.49 strike=2356.91 mins=12.9
2026-05-10 14:48:07-0400 | ETH 💓 alive | WS 1s ago | phase=WAIT_WINDOW | losses=0/2 | pos=— | up=0.52 dn=0.49 strike=2356.91 mins=11.9
2026-05-10 14:49:07-0400 | ETH 💓 alive | WS 0s ago | phase=WAIT_WINDOW | losses=0/2 | pos=— | up=0.76 dn=0.25 strike=2356.91 mins=10.9
2026-05-10 14:50:07-0400 | ETH 💓 alive | WS 0s ago | phase=MONITORING | losses=0/2 | pos=— | up=0.81 dn=0.20 strike=2356.91 mins=9.9
2026-05-10 14:51:07-0400 | ETH 💓 alive | WS 0s ago | phase=MONITORING | losses=0/2 | pos=— | up=0.75 dn=0.26 strike=2356.91 mins=8.9
2026-05-10 14:52:07-0400 | ETH 💓 alive | WS 0s ago | phase=MONITORING | losses=0/2 | pos=— | up=0.67 dn=0.37 strike=2356.91 mins=7.9
2026-05-10 14:53:08-0400 | ETH 💓 alive | WS 0s ago | phase=MONITORING | losses=0/2 | pos=— | up=0.86 dn=0.16 strike=2356.91 mins=6.9
2026-05-10 14:54:08-0400 | ETH 💓 alive | WS 0s ago | phase=MONITORING | losses=0/2 | pos=— | up=0.83 dn=0.18 strike=2356.91 mins=5.9
2026-05-10 14:55:08-0400 | ETH 💓 alive | WS 0s ago | phase=MONITORING | losses=0/2 | pos=— | up=0.95 dn=0.07 strike=2356.91 mins=4.9
2026-05-10 14:56:08-0400 | ETH 💓 alive | WS 0s ago | phase=MONITORING | losses=0/2 | pos=— | up=0.94 dn=0.08 strike=2356.91 mins=3.9
2026-05-10 14:57:08-0400 | ETH 💓 alive | WS 0s ago | phase=MONITORING | losses=0/2 | pos=— | up=0.95 dn=0.09 strike=2356.91 mins=2.9
2026-05-10 14:58:09-0400 | ETH 💓 alive | WS 0s ago | phase=MONITORING | losses=0/2 | pos=— | up=0.96 dn=0.07 strike=2356.91 mins=1.8
2026-05-10 14:59:09-0400 | ETH 💓 alive | WS 1s ago | phase=MONITORING | losses=0/2 | pos=— | up=1.00 dn=0.00 strike=2356.91 mins=0.8
2026-05-10 15:00:04-0400 | ETH New session (KXETH15M-26MAY101515-15)
2026-05-10 15:00:05-0400 | ETH WS re-subscribed to KXETH15M-26MAY101515-15
2026-05-10 15:00:05-0400 | ETH WS subscribed: channel=orderbook_delta sid=108
2026-05-10 15:00:10-0400 | ETH 💓 alive | WS 0s ago | phase=WAIT_WINDOW | losses=0/2 | pos=— | up=0.50 dn=0.61 strike=2358.52 mins=14.8
2026-05-10 15:01:10-0400 | ETH 💓 alive | WS 0s ago | phase=WAIT_WINDOW | losses=0/2 | pos=— | up=0.17 dn=0.84 strike=2358.52 mins=13.8
2026-05-10 15:02:10-0400 | ETH 💓 alive | WS 0s ago | phase=WAIT_WINDOW | losses=0/2 | pos=— | up=0.06 dn=0.94 strike=2358.52 mins=12.8
2026-05-10 15:03:11-0400 | ETH 💓 alive | WS 0s ago | phase=WAIT_WINDOW | losses=0/2 | pos=— | up=0.04 dn=0.96 strike=2358.52 mins=11.8
2026-05-10 15:04:11-0400 | ETH 💓 alive | WS 0s ago | phase=WAIT_WINDOW | losses=0/2 | pos=— | up=0.05 dn=0.95 strike=2358.52 mins=10.8
2026-05-10 15:05:11-0400 | ETH 💓 alive | WS 0s ago | phase=MONITORING | losses=0/2 | pos=— | up=0.06 dn=0.94 strike=2358.52 mins=9.8
2026-05-10 15:05:14-0400 | ETH DOWN triggered @ 0.91 [WS] conviction=0.41 ss=-0.44 — placing order
2026-05-10 15:05:14-0400 | ORDER payload: {"ticker": "KXETH15M-26MAY101515-15", "action": "buy", "side": "no", "count": 40, "type": "limit", "no_price": 93, "client_order_id": "8b7e4400-48d4-42f1-9c78-204103316b94"}
2026-05-10 15:05:14-0400 | ORDER response: HTTP 201 | {"order":{"action":"buy","client_order_id":"8b7e4400-48d4-42f1-9c78-204103316b94","created_time":"2026-05-10T19:05:14.085411Z","fill_count_fp":"40.00","initial_count_fp":"40.00","last_update_time":"2026-05-10T19:05:14.085411Z","maker_fees_dollars":"0.000000","maker_fill_cost_dollars":"0.000000","no_
2026-05-10 15:05:16-0400 | ETH Position confirmed
2026-05-10 15:05:16-0400 | ETH Fill ≠ trigger: trigger=0.91 fill=0.92 size=40/40 fees=$0.2150 (3 fills)
2026-05-10 15:05:16-0400 | ETH Holding DOWN @ 0.92 (fill) — stop-loss @ 0.5
2026-05-10 15:06:12-0400 | ETH 💓 alive | WS 0s ago | phase=IN_POSITION | losses=0/2 | pos=DOWN@0.92×40 | up=0.05 dn=0.95 strike=2358.52 mins=8.8
2026-05-10 15:07:12-0400 | ETH 💓 alive | WS 1s ago | phase=IN_POSITION | losses=0/2 | pos=DOWN@0.92×40 | up=0.04 dn=0.96 strike=2358.52 mins=7.8
2026-05-10 15:08:12-0400 | ETH 💓 alive | WS 0s ago | phase=IN_POSITION | losses=0/2 | pos=DOWN@0.92×40 | up=0.03 dn=0.97 strike=2358.52 mins=6.8
2026-05-10 15:09:12-0400 | ETH 💓 alive | WS 0s ago | phase=IN_POSITION | losses=0/2 | pos=DOWN@0.92×40 | up=0.04 dn=0.96 strike=2358.52 mins=5.8
2026-05-10 15:10:12-0400 | ETH 💓 alive | WS 0s ago | phase=IN_POSITION | losses=0/2 | pos=DOWN@0.92×40 | up=0.07 dn=0.95 strike=2358.52 mins=4.8
2026-05-10 15:11:12-0400 | ETH 💓 alive | WS 0s ago | phase=IN_POSITION | losses=0/2 | pos=DOWN@0.92×40 | up=0.13 dn=0.90 strike=2358.52 mins=3.8
2026-05-10 15:12:13-0400 | ETH 💓 alive | WS 0s ago | phase=IN_POSITION | losses=0/2 | pos=DOWN@0.92×40 | up=0.16 dn=0.85 strike=2358.52 mins=2.8
2026-05-10 15:13:13-0400 | ETH 💓 alive | WS 0s ago | phase=IN_POSITION | losses=0/2 | pos=DOWN@0.92×40 | up=0.14 dn=0.87 strike=2358.52 mins=1.8
2026-05-10 15:14:13-0400 | ETH 💓 alive | WS 0s ago | phase=IN_POSITION | losses=0/2 | pos=DOWN@0.92×40 | up=0.22 dn=0.83 strike=2358.52 mins=0.8
2026-05-10 15:15:08-0400 | ETH New session (KXETH15M-26MAY101530-30)
2026-05-10 15:15:08-0400 | ETH WS re-subscribed to KXETH15M-26MAY101530-30
2026-05-10 15:15:08-0400 | ETH WS subscribed: channel=orderbook_delta sid=109
2026-05-10 15:15:12-0400 | ETH DOWN held to resolution ✓ win (+$3.28) — streak reset
2026-05-10 15:15:14-0400 | ETH 💓 alive | WS 0s ago | phase=WAIT_WINDOW | losses=0/2 | pos=— | up=0.58 dn=0.66 strike=2357.99 mins=14.8
2026-05-10 15:16:14-0400 | ETH 💓 alive | WS 0s ago | phase=WAIT_WINDOW | losses=0/2 | pos=— | up=0.74 dn=0.28 strike=2357.99 mins=13.8
2026-05-10 15:17:14-0400 | ETH 💓 alive | WS 0s ago | phase=WAIT_WINDOW | losses=0/2 | pos=— | up=0.73 dn=0.28 strike=2357.99 mins=12.8
2026-05-10 15:18:14-0400 | ETH 💓 alive | WS 0s ago | phase=WAIT_WINDOW | losses=0/2 | pos=— | up=0.82 dn=0.19 strike=2357.99 mins=11.8
2026-05-10 15:19:14-0400 | ETH 💓 alive | WS 0s ago | phase=WAIT_WINDOW | losses=0/2 | pos=— | up=0.87 dn=0.14 strike=2357.99 mins=10.8
2026-05-10 15:20:15-0400 | ETH 💓 alive | WS 0s ago | phase=MONITORING | losses=0/2 | pos=— | up=0.79 dn=0.22 strike=2357.99 mins=9.7
2026-05-10 15:21:15-0400 | ETH 💓 alive | WS 0s ago | phase=MONITORING | losses=0/2 | pos=— | up=0.87 dn=0.14 strike=2357.99 mins=8.7
2026-05-10 15:22:15-0400 | ETH 💓 alive | WS 0s ago | phase=MONITORING | losses=0/2 | pos=— | up=0.93 dn=0.09 strike=2357.99 mins=7.7
2026-05-10 15:22:51-0400 | ETH UP triggered @ 0.94 [WS] conviction=0.43 ss=+0.41 — placing order
2026-05-10 15:22:51-0400 | ORDER payload: {"ticker": "KXETH15M-26MAY101530-30", "action": "buy", "side": "yes", "count": 40, "type": "limit", "yes_price": 96, "client_order_id": "eea6e658-4b12-43df-9c2d-13d23e7c3e40"}
2026-05-10 15:22:51-0400 | ORDER response: HTTP 201 | {"order":{"action":"buy","client_order_id":"eea6e658-4b12-43df-9c2d-13d23e7c3e40","created_time":"2026-05-10T19:22:51.724602Z","fill_count_fp":"40.00","initial_count_fp":"40.00","last_update_time":"2026-05-10T19:22:51.724602Z","maker_fees_dollars":"0.000000","maker_fill_cost_dollars":"0.000000","no_
2026-05-10 15:22:53-0400 | ETH Position confirmed
2026-05-10 15:22:53-0400 | ETH Fill ≠ trigger: trigger=0.94 fill=0.95 size=40/40 fees=$0.1500 (4 fills)
2026-05-10 15:22:53-0400 | ETH Holding UP @ 0.95 (fill) — stop-loss @ 0.5
2026-05-10 15:23:15-0400 | ETH 💓 alive | WS 0s ago | phase=IN_POSITION | losses=0/2 | pos=UP@0.95×40 | up=0.96 dn=0.04 strike=2357.99 mins=6.7
2026-05-10 15:24:15-0400 | ETH 💓 alive | WS 0s ago | phase=IN_POSITION | losses=0/2 | pos=UP@0.95×40 | up=0.99 dn=0.01 strike=2357.99 mins=5.7
2026-05-10 15:25:15-0400 | ETH 💓 alive | WS 1s ago | phase=IN_POSITION | losses=0/2 | pos=UP@0.95×40 | up=1.00 dn=0.00 strike=2357.99 mins=4.7
2026-05-10 15:26:15-0400 | ETH 💓 alive | WS 1s ago | phase=IN_POSITION | losses=0/2 | pos=UP@0.95×40 | up=1.00 dn=0.00 strike=2357.99 mins=3.7
2026-05-10 15:27:16-0400 | ETH 💓 alive | WS 0s ago | phase=IN_POSITION | losses=0/2 | pos=UP@0.95×40 | up=1.00 dn=0.00 strike=2357.99 mins=2.7
2026-05-10 15:28:16-0400 | ETH 💓 alive | WS 1s ago | phase=IN_POSITION | losses=0/2 | pos=UP@0.95×40 | up=1.00 dn=0.00 strike=2357.99 mins=1.7
2026-05-10 15:29:16-0400 | ETH 💓 alive | WS 1s ago | phase=IN_POSITION | losses=0/2 | pos=UP@0.95×40 | up=1.00 dn=0.00 strike=2357.99 mins=0.7
2026-05-10 15:30:07-0400 | ETH UP held to resolution ✓ win (+$2.16) — streak reset
2026-05-10 15:30:11-0400 | ETH New session (KXETH15M-26MAY101545-45)
2026-05-10 15:30:11-0400 | ETH WS re-subscribed to KXETH15M-26MAY101545-45
2026-05-10 15:30:11-0400 | ETH WS subscribed: channel=orderbook_delta sid=110
2026-05-10 15:30:17-0400 | ETH 💓 alive | WS 0s ago | phase=WAIT_WINDOW | losses=0/2 | pos=— | up=0.57 dn=0.50 strike=2365.73 mins=14.7
2026-05-10 15:31:18-0400 | ETH 💓 alive | WS 0s ago | phase=WAIT_WINDOW | losses=0/2 | pos=— | up=0.37 dn=0.67 strike=2365.73 mins=13.7
2026-05-10 15:32:18-0400 | ETH 💓 alive | WS 0s ago | phase=WAIT_WINDOW | losses=0/2 | pos=— | up=0.34 dn=0.67 strike=2365.73 mins=12.7
2026-05-10 15:33:19-0400 | ETH 💓 alive | WS 0s ago | phase=WAIT_WINDOW | losses=0/2 | pos=— | up=0.35 dn=0.68 strike=2365.73 mins=11.7
2026-05-10 15:34:19-0400 | ETH 💓 alive | WS 0s ago | phase=WAIT_WINDOW | losses=0/2 | pos=— | up=0.26 dn=0.75 strike=2365.73 mins=10.7
2026-05-10 15:35:19-0400 | ETH 💓 alive | WS 0s ago | phase=MONITORING | losses=0/2 | pos=— | up=0.32 dn=0.69 strike=2365.73 mins=9.7
2026-05-10 15:36:19-0400 | ETH 💓 alive | WS 1s ago | phase=MONITORING | losses=0/2 | pos=— | up=0.30 dn=0.72 strike=2365.73 mins=8.7
2026-05-10 15:37:19-0400 | ETH 💓 alive | WS 0s ago | phase=MONITORING | losses=0/2 | pos=— | up=0.27 dn=0.76 strike=2365.73 mins=7.7
2026-05-10 15:38:20-0400 | ETH 💓 alive | WS 0s ago | phase=MONITORING | losses=0/2 | pos=— | up=0.18 dn=0.85 strike=2365.73 mins=6.7
2026-05-10 15:39:20-0400 | ETH 💓 alive | WS 0s ago | phase=MONITORING | losses=0/2 | pos=— | up=0.07 dn=0.95 strike=2365.73 mins=5.7
2026-05-10 15:40:20-0400 | ETH 💓 alive | WS 0s ago | phase=MONITORING | losses=0/2 | pos=— | up=0.04 dn=0.97 strike=2365.73 mins=4.7
2026-05-10 15:41:20-0400 | ETH 💓 alive | WS 0s ago | phase=MONITORING | losses=0/2 | pos=— | up=0.08 dn=0.93 strike=2365.73 mins=3.7
2026-05-10 15:42:20-0400 | ETH 💓 alive | WS 0s ago | phase=MONITORING | losses=0/2 | pos=— | up=0.05 dn=0.96 strike=2365.73 mins=2.7
2026-05-10 15:43:20-0400 | ETH 💓 alive | WS 0s ago | phase=MONITORING | losses=0/2 | pos=— | up=0.06 dn=0.94 strike=2365.73 mins=1.7
2026-05-10 15:44:21-0400 | ETH 💓 alive | WS 0s ago | phase=MONITORING | losses=0/2 | pos=— | up=0.00 dn=1.00 strike=2365.73 mins=0.6
2026-05-10 15:45:14-0400 | ETH New session (KXETH15M-26MAY101600-00)
2026-05-10 15:45:15-0400 | ETH WS re-subscribed to KXETH15M-26MAY101600-00
2026-05-10 15:45:15-0400 | ETH WS subscribed: channel=orderbook_delta sid=111
2026-05-10 15:45:21-0400 | ETH 💓 alive | WS 0s ago | phase=WAIT_WINDOW | losses=0/2 | pos=— | up=0.49 dn=0.52 strike=2364.75 mins=14.6
2026-05-10 15:46:22-0400 | ETH 💓 alive | WS 0s ago | phase=WAIT_WINDOW | losses=0/2 | pos=— | up=0.50 dn=0.52 strike=2364.75 mins=13.6
2026-05-10 15:47:22-0400 | ETH 💓 alive | WS 0s ago | phase=WAIT_WINDOW | losses=0/2 | pos=— | up=0.43 dn=0.58 strike=2364.75 mins=12.6
2026-05-10 15:48:23-0400 | ETH 💓 alive | WS 0s ago | phase=WAIT_WINDOW | losses=0/2 | pos=— | up=0.43 dn=0.60 strike=2364.75 mins=11.6
2026-05-10 15:49:23-0400 | ETH 💓 alive | WS 0s ago | phase=WAIT_WINDOW | losses=0/2 | pos=— | up=0.31 dn=0.70 strike=2364.75 mins=10.6
2026-05-10 15:50:23-0400 | ETH 💓 alive | WS 0s ago | phase=MONITORING | losses=0/2 | pos=— | up=0.26 dn=0.77 strike=2364.75 mins=9.6
2026-05-10 15:51:23-0400 | ETH 💓 alive | WS 0s ago | phase=MONITORING | losses=0/2 | pos=— | up=0.07 dn=0.94 strike=2364.75 mins=8.6
2026-05-10 15:51:28-0400 | ETH DOWN triggered @ 0.95 [WS] conviction=0.54 ss=-0.42 — placing order
2026-05-10 15:51:28-0400 | ORDER payload: {"ticker": "KXETH15M-26MAY101600-00", "action": "buy", "side": "no", "count": 40, "type": "limit", "no_price": 97, "client_order_id": "96daca2a-2497-45db-a6d9-c560a9ebaa56"}
2026-05-10 15:51:28-0400 | ORDER response: HTTP 201 | {"order":{"action":"buy","client_order_id":"96daca2a-2497-45db-a6d9-c560a9ebaa56","created_time":"2026-05-10T19:51:28.672777Z","fill_count_fp":"40.00","initial_count_fp":"40.00","last_update_time":"2026-05-10T19:51:28.672777Z","maker_fees_dollars":"0.000000","maker_fill_cost_dollars":"0.000000","no_
2026-05-10 15:51:30-0400 | ETH Position confirmed
2026-05-10 15:51:30-0400 | ETH Holding DOWN @ 0.95 (fill) — stop-loss @ 0.5
2026-05-10 15:52:23-0400 | ETH 💓 alive | WS 0s ago | phase=IN_POSITION | losses=0/2 | pos=DOWN@0.95×40 | up=0.03 dn=0.98 strike=2364.75 mins=7.6
2026-05-10 15:53:23-0400 | ETH 💓 alive | WS 0s ago | phase=IN_POSITION | losses=0/2 | pos=DOWN@0.95×40 | up=0.03 dn=0.97 strike=2364.75 mins=6.6
2026-05-10 15:54:23-0400 | ETH 💓 alive | WS 0s ago | phase=IN_POSITION | losses=0/2 | pos=DOWN@0.95×40 | up=0.01 dn=0.99 strike=2364.75 mins=5.6
2026-05-10 15:55:23-0400 | ETH 💓 alive | WS 0s ago | phase=IN_POSITION | losses=0/2 | pos=DOWN@0.95×40 | up=0.12 dn=0.89 strike=2364.75 mins=4.6
2026-05-10 15:56:24-0400 | ETH 💓 alive | WS 0s ago | phase=IN_POSITION | losses=0/2 | pos=DOWN@0.95×40 | up=0.26 dn=0.75 strike=2364.75 mins=3.6
2026-05-10 15:57:24-0400 | ETH 💓 alive | WS 0s ago | phase=IN_POSITION | losses=0/2 | pos=DOWN@0.95×40 | up=0.47 dn=0.58 strike=2364.75 mins=2.6
2026-05-10 15:57:38-0400 | ETH ⚡ stop-loss @ 0.46 (entry=0.95)
2026-05-10 15:57:38-0400 | ORDER payload: {"ticker": "KXETH15M-26MAY101600-00", "action": "sell", "side": "no", "count": 40, "type": "limit", "no_price": 1, "client_order_id": "97fe53aa-05bb-4c0d-bb10-efe8c78be66c", "reduce_only": true, "time_in_force": "immediate_or_cancel"}
2026-05-10 15:57:38-0400 | ORDER response: HTTP 201 | {"order":{"action":"sell","client_order_id":"97fe53aa-05bb-4c0d-bb10-efe8c78be66c","created_time":"2026-05-10T19:57:38.369526Z","fill_count_fp":"40.00","initial_count_fp":"40.00","last_update_time":"2026-05-10T19:57:38.369526Z","maker_fees_dollars":"0.000000","maker_fill_cost_dollars":"0.000000","no
2026-05-10 15:57:38-0400 | ETH Position closed (stop-loss)
2026-05-10 15:57:38-0400 | ETH Stop-loss PnL: $-19.77 | Consecutive losses: 1/2
2026-05-10 15:58:24-0400 | ETH 💓 alive | WS 0s ago | phase=BUY_FAILED | losses=1/2 | pos=— | up=0.79 dn=0.23 strike=2364.75 mins=1.6
2026-05-10 15:59:25-0400 | ETH 💓 alive | WS 1s ago | phase=BUY_FAILED | losses=1/2 | pos=— | up=0.99 dn=0.01 strike=2364.75 mins=0.6
2026-05-10 16:00:17-0400 | ETH New session (KXETH15M-26MAY101615-15)
2026-05-10 16:00:17-0400 | ETH WS re-subscribed to KXETH15M-26MAY101615-15
2026-05-10 16:00:17-0400 | ETH WS subscribed: channel=orderbook_delta sid=112
2026-05-10 16:00:25-0400 | ETH 💓 alive | WS 0s ago | phase=WAIT_WINDOW | losses=1/2 | pos=— | up=0.58 dn=0.51 strike=2365.8 mins=14.6
2026-05-10 16:01:26-0400 | ETH 💓 alive | WS 0s ago | phase=WAIT_WINDOW | losses=1/2 | pos=— | up=0.62 dn=0.40 strike=2365.8 mins=13.6
2026-05-10 16:02:26-0400 | ETH 💓 alive | WS 0s ago | phase=WAIT_WINDOW | losses=1/2 | pos=— | up=0.87 dn=0.15 strike=2365.8 mins=12.6
2026-05-10 16:03:26-0400 | ETH 💓 alive | WS 0s ago | phase=WAIT_WINDOW | losses=1/2 | pos=— | up=0.85 dn=0.16 strike=2365.8 mins=11.6
2026-05-10 16:04:26-0400 | ETH 💓 alive | WS 0s ago | phase=WAIT_WINDOW | losses=1/2 | pos=— | up=0.82 dn=0.19 strike=2365.8 mins=10.6
2026-05-10 16:05:26-0400 | ETH 💓 alive | WS 0s ago | phase=MONITORING | losses=1/2 | pos=— | up=0.83 dn=0.19 strike=2365.8 mins=9.6
2026-05-10 16:06:27-0400 | ETH 💓 alive | WS 1s ago | phase=MONITORING | losses=1/2 | pos=— | up=0.83 dn=0.18 strike=2365.8 mins=8.5
2026-05-10 16:07:27-0400 | ETH 💓 alive | WS 0s ago | phase=MONITORING | losses=1/2 | pos=— | up=0.77 dn=0.26 strike=2365.8 mins=7.5
2026-05-10 16:08:27-0400 | ETH 💓 alive | WS 0s ago | phase=MONITORING | losses=1/2 | pos=— | up=0.81 dn=0.21 strike=2365.8 mins=6.5
2026-05-10 16:09:27-0400 | ETH 💓 alive | WS 0s ago | phase=MONITORING | losses=1/2 | pos=— | up=0.94 dn=0.07 strike=2365.8 mins=5.5
2026-05-10 16:09:52-0400 | ETH UP triggered @ 0.96 [WS] conviction=0.52 ss=+0.48 — placing order
2026-05-10 16:09:52-0400 | ORDER payload: {"ticker": "KXETH15M-26MAY101615-15", "action": "buy", "side": "yes", "count": 40, "type": "limit", "yes_price": 98, "client_order_id": "570073bc-f874-461a-abe7-7feaa102e0cc"}
2026-05-10 16:09:52-0400 | ORDER response: HTTP 201 | {"order":{"action":"buy","client_order_id":"570073bc-f874-461a-abe7-7feaa102e0cc","created_time":"2026-05-10T20:09:52.168253Z","fill_count_fp":"40.00","initial_count_fp":"40.00","last_update_time":"2026-05-10T20:09:52.168253Z","maker_fees_dollars":"0.000000","maker_fill_cost_dollars":"0.000000","no_
2026-05-10 16:09:54-0400 | ETH Position confirmed
2026-05-10 16:09:54-0400 | ETH Fill ≠ trigger: trigger=0.96 fill=0.97 size=40/40 fees=$0.0930 (8 fills)
2026-05-10 16:09:54-0400 | ETH Holding UP @ 0.97 (fill) — stop-loss @ 0.5
2026-05-10 16:10:27-0400 | ETH 💓 alive | WS 0s ago | phase=IN_POSITION | losses=1/2 | pos=UP@0.97×40 | up=0.97 dn=0.07 strike=2365.8 mins=4.5
2026-05-10 16:11:27-0400 | ETH 💓 alive | WS 1s ago | phase=IN_POSITION | losses=1/2 | pos=UP@0.97×40 | up=0.95 dn=0.06 strike=2365.8 mins=3.5
2026-05-10 16:12:28-0400 | ETH 💓 alive | WS 0s ago | phase=IN_POSITION | losses=1/2 | pos=UP@0.97×40 | up=0.95 dn=0.08 strike=2365.8 mins=2.5
2026-05-10 16:12:40-0400 | ETH ⚡ stop-loss @ 0.39 (entry=0.97)
2026-05-10 16:12:40-0400 | ORDER payload: {"ticker": "KXETH15M-26MAY101615-15", "action": "sell", "side": "yes", "count": 40, "type": "limit", "yes_price": 1, "client_order_id": "dab6ed12-d7ec-45c8-a26d-ba7ece285788", "reduce_only": true, "time_in_force": "immediate_or_cancel"}
2026-05-10 16:12:41-0400 | ORDER response: HTTP 201 | {"order":{"action":"sell","client_order_id":"dab6ed12-d7ec-45c8-a26d-ba7ece285788","created_time":"2026-05-10T20:12:41.037553Z","fill_count_fp":"40.00","initial_count_fp":"40.00","last_update_time":"2026-05-10T20:12:41.037553Z","maker_fees_dollars":"0.000000","maker_fill_cost_dollars":"0.000000","no
2026-05-10 16:12:42-0400 | ORDER payload: {"ticker": "KXETH15M-26MAY101615-15", "action": "sell", "side": "yes", "count": 40, "type": "limit", "yes_price": 1, "client_order_id": "295a401e-076d-4ab1-b7e9-8ef91ba3770d", "reduce_only": true, "time_in_force": "immediate_or_cancel"}
2026-05-10 16:12:42-0400 | ORDER response: HTTP 201 | {"order":{"action":"sell","client_order_id":"295a401e-076d-4ab1-b7e9-8ef91ba3770d","created_time":"2026-05-10T20:12:42.191039Z","fill_count_fp":"0.00","initial_count_fp":"40.00","last_update_time":"2026-05-10T20:12:42.191039Z","maker_fees_dollars":"0.000000","maker_fill_cost_dollars":"0.000000","no_
2026-05-10 16:12:42-0400 | ETH Position closed (stop-loss)
2026-05-10 16:12:42-0400 | ETH Stop-loss PnL: $-23.09 | Consecutive losses: 2/2
2026-05-10 16:13:28-0400 | ETH 💓 alive | WS 0s ago | phase=BUY_FAILED | losses=2/2 | pos=— | up=0.01 dn=0.99 strike=2365.8 mins=1.5
2026-05-10 16:14:28-0400 | ETH 💓 alive | WS 1s ago | phase=BUY_FAILED | losses=2/2 | pos=— | up=0.00 dn=1.00 strike=2365.8 mins=0.5
2026-05-10 16:15:21-0400 | ETH ⏸ Paused — 2 consecutive losses. Sitting out this session.
2026-05-10 16:15:22-0400 | ETH WS re-subscribed to KXETH15M-26MAY101630-30
2026-05-10 16:15:22-0400 | ETH WS subscribed: channel=orderbook_delta sid=113
2026-05-10 16:15:29-0400 | ETH 💓 alive | WS 0s ago | phase=PAUSED | losses=2/2 | pos=— | up=0.43 dn=0.59 strike=2356.47 mins=14.5
2026-05-10 16:16:29-0400 | ETH 💓 alive | WS 0s ago | phase=PAUSED | losses=2/2 | pos=— | up=0.13 dn=0.88 strike=2356.47 mins=13.5
2026-05-10 16:17:29-0400 | ETH 💓 alive | WS 0s ago | phase=PAUSED | losses=2/2 | pos=— | up=0.15 dn=0.86 strike=2356.47 mins=12.5
2026-05-10 16:18:30-0400 | ETH 💓 alive | WS 0s ago | phase=PAUSED | losses=2/2 | pos=— | up=0.18 dn=0.83 strike=2356.47 mins=11.5
2026-05-10 16:19:30-0400 | ETH 💓 alive | WS 0s ago | phase=PAUSED | losses=2/2 | pos=— | up=0.22 dn=0.79 strike=2356.47 mins=10.5
2026-05-10 16:20:30-0400 | ETH 💓 alive | WS 0s ago | phase=PAUSED | losses=2/2 | pos=— | up=0.29 dn=0.74 strike=2356.47 mins=9.5
2026-05-10 16:21:31-0400 | ETH 💓 alive | WS 0s ago | phase=PAUSED | losses=2/2 | pos=— | up=0.47 dn=0.54 strike=2356.47 mins=8.5
2026-05-10 16:22:31-0400 | ETH 💓 alive | WS 0s ago | phase=PAUSED | losses=2/2 | pos=— | up=0.26 dn=0.77 strike=2356.47 mins=7.5
2026-05-10 16:23:31-0400 | ETH 💓 alive | WS 0s ago | phase=PAUSED | losses=2/2 | pos=— | up=0.09 dn=0.93 strike=2356.47 mins=6.5
2026-05-10 16:24:31-0400 | ETH 💓 alive | WS 0s ago | phase=PAUSED | losses=2/2 | pos=— | up=0.10 dn=0.92 strike=2356.47 mins=5.5
2026-05-10 16:25:31-0400 | ETH 💓 alive | WS 0s ago | phase=PAUSED | losses=2/2 | pos=— | up=0.09 dn=0.94 strike=2356.47 mins=4.5
2026-05-10 16:26:32-0400 | ETH 💓 alive | WS 0s ago | phase=PAUSED | losses=2/2 | pos=— | up=0.10 dn=0.93 strike=2356.47 mins=3.5
2026-05-10 16:27:32-0400 | ETH 💓 alive | WS 0s ago | phase=PAUSED | losses=2/2 | pos=— | up=0.05 dn=0.98 strike=2356.47 mins=2.5
2026-05-10 16:28:32-0400 | ETH 💓 alive | WS 0s ago | phase=PAUSED | losses=2/2 | pos=— | up=0.03 dn=0.98 strike=2356.47 mins=1.5
2026-05-10 16:29:34-0400 | ETH 💓 alive | WS 1s ago | phase=PAUSED | losses=2/2 | pos=— | up=0.00 dn=1.00 strike=2356.47 mins=0.4
2026-05-10 16:30:25-0400 | ETH ▶ Resuming after pause — loss streak reset
2026-05-10 16:30:25-0400 | ETH New session (KXETH15M-26MAY101645-45)
2026-05-10 16:30:25-0400 | ETH WS re-subscribed to KXETH15M-26MAY101645-45
2026-05-10 16:30:25-0400 | ETH WS subscribed: channel=orderbook_delta sid=114
2026-05-10 16:30:34-0400 | ETH 💓 alive | WS 0s ago | phase=WAIT_WINDOW | losses=0/2 | pos=— | up=0.40 dn=0.61 strike=2353.43 mins=14.4
2026-05-10 16:31:34-0400 | ETH 💓 alive | WS 0s ago | phase=WAIT_WINDOW | losses=0/2 | pos=— | up=0.26 dn=0.75 strike=2353.43 mins=13.4
2026-05-10 16:32:34-0400 | ETH 💓 alive | WS 0s ago | phase=WAIT_WINDOW | losses=0/2 | pos=— | up=0.26 dn=0.77 strike=2353.43 mins=12.4
2026-05-10 16:33:35-0400 | ETH 💓 alive | WS 0s ago | phase=WAIT_WINDOW | losses=0/2 | pos=— | up=0.07 dn=0.94 strike=2353.43 mins=11.4
2026-05-10 16:34:35-0400 | ETH 💓 alive | WS 0s ago | phase=WAIT_WINDOW | losses=0/2 | pos=— | up=0.15 dn=0.87 strike=2353.43 mins=10.4
2026-05-10 16:35:02-0400 | ETH DOWN triggered @ 0.94 [WS] conviction=0.43 ss=-0.57 — placing order
2026-05-10 16:35:02-0400 | ORDER payload: {"ticker": "KXETH15M-26MAY101645-45", "action": "buy", "side": "no", "count": 40, "type": "limit", "no_price": 96, "client_order_id": "a631c469-8bbc-463b-ba27-5857045faf3e"}
2026-05-10 16:35:02-0400 | ORDER response: HTTP 201 | {"order":{"action":"buy","client_order_id":"a631c469-8bbc-463b-ba27-5857045faf3e","created_time":"2026-05-10T20:35:02.774744Z","fill_count_fp":"40.00","initial_count_fp":"40.00","last_update_time":"2026-05-10T20:35:02.774744Z","maker_fees_dollars":"0.000000","maker_fill_cost_dollars":"0.000000","no_
2026-05-10 16:35:04-0400 | ETH Position confirmed
2026-05-10 16:35:05-0400 | ETH Holding DOWN @ 0.94 (fill) — stop-loss @ 0.5
2026-05-10 16:35:35-0400 | ETH 💓 alive | WS 0s ago | phase=IN_POSITION | losses=0/2 | pos=DOWN@0.94×40 | up=0.08 dn=0.93 strike=2353.43 mins=9.4
2026-05-10 16:36:36-0400 | ETH 💓 alive | WS 0s ago | phase=IN_POSITION | losses=0/2 | pos=DOWN@0.94×40 | up=0.02 dn=0.98 strike=2353.43 mins=8.4
2026-05-10 16:37:36-0400 | ETH 💓 alive | WS 0s ago | phase=IN_POSITION | losses=0/2 | pos=DOWN@0.94×40 | up=0.03 dn=0.97 strike=2353.43 mins=7.4
2026-05-10 16:38:37-0400 | ETH 💓 alive | WS 0s ago | phase=IN_POSITION | losses=0/2 | pos=DOWN@0.94×40 | up=0.03 dn=0.98 strike=2353.43 mins=6.4
2026-05-10 16:39:37-0400 | ETH 💓 alive | WS 0s ago | phase=IN_POSITION | losses=0/2 | pos=DOWN@0.94×40 | up=0.03 dn=0.98 strike=2353.43 mins=5.4
2026-05-10 16:40:37-0400 | ETH 💓 alive | WS 0s ago | phase=IN_POSITION | losses=0/2 | pos=DOWN@0.94×40 | up=0.01 dn=0.99 strike=2353.43 mins=4.4
2026-05-10 16:41:37-0400 | ETH 💓 alive | WS 1s ago | phase=IN_POSITION | losses=0/2 | pos=DOWN@0.94×40 | up=0.01 dn=1.00 strike=2353.43 mins=3.4
2026-05-10 16:42:38-0400 | ETH 💓 alive | WS 0s ago | phase=IN_POSITION | losses=0/2 | pos=DOWN@0.94×40 | up=0.01 dn=1.00 strike=2353.43 mins=2.4
2026-05-10 16:43:38-0400 | ETH 💓 alive | WS 0s ago | phase=IN_POSITION | losses=0/2 | pos=DOWN@0.94×40 | up=0.01 dn=1.00 strike=2353.43 mins=1.4
2026-05-10 16:44:38-0400 | ETH 💓 alive | WS 1s ago | phase=IN_POSITION | losses=0/2 | pos=DOWN@0.94×40 | up=0.00 dn=1.00 strike=2353.43 mins=0.4
2026-05-10 16:45:15-0400 | ETH DOWN held to resolution ✓ win (+$2.49) — streak reset
2026-05-10 16:45:28-0400 | ETH New session (KXETH15M-26MAY101700-00)
2026-05-10 16:45:29-0400 | ETH WS re-subscribed to KXETH15M-26MAY101700-00
2026-05-10 16:45:29-0400 | ETH WS subscribed: channel=orderbook_delta sid=115
2026-05-10 16:45:38-0400 | ETH 💓 alive | WS 0s ago | phase=WAIT_WINDOW | losses=0/2 | pos=— | up=0.19 dn=0.83 strike=2339.53 mins=14.4
2026-05-10 16:46:39-0400 | ETH 💓 alive | WS 0s ago | phase=WAIT_WINDOW | losses=0/2 | pos=— | up=0.14 dn=0.89 strike=2339.53 mins=13.3
2026-05-10 16:47:39-0400 | ETH 💓 alive | WS 0s ago | phase=WAIT_WINDOW | losses=0/2 | pos=— | up=0.15 dn=0.88 strike=2339.53 mins=12.3
2026-05-10 16:48:39-0400 | ETH 💓 alive | WS 0s ago | phase=WAIT_WINDOW | losses=0/2 | pos=— | up=0.06 dn=0.97 strike=2339.53 mins=11.3
2026-05-10 16:49:39-0400 | ETH 💓 alive | WS 0s ago | phase=WAIT_WINDOW | losses=0/2 | pos=— | up=0.01 dn=0.99 strike=2339.53 mins=10.3
2026-05-10 16:50:19-0400 | ETH DOWN triggered @ 0.98 [WS] conviction=0.67 ss=-0.99 — placing order
2026-05-10 16:50:19-0400 | ORDER payload: {"ticker": "KXETH15M-26MAY101700-00", "action": "buy", "side": "no", "count": 40, "type": "limit", "no_price": 98, "client_order_id": "4416a008-6423-4556-8d4a-bea351ea3076"}
2026-05-10 16:50:19-0400 | ORDER response: HTTP 201 | {"order":{"action":"buy","client_order_id":"4416a008-6423-4556-8d4a-bea351ea3076","created_time":"2026-05-10T20:50:19.663267Z","fill_count_fp":"0.00","initial_count_fp":"40.00","last_update_time":"2026-05-10T20:50:19.663267Z","maker_fees_dollars":"0.000000","maker_fill_cost_dollars":"0.000000","no_p
2026-05-10 16:50:22-0400 | ETH Retry 1/3
2026-05-10 16:50:23-0400 | ORDER payload: {"ticker": "KXETH15M-26MAY101700-00", "action": "buy", "side": "no", "count": 40, "type": "limit", "no_price": 98, "client_order_id": "4416a008-6423-4556-8d4a-bea351ea3076"}
2026-05-10 16:50:23-0400 | ORDER response: HTTP 409 | {"error":{"code":"order_already_exists","message":"order already exists","service":"exchange"}}
2026-05-10 16:50:23-0400 | ETH Retry 2/3
2026-05-10 16:50:24-0400 | ORDER payload: {"ticker": "KXETH15M-26MAY101700-00", "action": "buy", "side": "no", "count": 40, "type": "limit", "no_price": 98, "client_order_id": "4416a008-6423-4556-8d4a-bea351ea3076"}
2026-05-10 16:50:24-0400 | ORDER response: HTTP 409 | {"error":{"code":"order_already_exists","message":"order already exists","service":"exchange"}}
2026-05-10 16:50:24-0400 | ETH Retry 3/3
2026-05-10 16:50:26-0400 | ORDER payload: {"ticker": "KXETH15M-26MAY101700-00", "action": "buy", "side": "no", "count": 40, "type": "limit", "no_price": 98, "client_order_id": "4416a008-6423-4556-8d4a-bea351ea3076"}
2026-05-10 16:50:26-0400 | ORDER response: HTTP 409 | {"error":{"code":"order_already_exists","message":"order already exists","service":"exchange"}}
2026-05-10 16:50:26-0400 | ETH Order not filled after 4 attempts, skipping session
2026-05-10 16:50:40-0400 | ETH 💓 alive | WS 0s ago | phase=BUY_FAILED | losses=0/2 | pos=— | up=0.03 dn=0.98 strike=2339.53 mins=9.3
2026-05-10 16:51:40-0400 | ETH 💓 alive | WS 0s ago | phase=BUY_FAILED | losses=0/2 | pos=— | up=0.09 dn=0.95 strike=2339.53 mins=8.3
2026-05-10 16:52:40-0400 | ETH 💓 alive | WS 0s ago | phase=BUY_FAILED | losses=0/2 | pos=— | up=0.09 dn=0.94 strike=2339.53 mins=7.3
2026-05-10 16:53:40-0400 | ETH 💓 alive | WS 0s ago | phase=BUY_FAILED | losses=0/2 | pos=— | up=0.04 dn=0.98 strike=2339.53 mins=6.3
2026-05-10 16:54:40-0400 | ETH 💓 alive | WS 0s ago | phase=BUY_FAILED | losses=0/2 | pos=— | up=0.02 dn=0.99 strike=2339.53 mins=5.3
2026-05-10 16:55:40-0400 | ETH 💓 alive | WS 0s ago | phase=BUY_FAILED | losses=0/2 | pos=— | up=0.04 dn=0.99 strike=2339.53 mins=4.3
2026-05-10 16:56:41-0400 | ETH 💓 alive | WS 0s ago | phase=BUY_FAILED | losses=0/2 | pos=— | up=0.01 dn=1.00 strike=2339.53 mins=3.3
2026-05-10 16:57:41-0400 | ETH 💓 alive | WS 0s ago | phase=BUY_FAILED | losses=0/2 | pos=— | up=0.01 dn=1.00 strike=2339.53 mins=2.3
2026-05-10 16:58:42-0400 | ETH 💓 alive | WS 1s ago | phase=BUY_FAILED | losses=0/2 | pos=— | up=0.01 dn=1.00 strike=2339.53 mins=1.3
2026-05-10 16:59:42-0400 | ETH 💓 alive | WS 1s ago | phase=BUY_FAILED | losses=0/2 | pos=— | up=0.00 dn=1.00 strike=2339.53 mins=0.3
2026-05-10 17:00:02-0400 | ETH New session (KXETH15M-26MAY101715-15)
2026-05-10 17:00:02-0400 | ETH WS re-subscribed to KXETH15M-26MAY101715-15
2026-05-10 17:00:02-0400 | ETH WS subscribed: channel=orderbook_delta sid=116
2026-05-10 17:00:43-0400 | ETH 💓 alive | WS 0s ago | phase=WAIT_WINDOW | losses=0/2 | pos=— | up=0.53 dn=0.48 strike=2328.18 mins=14.3
2026-05-10 17:01:43-0400 | ETH 💓 alive | WS 0s ago | phase=WAIT_WINDOW | losses=0/2 | pos=— | up=0.64 dn=0.39 strike=2328.18 mins=13.3
2026-05-10 17:02:43-0400 | ETH 💓 alive | WS 0s ago | phase=WAIT_WINDOW | losses=0/2 | pos=— | up=0.70 dn=0.33 strike=2328.18 mins=12.3
2026-05-10 17:03:43-0400 | ETH 💓 alive | WS 0s ago | phase=WAIT_WINDOW | losses=0/2 | pos=— | up=0.74 dn=0.29 strike=2328.18 mins=11.3
2026-05-10 17:04:43-0400 | ETH 💓 alive | WS 0s ago | phase=WAIT_WINDOW | losses=0/2 | pos=— | up=0.63 dn=0.39 strike=2328.18 mins=10.3
2026-05-10 17:05:44-0400 | ETH 💓 alive | WS 0s ago | phase=MONITORING | losses=0/2 | pos=— | up=0.69 dn=0.32 strike=2328.18 mins=9.3
2026-05-10 17:06:44-0400 | ETH 💓 alive | WS 0s ago | phase=MONITORING | losses=0/2 | pos=— | up=0.77 dn=0.26 strike=2328.18 mins=8.3
2026-05-10 17:07:44-0400 | ETH 💓 alive | WS 0s ago | phase=MONITORING | losses=0/2 | pos=— | up=0.89 dn=0.14 strike=2328.18 mins=7.3
2026-05-10 17:08:45-0400 | ETH 💓 alive | WS 0s ago | phase=MONITORING | losses=0/2 | pos=— | up=0.93 dn=0.10 strike=2328.18 mins=6.2
2026-05-10 17:09:45-0400 | ETH 💓 alive | WS 0s ago | phase=MONITORING | losses=0/2 | pos=— | up=0.92 dn=0.12 strike=2328.18 mins=5.2
2026-05-10 17:10:46-0400 | ETH 💓 alive | WS 0s ago | phase=MONITORING | losses=0/2 | pos=— | up=0.92 dn=0.12 strike=2328.18 mins=4.2
2026-05-10 17:11:46-0400 | ETH 💓 alive | WS 0s ago | phase=MONITORING | losses=0/2 | pos=— | up=0.66 dn=0.37 strike=2328.18 mins=3.2
2026-05-10 17:12:30-0400 | ETH DOWN triggered @ 0.74 [WS] conviction=0.45 ss=-0.64 — placing order
2026-05-10 17:12:30-0400 | ORDER payload: {"ticker": "KXETH15M-26MAY101715-15", "action": "buy", "side": "no", "count": 40, "type": "limit", "no_price": 76, "client_order_id": "c478bf19-82f6-41d3-8a58-c4f161278868"}
2026-05-10 17:12:30-0400 | ORDER response: HTTP 201 | {"order":{"action":"buy","client_order_id":"c478bf19-82f6-41d3-8a58-c4f161278868","created_time":"2026-05-10T21:12:30.504295Z","fill_count_fp":"40.00","initial_count_fp":"40.00","last_update_time":"2026-05-10T21:12:30.504295Z","maker_fees_dollars":"0.000000","maker_fill_cost_dollars":"0.000000","no_
2026-05-10 17:12:32-0400 | ETH Position confirmed
2026-05-10 17:12:32-0400 | ETH Fill ≠ trigger: trigger=0.74 fill=0.75 size=40/40 fees=$0.5300 (1 fills)
2026-05-10 17:12:32-0400 | ETH Holding DOWN @ 0.75 (fill) — stop-loss @ 0.5
2026-05-10 17:12:46-0400 | ETH 💓 alive | WS 0s ago | phase=IN_POSITION | losses=0/2 | pos=DOWN@0.75×40 | up=0.13 dn=0.90 strike=2328.18 mins=2.2
2026-05-10 17:13:46-0400 | ETH 💓 alive | WS 0s ago | phase=IN_POSITION | losses=0/2 | pos=DOWN@0.75×40 | up=0.24 dn=0.77 strike=2328.18 mins=1.2
2026-05-10 17:13:48-0400 | ETH ⚡ stop-loss @ 0.45 (entry=0.75)
2026-05-10 17:13:48-0400 | ORDER payload: {"ticker": "KXETH15M-26MAY101715-15", "action": "sell", "side": "no", "count": 40, "type": "limit", "no_price": 1, "client_order_id": "334bf909-ab7b-44db-86e6-35d0cc0eea68", "reduce_only": true, "time_in_force": "immediate_or_cancel"}
2026-05-10 17:13:48-0400 | ORDER response: HTTP 201 | {"order":{"action":"sell","client_order_id":"334bf909-ab7b-44db-86e6-35d0cc0eea68","created_time":"2026-05-10T21:13:48.402451Z","fill_count_fp":"40.00","initial_count_fp":"40.00","last_update_time":"2026-05-10T21:13:48.402451Z","maker_fees_dollars":"0.000000","maker_fill_cost_dollars":"0.000000","no
2026-05-10 17:13:48-0400 | ETH Position closed (stop-loss)
2026-05-10 17:13:48-0400 | ETH Stop-loss PnL: $-12.0 | Consecutive losses: 1/2
2026-05-10 17:14:47-0400 | ETH 💓 alive | WS 0s ago | phase=BUY_FAILED | losses=1/2 | pos=— | up=0.01 dn=0.99 strike=2328.18 mins=0.2
2026-05-10 17:15:05-0400 | ETH New session (KXETH15M-26MAY101730-30)
2026-05-10 17:15:06-0400 | ETH WS re-subscribed to KXETH15M-26MAY101730-30
2026-05-10 17:15:06-0400 | ETH WS subscribed: channel=orderbook_delta sid=117
2026-05-10 17:15:47-0400 | ETH 💓 alive | WS 0s ago | phase=WAIT_WINDOW | losses=1/2 | pos=— | up=0.48 dn=0.53 strike=2326.89 mins=14.2
2026-05-10 17:16:47-0400 | ETH 💓 alive | WS 0s ago | phase=WAIT_WINDOW | losses=1/2 | pos=— | up=0.48 dn=0.56 strike=2326.89 mins=13.2
2026-05-10 17:17:47-0400 | ETH 💓 alive | WS 0s ago | phase=WAIT_WINDOW | losses=1/2 | pos=— | up=0.61 dn=0.40 strike=2326.89 mins=12.2
2026-05-10 17:18:48-0400 | ETH 💓 alive | WS 0s ago | phase=WAIT_WINDOW | losses=1/2 | pos=— | up=0.73 dn=0.28 strike=2326.89 mins=11.2
2026-05-10 17:19:48-0400 | ETH 💓 alive | WS 0s ago | phase=WAIT_WINDOW | losses=1/2 | pos=— | up=0.87 dn=0.14 strike=2326.89 mins=10.2
2026-05-10 17:20:48-0400 | ETH 💓 alive | WS 0s ago | phase=MONITORING | losses=1/2 | pos=— | up=0.85 dn=0.18 strike=2326.89 mins=9.2
2026-05-10 17:21:48-0400 | ETH 💓 alive | WS 1s ago | phase=MONITORING | losses=1/2 | pos=— | up=0.81 dn=0.20 strike=2326.89 mins=8.2
2026-05-10 17:22:48-0400 | ETH 💓 alive | WS 0s ago | phase=MONITORING | losses=1/2 | pos=— | up=0.71 dn=0.33 strike=2326.89 mins=7.2
2026-05-10 17:23:48-0400 | ETH 💓 alive | WS 0s ago | phase=MONITORING | losses=1/2 | pos=— | up=0.94 dn=0.07 strike=2326.89 mins=6.2
2026-05-10 17:24:49-0400 | ETH 💓 alive | WS 0s ago | phase=MONITORING | losses=1/2 | pos=— | up=0.94 dn=0.07 strike=2326.89 mins=5.2
2026-05-10 17:25:49-0400 | ETH 💓 alive | WS 0s ago | phase=MONITORING | losses=1/2 | pos=— | up=0.95 dn=0.06 strike=2326.89 mins=4.2
2026-05-10 17:26:49-0400 | ETH 💓 alive | WS 0s ago | phase=MONITORING | losses=1/2 | pos=— | up=0.96 dn=0.04 strike=2326.89 mins=3.2
2026-05-10 17:27:49-0400 | ETH 💓 alive | WS 1s ago | phase=MONITORING | losses=1/2 | pos=— | up=0.99 dn=0.01 strike=2326.89 mins=2.2
2026-05-10 17:28:50-0400 | ETH 💓 alive | WS 0s ago | phase=MONITORING | losses=1/2 | pos=— | up=1.00 dn=0.00 strike=2326.89 mins=1.2
2026-05-10 17:29:51-0400 | ETH 💓 alive | WS 1s ago | phase=MONITORING | losses=1/2 | pos=— | up=1.00 dn=0.00 strike=2326.89 mins=0.1
2026-05-10 17:30:09-0400 | ETH New session (KXETH15M-26MAY101745-45)
2026-05-10 17:30:09-0400 | ETH WS re-subscribed to KXETH15M-26MAY101745-45
2026-05-10 17:30:09-0400 | ETH WS subscribed: channel=orderbook_delta sid=118
2026-05-10 17:30:51-0400 | ETH 💓 alive | WS 0s ago | phase=WAIT_WINDOW | losses=1/2 | pos=— | up=0.54 dn=0.47 strike=2334.23 mins=14.1
2026-05-10 17:31:52-0400 | ETH 💓 alive | WS 0s ago | phase=WAIT_WINDOW | losses=1/2 | pos=— | up=0.46 dn=0.55 strike=2334.23 mins=13.1
2026-05-10 17:32:52-0400 | ETH 💓 alive | WS 0s ago | phase=WAIT_WINDOW | losses=1/2 | pos=— | up=0.60 dn=0.42 strike=2334.23 mins=12.1
2026-05-10 17:33:52-0400 | ETH 💓 alive | WS 0s ago | phase=WAIT_WINDOW | losses=1/2 | pos=— | up=0.67 dn=0.34 strike=2334.23 mins=11.1
2026-05-10 17:34:52-0400 | ETH 💓 alive | WS 0s ago | phase=WAIT_WINDOW | losses=1/2 | pos=— | up=0.61 dn=0.43 strike=2334.23 mins=10.1
2026-05-10 17:35:53-0400 | ETH 💓 alive | WS 0s ago | phase=MONITORING | losses=1/2 | pos=— | up=0.65 dn=0.37 strike=2334.23 mins=9.1
2026-05-10 17:36:53-0400 | ETH 💓 alive | WS 0s ago | phase=MONITORING | losses=1/2 | pos=— | up=0.71 dn=0.33 strike=2334.23 mins=8.1
2026-05-10 17:37:53-0400 | ETH 💓 alive | WS 0s ago | phase=MONITORING | losses=1/2 | pos=— | up=0.74 dn=0.30 strike=2334.23 mins=7.1
2026-05-10 17:38:53-0400 | ETH 💓 alive | WS 0s ago | phase=MONITORING | losses=1/2 | pos=— | up=0.63 dn=0.38 strike=2334.23 mins=6.1
2026-05-10 17:39:33-0400 | ETH DOWN triggered @ 0.88 [WS] conviction=0.51 ss=-0.51 — placing order
2026-05-10 17:39:33-0400 | ORDER payload: {"ticker": "KXETH15M-26MAY101745-45", "action": "buy", "side": "no", "count": 40, "type": "limit", "no_price": 90, "client_order_id": "ef0ceee2-87f8-46aa-aa9d-3a635b0c1e80"}
2026-05-10 17:39:33-0400 | ORDER response: HTTP 201 | {"order":{"action":"buy","client_order_id":"ef0ceee2-87f8-46aa-aa9d-3a635b0c1e80","created_time":"2026-05-10T21:39:33.887284Z","fill_count_fp":"40.00","initial_count_fp":"40.00","last_update_time":"2026-05-10T21:39:33.887284Z","maker_fees_dollars":"0.000000","maker_fill_cost_dollars":"0.000000","no_
2026-05-10 17:39:36-0400 | ETH Position confirmed
2026-05-10 17:39:36-0400 | ETH Fill ≠ trigger: trigger=0.88 fill=0.89 size=40/40 fees=$0.2900 (3 fills)
2026-05-10 17:39:36-0400 | ETH Holding DOWN @ 0.89 (fill) — stop-loss @ 0.5
2026-05-10 17:39:54-0400 | ETH 💓 alive | WS 0s ago | phase=IN_POSITION | losses=1/2 | pos=DOWN@0.89×40 | up=0.13 dn=0.88 strike=2334.23 mins=5.1
2026-05-10 17:40:54-0400 | ETH 💓 alive | WS 0s ago | phase=IN_POSITION | losses=1/2 | pos=DOWN@0.89×40 | up=0.09 dn=0.92 strike=2334.23 mins=4.1
2026-05-10 17:41:54-0400 | ETH 💓 alive | WS 0s ago | phase=IN_POSITION | losses=1/2 | pos=DOWN@0.89×40 | up=0.10 dn=0.93 strike=2334.23 mins=3.1
2026-05-10 17:42:29-0400 | ETH ⚡ stop-loss @ 0.49 (entry=0.89)
2026-05-10 17:42:29-0400 | ORDER payload: {"ticker": "KXETH15M-26MAY101745-45", "action": "sell", "side": "no", "count": 40, "type": "limit", "no_price": 1, "client_order_id": "96e494e1-00a9-4bff-bfe4-4651133de90e", "reduce_only": true, "time_in_force": "immediate_or_cancel"}
2026-05-10 17:42:29-0400 | ORDER response: HTTP 201 | {"order":{"action":"sell","client_order_id":"96e494e1-00a9-4bff-bfe4-4651133de90e","created_time":"2026-05-10T21:42:29.780734Z","fill_count_fp":"40.00","initial_count_fp":"40.00","last_update_time":"2026-05-10T21:42:29.780734Z","maker_fees_dollars":"0.000000","maker_fill_cost_dollars":"0.000000","no
2026-05-10 17:42:30-0400 | ORDER payload: {"ticker": "KXETH15M-26MAY101745-45", "action": "sell", "side": "no", "count": 40, "type": "limit", "no_price": 1, "client_order_id": "6e4e0f34-bbbc-4ab3-ad47-41ba3d91732d", "reduce_only": true, "time_in_force": "immediate_or_cancel"}
2026-05-10 17:42:30-0400 | ORDER response: HTTP 201 | {"order":{"action":"sell","client_order_id":"6e4e0f34-bbbc-4ab3-ad47-41ba3d91732d","created_time":"2026-05-10T21:42:30.951666Z","fill_count_fp":"0.00","initial_count_fp":"40.00","last_update_time":"2026-05-10T21:42:30.951666Z","maker_fees_dollars":"0.000000","maker_fill_cost_dollars":"0.000000","no_
2026-05-10 17:42:31-0400 | ETH Position closed (stop-loss)
2026-05-10 17:42:31-0400 | ETH Stop-loss PnL: $-15.85 | Consecutive losses: 2/2
2026-05-10 17:42:54-0400 | ETH 💓 alive | WS 0s ago | phase=BUY_FAILED | losses=2/2 | pos=— | up=0.28 dn=0.75 strike=2334.23 mins=2.1
2026-05-10 17:43:54-0400 | ETH 💓 alive | WS 0s ago | phase=BUY_FAILED | losses=2/2 | pos=— | up=0.49 dn=0.53 strike=2334.23 mins=1.1
2026-05-10 17:44:56-0400 | ETH 💓 alive | WS 1s ago | phase=BUY_FAILED | losses=2/2 | pos=— | up=0.10 dn=0.93 strike=2334.23 mins=0.1
2026-05-10 17:45:13-0400 | ETH ⏸ Paused — 2 consecutive losses. Sitting out this session.
2026-05-10 17:45:13-0400 | ETH WS re-subscribed to KXETH15M-26MAY101800-00
2026-05-10 17:45:13-0400 | ETH WS subscribed: channel=orderbook_delta sid=119
2026-05-10 17:45:56-0400 | ETH 💓 alive | WS 0s ago | phase=PAUSED | losses=2/2 | pos=— | up=0.61 dn=0.40 strike=2334.11 mins=14.1
2026-05-10 17:46:56-0400 | ETH 💓 alive | WS 0s ago | phase=PAUSED | losses=2/2 | pos=— | up=0.63 dn=0.38 strike=2334.11 mins=13.1
2026-05-10 17:47:56-0400 | ETH 💓 alive | WS 0s ago | phase=PAUSED | losses=2/2 | pos=— | up=0.63 dn=0.38 strike=2334.11 mins=12.1
2026-05-10 17:48:57-0400 | ETH 💓 alive | WS 0s ago | phase=PAUSED | losses=2/2 | pos=— | up=0.62 dn=0.39 strike=2334.11 mins=11.0
2026-05-10 17:49:57-0400 | ETH 💓 alive | WS 1s ago | phase=PAUSED | losses=2/2 | pos=— | up=0.61 dn=0.42 strike=2334.11 mins=10.0
2026-05-10 17:50:57-0400 | ETH 💓 alive | WS 0s ago | phase=PAUSED | losses=2/2 | pos=— | up=0.67 dn=0.34 strike=2334.11 mins=9.0
2026-05-10 17:51:57-0400 | ETH 💓 alive | WS 0s ago | phase=PAUSED | losses=2/2 | pos=— | up=0.69 dn=0.32 strike=2334.11 mins=8.0
2026-05-10 17:52:57-0400 | ETH 💓 alive | WS 0s ago | phase=PAUSED | losses=2/2 | pos=— | up=0.58 dn=0.44 strike=2334.11 mins=7.0
2026-05-10 17:53:57-0400 | ETH 💓 alive | WS 0s ago | phase=PAUSED | losses=2/2 | pos=— | up=0.21 dn=0.80 strike=2334.11 mins=6.0
2026-05-10 17:54:57-0400 | ETH 💓 alive | WS 0s ago | phase=PAUSED | losses=2/2 | pos=— | up=0.16 dn=0.85 strike=2334.11 mins=5.0
2026-05-10 17:55:58-0400 | ETH 💓 alive | WS 0s ago | phase=PAUSED | losses=2/2 | pos=— | up=0.15 dn=0.88 strike=2334.11 mins=4.0
2026-05-10 17:56:58-0400 | ETH 💓 alive | WS 0s ago | phase=PAUSED | losses=2/2 | pos=— | up=0.09 dn=0.93 strike=2334.11 mins=3.0
2026-05-10 17:57:58-0400 | ETH 💓 alive | WS 0s ago | phase=PAUSED | losses=2/2 | pos=— | up=0.06 dn=0.97 strike=2334.11 mins=2.0
2026-05-10 17:58:59-0400 | ETH 💓 alive | WS 1s ago | phase=PAUSED | losses=2/2 | pos=— | up=0.01 dn=1.00 strike=2334.11 mins=1.0
2026-05-10 18:00:00-0400 | ETH 💓 alive | WS 0s ago | phase=PAUSED | losses=2/2 | pos=— | up=0.00 dn=1.00 strike=2334.11 mins=-0.0
2026-05-10 18:00:16-0400 | ETH ▶ Resuming after pause — loss streak reset
2026-05-10 18:00:16-0400 | ETH New session (KXETH15M-26MAY101815-15)
2026-05-10 18:00:17-0400 | ETH WS re-subscribed to KXETH15M-26MAY101815-15
2026-05-10 18:00:17-0400 | ETH WS subscribed: channel=orderbook_delta sid=120
2026-05-10 18:01:00-0400 | ETH 💓 alive | WS 0s ago | phase=WAIT_WINDOW | losses=0/2 | pos=— | up=0.57 dn=0.44 strike=2331.14 mins=14.0
2026-05-10 18:02:00-0400 | ETH 💓 alive | WS 0s ago | phase=WAIT_WINDOW | losses=0/2 | pos=— | up=0.80 dn=0.21 strike=2331.14 mins=13.0
2026-05-10 18:03:00-0400 | ETH 💓 alive | WS 0s ago | phase=WAIT_WINDOW | losses=0/2 | pos=— | up=0.88 dn=0.13 strike=2331.14 mins=12.0
2026-05-10 18:04:01-0400 | ETH 💓 alive | WS 0s ago | phase=WAIT_WINDOW | losses=0/2 | pos=— | up=0.87 dn=0.14 strike=2331.14 mins=11.0
2026-05-10 18:05:00-0400 | ETH UP triggered @ 0.85 [WS] conviction=0.43 ss=+0.58 — placing order
2026-05-10 18:05:00-0400 | ORDER payload: {"ticker": "KXETH15M-26MAY101815-15", "action": "buy", "side": "yes", "count": 40, "type": "limit", "yes_price": 87, "client_order_id": "35a92b91-7ac5-4d47-b291-b7b37439a693"}
2026-05-10 18:05:00-0400 | ORDER response: HTTP 201 | {"order":{"action":"buy","client_order_id":"35a92b91-7ac5-4d47-b291-b7b37439a693","created_time":"2026-05-10T22:05:00.310873Z","fill_count_fp":"40.00","initial_count_fp":"40.00","last_update_time":"2026-05-10T22:05:00.310873Z","maker_fees_dollars":"0.000000","maker_fill_cost_dollars":"0.000000","no_
2026-05-10 18:05:02-0400 | ETH Position confirmed
2026-05-10 18:05:02-0400 | ETH Fill ≠ trigger: trigger=0.85 fill=0.86 size=40/40 fees=$0.3400 (4 fills)
2026-05-10 18:05:02-0400 | ETH Holding UP @ 0.86 (fill) — stop-loss @ 0.5
2026-05-10 18:05:03-0400 | ETH 💓 alive | WS 0s ago | phase=IN_POSITION | losses=0/2 | pos=UP@0.86×40 | up=0.85 dn=0.18 strike=2331.14 mins=9.9
2026-05-10 18:06:03-0400 | ETH 💓 alive | WS 0s ago | phase=IN_POSITION | losses=0/2 | pos=UP@0.86×40 | up=0.90 dn=0.10 strike=2331.14 mins=8.9
2026-05-10 18:07:03-0400 | ETH 💓 alive | WS 0s ago | phase=IN_POSITION | losses=0/2 | pos=UP@0.86×40 | up=0.93 dn=0.07 strike=2331.14 mins=7.9
2026-05-10 18:08:03-0400 | ETH 💓 alive | WS 0s ago | phase=IN_POSITION | losses=0/2 | pos=UP@0.86×40 | up=0.97 dn=0.05 strike=2331.14 mins=6.9
2026-05-10 18:09:03-0400 | ETH 💓 alive | WS 0s ago | phase=IN_POSITION | losses=0/2 | pos=UP@0.86×40 | up=0.97 dn=0.04 strike=2331.14 mins=5.9
2026-05-10 18:10:04-0400 | ETH 💓 alive | WS 0s ago | phase=IN_POSITION | losses=0/2 | pos=UP@0.86×40 | up=0.99 dn=0.01 strike=2331.14 mins=4.9
2026-05-10 18:11:04-0400 | ETH 💓 alive | WS 1s ago | phase=IN_POSITION | losses=0/2 | pos=UP@0.86×40 | up=1.00 dn=0.00 strike=2331.14 mins=3.9
2026-05-10 18:12:05-0400 | ETH 💓 alive | WS 0s ago | phase=IN_POSITION | losses=0/2 | pos=UP@0.86×40 | up=1.00 dn=0.00 strike=2331.14 mins=2.9
2026-05-10 18:13:05-0400 | ETH 💓 alive | WS 0s ago | phase=IN_POSITION | losses=0/2 | pos=UP@0.86×40 | up=1.00 dn=0.00 strike=2331.14 mins=1.9
2026-05-10 18:14:05-0400 | ETH 💓 alive | WS 0s ago | phase=IN_POSITION | losses=0/2 | pos=UP@0.86×40 | up=1.00 dn=0.00 strike=2331.14 mins=0.9
2026-05-10 18:15:06-0400 | ETH 💓 alive | WS 5s ago | phase=IN_POSITION | losses=0/2 | pos=UP@0.86×40 | up=1.00 dn=0.00 strike=2331.14 mins=-0.1
2026-05-10 18:15:15-0400 | ETH UP held to resolution ✓ win (+$5.64) — streak reset
2026-05-10 18:15:20-0400 | ETH New session (KXETH15M-26MAY101830-30)
2026-05-10 18:15:21-0400 | ETH WS re-subscribed to KXETH15M-26MAY101830-30
2026-05-10 18:15:21-0400 | ETH WS subscribed: channel=orderbook_delta sid=121
2026-05-10 18:16:07-0400 | ETH 💓 alive | WS 0s ago | phase=WAIT_WINDOW | losses=0/2 | pos=— | up=0.51 dn=0.53 strike=2342.59 mins=13.9
2026-05-10 18:17:07-0400 | ETH 💓 alive | WS 0s ago | phase=WAIT_WINDOW | losses=0/2 | pos=— | up=0.31 dn=0.70 strike=2342.59 mins=12.9
2026-05-10 18:18:07-0400 | ETH 💓 alive | WS 0s ago | phase=WAIT_WINDOW | losses=0/2 | pos=— | up=0.84 dn=0.17 strike=2342.59 mins=11.9
2026-05-10 18:19:07-0400 | ETH 💓 alive | WS 0s ago | phase=WAIT_WINDOW | losses=0/2 | pos=— | up=0.85 dn=0.16 strike=2342.59 mins=10.9
2026-05-10 18:20:08-0400 | ETH 💓 alive | WS 0s ago | phase=MONITORING | losses=0/2 | pos=— | up=0.91 dn=0.10 strike=2342.59 mins=9.9
2026-05-10 18:20:11-0400 | ETH UP triggered @ 0.89 [WS] conviction=0.56 ss=+0.70 — placing order
2026-05-10 18:20:11-0400 | ORDER payload: {"ticker": "KXETH15M-26MAY101830-30", "action": "buy", "side": "yes", "count": 40, "type": "limit", "yes_price": 91, "client_order_id": "3ae69c87-f0c1-48fd-8eb0-e96bcf3ed610"}
2026-05-10 18:20:11-0400 | ORDER response: HTTP 201 | {"order":{"action":"buy","client_order_id":"3ae69c87-f0c1-48fd-8eb0-e96bcf3ed610","created_time":"2026-05-10T22:20:11.337508Z","fill_count_fp":"40.00","initial_count_fp":"40.00","last_update_time":"2026-05-10T22:20:11.337508Z","maker_fees_dollars":"0.000000","maker_fill_cost_dollars":"0.000000","no_
2026-05-10 18:20:13-0400 | ETH Position confirmed
2026-05-10 18:20:13-0400 | ETH Fill ≠ trigger: trigger=0.89 fill=0.90 size=40/40 fees=$0.2600 (1 fills)
2026-05-10 18:20:13-0400 | ETH Holding UP @ 0.90 (fill) — stop-loss @ 0.5
2026-05-10 18:21:08-0400 | ETH 💓 alive | WS 0s ago | phase=IN_POSITION | losses=0/2 | pos=UP@0.90×40 | up=0.92 dn=0.10 strike=2342.59 mins=8.9
2026-05-10 18:22:09-0400 | ETH 💓 alive | WS 0s ago | phase=IN_POSITION | losses=0/2 | pos=UP@0.90×40 | up=0.90 dn=0.10 strike=2342.59 mins=7.8
2026-05-10 18:23:09-0400 | ETH 💓 alive | WS 0s ago | phase=IN_POSITION | losses=0/2 | pos=UP@0.90×40 | up=0.92 dn=0.09 strike=2342.59 mins=6.8
2026-05-10 18:24:09-0400 | ETH 💓 alive | WS 0s ago | phase=IN_POSITION | losses=0/2 | pos=UP@0.90×40 | up=0.95 dn=0.06 strike=2342.59 mins=5.8
2026-05-10 18:25:09-0400 | ETH 💓 alive | WS 0s ago | phase=IN_POSITION | losses=0/2 | pos=UP@0.90×40 | up=0.98 dn=0.02 strike=2342.59 mins=4.8
2026-05-10 18:26:10-0400 | ETH 💓 alive | WS 0s ago | phase=IN_POSITION | losses=0/2 | pos=UP@0.90×40 | up=0.98 dn=0.03 strike=2342.59 mins=3.8
